,Season,Player,Team,Pos,G,MP,GS,FG,FGA,FG%,3P,3PA,3P%,2P,2PA,2P%,FT,FTA,FT%,ORB,TRB,AST,STL,BLK,TOV,PF,PTS
0,1997,Anita Maxwell,CLE,F,9,63,0,8,25,0.32,0,0,,8,25,0.32,3,8,0.375,2,12,8,4,0,6,5,19
1,1997,Tammi Reiss,UTA,G,28,831,26,72,231,0.312,30,101,0.297,42,130,0.323,42,55,0.764,29,77,87,23,2,61,57,216
2,1997,Catarina Pollini,HOU,F,13,94,0,8,22,0.364,0,0,,8,22,0.364,6,12,0.5,3,12,5,4,1,8,21,22
3,1997,Bridget Pettis,PHO,G,28,842,28,107,320,0.334,41,134,0.306,66,186,0.355,97,108,0.898,36,107,78,49,11,82,57,352
4,1997,Kim Perrot,HOU,G,28,692,24,59,162,0.364,28,99,0.283,31,63,0.492,15,37,0.405,18,75,88,69,2,65,53,161
5,1997,Jasmina Perazic-Gipe,NYL,G-F,9,47,0,5,13,0.385,0,3,0.0,5,10,0.5,0,0,,2,11,4,3,0,7,1,10
6,1997,Wendy Palmer,UTA,F,28,936,28,157,420,0.374,12,48,0.25,145,372,0.39,117,173,0.676,76,225,48,47,6,71,86,443
7,1997,Tina Nicholson,CLE,G,24,273,14,18,44,0.409,9,24,0.375,9,20,0.45,3,5,0.6,2,10,42,11,1,28,28,48
8,1997,Eva Nemcova,CLE,F,28,944,28,138,292,0.473,37,85,0.435,101,207,0.488,71,83,0.855,23,110,67,39,8,78,53,384
9,1997,Judy Mosley-McAfee,SAC,F,13,265,9,22,50,0.44,0,0,,22,50,0.44,11,11,1.0,24,47,10,8,2,24,30,55
10,1997,Yolanda Moore,HOU,F-C,13,93,0,5,20,0.25,0,0,,5,20,0.25,6,12,0.5,6,13,1,1,0,7,9,16
11,1997,Penny Moore,CHA,F,28,539,9,57,159,0.358,5,25,0.2,52,134,0.388,16,31,0.516,15,72,28,16,11,44,35,135
12,1997,Pamela McGee,SAC,F-C,27,691,23,102,222,0.459,2,7,0.286,100,215,0.465,79,112,0.705,54,120,20,27,14,73,113,285
13,1997,Laure Savasta,SAC,G,14,157,0,11,45,0.244,4,20,0.2,7,25,0.28,7,9,0.778,1,6,12,4,1,21,14,33
14,1997,Rhonda Mapp,CHA,C,28,710,23,120,244,0.492,4,8,0.5,116,236,0.492,82,106,0.774,53,154,64,21,12,68,104,326
15,1997,Sharon Manning,CHA,F-C,28,438,5,58,125,0.464,0,0,,58,125,0.464,21,50,0.42,42,98,13,25,5,29,31,137
16,1997,Mwadi Mabika,LAS,G,21,325,1,53,136,0.39,7,38,0.184,46,98,0.469,13,24,0.542,22,54,22,23,6,27,48,126
17,1997,Rebecca Lobo,NYL,C,28,939,28,133,354,0.376,18,63,0.286,115,291,0.395,64,105,0.61,62,203,53,26,51,88,73,348
18,1997,Nancy Lieberman,PHO,G,25,279,0,25,77,0.325,6,26,0.231,19,51,0.373,8,10,0.8,6,32,40,14,2,39,34,64
19,1997,Nicole Levesque,CHA,G,27,622,21,36,98,0.367,23,66,0.348,13,32,0.406,14,15,0.933,5,47,75,21,3,71,47,109
20,1997,Lisa Leslie,LAS,C,28,902,28,160,371,0.431,12,46,0.261,148,325,0.455,113,189,0.598,63,266,74,39,59,109,99,445
21,1997,Greta Koss,UTA,F,13,268,10,15,29,0.517,2,3,0.667,13,26,0.5,12,16,0.75,12,37,10,9,4,18,15,44
22,1997,Merlakia Jones,CLE,G,28,589,1,92,229,0.402,5,12,0.417,87,217,0.401,40,56,0.714,30,80,25,23,3,54,55,229
23,1997,Vickie Johnson,NYL,G-F,26,789,25,109,270,0.404,4,21,0.19,105,249,0.422,27,35,0.771,46,110,66,19,4,49,52,249
24,1997,Adrienne Johnson,CLE,G,25,194,0,22,58,0.379,2,4,0.5,20,54,0.37,7,9,0.778,8,22,9,5,1,27,13,53
25,1997,Milica Vukadinovic,CHA,G,1,14,0,1,1,1.0,1,1,1.0,0,0,,0,0,,0,1,1,1,0,3,0,3
26,1997,Haixia Zheng,LAS,C,28,557,21,110,178,0.618,0,0,,110,178,0.618,39,59,0.661,32,123,17,11,20,46,77,259
27,1997,Corissa Yasen,SAC,G,19,188,0,23,57,0.404,0,1,0.0,23,56,0.411,6,12,0.5,12,20,6,18,2,16,17,52
28,1997,Tiffany Woosley,HOU,G,26,397,4,29,88,0.33,16,50,0.32,13,38,0.342,2,8,0.25,8,28,29,18,1,30,19,76
29,1997,Lynette Woodard,CLE,G,28,712,27,87,217,0.401,0,7,0.0,87,210,0.414,43,64,0.672,37,115,67,45,10,69,44,217
30,1997,Sophia Witherspoon,NYL,G,28,867,28,140,345,0.406,44,126,0.349,96,219,0.438,83,111,0.748,30,84,64,49,7,77,62,407
31,1997,Tara Williams,PHO,G,12,84,0,16,39,0.41,5,11,0.455,11,28,0.393,0,0,,1,8,3,3,0,4,9,37
32,1997,Kim Williams,UTA,G,28,608,10,88,229,0.384,9,34,0.265,79,195,0.405,41,53,0.774,34,81,60,38,7,57,83,226
33,1997,Debra Williams,CHA,G,10,116,2,11,43,0.256,4,18,0.222,7,25,0.28,1,2,0.5,3,13,9,2,0,6,9,27
34,1997,Jamila Wideman,LAS,G,28,633,14,25,106,0.236,7,36,0.194,18,70,0.257,27,34,0.794,16,57,103,24,1,51,44,84
35,1997,Sue Wicks,NYL,F,28,332,0,38,107,0.355,2,7,0.286,36,100,0.36,22,33,0.667,36,94,29,17,18,46,52,100
36,1997,Umeki Webb,PHO,G-F,28,775,17,47,158,0.297,1,15,0.067,46,143,0.322,46,67,0.687,42,117,68,68,8,55,92,141
37,1997,Teresa Weatherspoon,NYL,G,28,924,28,64,137,0.467,3,35,0.086,61,102,0.598,65,100,0.65,25,116,173,85,2,94,72,196
38,1997,Tia Jackson,PHO,F,26,320,6,25,73,0.342,3,8,0.375,22,65,0.338,21,25,0.84,26,57,26,23,8,37,31,74
39,1997,Danielle Viglione,SAC,G,7,30,0,3,11,0.273,1,4,0.25,2,7,0.286,0,0,,1,4,1,1,0,0,5,7
40,1997,Molly Tuter,PHO,G,3,3,0,0,2,0.0,0,0,,0,2,0.0,0,0,,0,0,0,0,0,0,0,0
41,1997,Trena Trice,NYL,F-C,28,340,0,51,92,0.554,2,8,0.25,49,84,0.583,30,45,0.667,32,68,2,9,9,40,65,134
42,1997,Chantel Tremitiere,SAC,G,28,1051,28,69,196,0.352,7,37,0.189,62,159,0.39,67,90,0.744,25,114,135,54,1,122,80,212
43,1997,Penny Toler,LAS,G,28,907,28,144,338,0.426,7,38,0.184,137,300,0.457,73,87,0.839,25,94,143,36,3,107,66,368
44,1997,Michele Timms,PHO,G,27,966,27,99,295,0.336,49,142,0.345,50,153,0.327,79,104,0.76,23,99,135,71,3,80,95,326
45,1997,Tina Thompson,HOU,F,28,885,28,133,318,0.418,37,100,0.37,96,218,0.44,67,80,0.838,67,184,32,21,28,62,107,370
46,1997,Sheryl Swoopes,HOU,F-G,9,129,0,25,53,0.472,4,16,0.25,21,37,0.568,10,14,0.714,6,15,7,7,4,4,5,64
47,1997,Tora Suber,CHA,G,28,475,8,40,108,0.37,23,58,0.397,17,50,0.34,28,41,0.683,5,42,56,13,3,51,32,131
48,1997,Andrea Stinson,CHA,G,28,1011,28,177,396,0.447,25,77,0.325,152,319,0.476,60,89,0.674,48,155,124,43,21,99,55,439
49,1997,Raegan Pebley,UTA,F-C,8,43,0,5,13,0.385,0,0,,5,13,0.385,2,2,1.0,4,7,1,1,3,0,3,12
50,1997,Jenny Boucek,CLE,G,10,112,1,7,15,0.467,0,3,0.0,7,12,0.583,4,7,0.571,3,10,9,6,0,22,10,18
51,1997,Andrea Congreaves,CHA,F-C,28,658,16,63,126,0.5,18,44,0.409,45,82,0.549,43,56,0.768,40,133,41,16,5,31,52,187
52,1997,Megan Compain,UTA,G,5,19,0,2,7,0.286,1,4,0.25,1,3,0.333,0,0,,0,5,2,4,1,6,6,5
53,1997,Katrina Colleton,LAS,F,28,613,14,55,126,0.437,9,25,0.36,46,101,0.455,17,30,0.567,25,60,45,35,9,35,46,136
54,1997,Margold Clark,SAC,F-C,4,46,0,3,6,0.5,0,1,0.0,3,5,0.6,1,2,0.5,0,6,1,1,1,2,9,7
55,1997,Daedra Charles,LAS,F-C,28,282,1,27,67,0.403,0,1,0.0,27,66,0.409,10,15,0.667,16,48,12,10,10,14,41,64
56,1997,Deborah Carter,UTA,G-F,18,286,7,30,78,0.385,1,7,0.143,29,71,0.408,10,14,0.714,22,49,8,13,1,14,33,71
57,1997,Latasha Byears,SAC,G-F,28,656,19,96,209,0.459,1,5,0.2,95,204,0.466,51,69,0.739,87,193,48,39,8,67,98,244
58,1997,Linda Burgess,LAS,F,28,492,6,73,135,0.541,1,2,0.5,72,133,0.541,36,49,0.735,46,117,9,20,13,47,46,183
59,1997,Heidi Burge,LAS,F-C,22,282,6,32,72,0.444,0,4,0.0,32,68,0.471,23,45,0.511,23,69,15,12,12,25,52,87
60,1997,Vicky Bullett,CHA,F,28,875,28,145,324,0.448,7,23,0.304,138,301,0.458,62,80,0.775,66,178,65,54,55,68,84,359
61,1997,Rushia Brown,CLE,F,28,511,3,64,123,0.52,0,0,,64,123,0.52,47,64,0.734,48,113,20,34,14,27,72,175
62,1997,Janice Braxton,CLE,F,25,822,24,88,211,0.417,5,10,0.5,83,201,0.413,106,138,0.768,38,189,49,36,28,53,64,287
63,1997,Cynthia Cooper,HOU,G,28,982,28,191,406,0.47,67,162,0.414,124,244,0.508,172,199,0.864,33,111,131,59,6,109,68,621
64,1997,Karen Booker,UTA,C,26,321,4,20,60,0.333,0,3,0.0,20,57,0.351,21,37,0.568,34,80,24,24,15,49,62,61
65,1997,Ruthie Bolton,SAC,G,23,813,23,164,408,0.402,66,192,0.344,98,216,0.454,53,69,0.768,31,134,59,54,1,58,71,447
66,1997,Rhonda Blades,NYL,G,28,290,0,25,70,0.357,17,54,0.315,8,16,0.5,13,20,0.65,6,21,30,14,1,39,55,80
67,1997,Ryneldi Becenti,PHO,G,1,8,0,0,0,,0,0,,0,0,,0,0,,0,0,0,1,0,1,0,0
68,1997,Elena Baranova,UTA,F,28,913,27,129,331,0.39,40,106,0.377,89,225,0.396,43,62,0.694,55,206,62,43,63,82,82,341
69,1997,Marlies Askamp,PHO,C,28,517,1,70,178,0.393,0,1,0.0,70,177,0.395,71,93,0.763,66,145,23,22,9,46,59,211
70,1997,Katasha Artis,CHA,F,20,113,0,4,16,0.25,0,1,0.0,4,15,0.267,8,15,0.533,1,16,8,6,1,12,13,16
71,1997,Janeth Arcain,HOU,G,28,784,27,110,250,0.44,9,33,0.273,101,217,0.465,76,85,0.894,41,110,45,43,4,67,56,305
72,1997,Yvette Angel,SAC,G,5,90,3,7,16,0.438,0,5,0.0,7,11,0.636,0,3,0.0,2,9,11,4,1,8,6,14
73,1997,Monique Ambers,PHO,F,19,85,0,4,9,0.444,0,0,,4,9,0.444,6,15,0.4,10,20,4,0,2,7,13,14
74,1997,Marcie Alberts,CLE,G,5,30,0,0,2,0.0,0,2,0.0,0,0,,0,0,,0,1,3,2,0,3,2,0
75,1997,Denique Graves,SAC,C,22,86,0,6,27,0.222,0,0,,6,27,0.222,4,8,0.5,3,15,0,0,6,12,15,16
76,1997,Tammy Jackson,HOU,F-C,28,545,3,45,110,0.409,0,1,0.0,45,109,0.413,25,41,0.61,42,116,12,45,10,49,84,115
77,1997,Susie Hopson-Shelton,CHA,F,6,29,0,7,11,0.636,0,0,,7,11,0.636,2,2,1.0,1,5,1,1,0,2,3,16
78,1997,Jessie Hicks,UTA,C-F,26,263,0,37,80,0.463,0,1,0.0,37,79,0.468,9,16,0.563,17,36,10,13,11,12,57,83
79,1997,Dena Head,UTA,G,27,471,4,53,136,0.39,10,32,0.313,43,104,0.413,38,45,0.844,22,63,46,14,8,61,45,154
80,1997,Fran Harris,HOU,G-F,25,369,1,37,107,0.346,8,24,0.333,29,83,0.349,22,31,0.71,16,56,25,17,3,29,27,104
81,1997,Kym Hampton,NYL,C,28,663,28,100,211,0.474,0,1,0.0,100,210,0.476,73,114,0.64,52,163,38,39,19,49,68,273
82,1997,Wanda Guyton,HOU,C,25,668,25,57,122,0.467,0,0,,57,122,0.467,38,68,0.559,76,136,12,26,8,43,83,152
83,1997,Lady Grooms,UTA,F,28,691,24,58,167,0.347,1,10,0.1,57,157,0.363,36,55,0.655,33,84,67,23,2,79,39,153
84,1997,Tajama Abraham,SAC,C,28,422,5,48,126,0.381,0,0,,48,126,0.381,26,38,0.684,32,67,13,12,12,49,70,122
85,1997,Bridgette Gordon,SAC,F,28,981,28,135,312,0.433,11,40,0.275,124,272,0.456,84,107,0.785,67,135,78,39,9,83,58,365
86,1997,Jennifer Gillom,PHO,F-C,28,874,28,163,376,0.434,20,64,0.313,143,312,0.458,94,121,0.777,44,150,22,36,15,58,93,440
87,1997,Kim Gessig,LAS,F,1,4,0,0,0,,0,0,,0,0,,0,0,,0,1,0,0,0,1,2,0
88,1997,Pietra Gay,HOU,G-F,5,12,0,1,2,0.5,0,0,,1,2,0.5,2,5,0.4,0,3,2,1,0,4,3,4
89,1997,Travesa Gant,LAS,C,2,13,0,0,1,0.0,0,0,,0,1,0.0,0,0,,0,3,0,0,0,2,4,0
90,1997,Toni Foster,PHO,F-C,28,736,28,94,201,0.468,1,6,0.167,93,195,0.477,57,81,0.704,64,170,27,53,21,52,77,246
91,1997,Kisha Ford,NYL,G-F,28,473,3,43,114,0.377,3,20,0.15,40,94,0.426,27,44,0.614,28,48,25,28,5,38,56,116
92,1997,Isabelle Fijalkowski,CLE,F-C,28,803,28,125,246,0.508,1,4,0.25,124,242,0.512,81,103,0.786,62,157,68,17,17,73,129,332
93,1997,Michelle Edwards,CLE,G,20,622,14,76,170,0.447,6,25,0.24,70,145,0.483,45,86,0.523,13,70,89,35,3,77,40,203
94,1997,Tamecka Dixon,LAS,G,27,715,21,115,252,0.456,22,52,0.423,93,200,0.465,68,88,0.773,22,81,55,49,5,58,76,320
95,1997,Cassandra Crumpton-Moorer,NYL,G,2,11,0,1,4,0.25,0,1,0.0,1,3,0.333,0,0,,1,2,1,0,0,1,0,2
96,1997,Mikiko Hagiwara,TOT,G,26,360,7,25,86,0.291,17,61,0.279,8,25,0.32,9,16,0.563,7,23,20,4,2,16,16,76
0,1998,Tajama Abraham,DET,C,12,44,0,5,14,0.357,0,0,,5,14,0.357,8,15,0.533,2,7,0,2,1,5,8,18
1,1998,Janeth Arcain,HOU,G,30,657,4,83,195,0.426,5,33,0.152,78,162,0.481,34,45,0.756,43,108,26,25,3,38,48,205
2,1998,Marlies Askamp,PHO,C,26,319,0,49,104,0.471,0,0,,49,104,0.471,41,62,0.661,36,85,12,12,7,22,45,139
3,1998,Tricia Bader Binford,UTA,G,22,206,0,16,53,0.302,10,27,0.37,6,26,0.231,4,8,0.5,0,10,20,13,0,26,34,46
4,1998,Elena Baranova,UTA,F,20,671,19,92,219,0.42,15,48,0.313,77,171,0.45,59,71,0.831,61,186,70,21,30,55,44,258
5,1998,Adia Barnes,SAC,F,29,619,16,88,223,0.395,14,47,0.298,74,176,0.42,29,39,0.744,35,84,22,15,10,53,70,219
6,1998,Quacy Barnes,SAC,C,17,90,0,6,15,0.4,0,0,,6,15,0.4,4,11,0.364,5,8,2,1,6,9,20,16
7,1998,Tully Bevilaqua,CLE,G,11,126,2,8,14,0.571,1,3,0.333,7,11,0.636,4,6,0.667,2,10,23,12,2,9,12,21
8,1998,Rhonda Blades,DET,G,29,340,2,20,78,0.256,12,50,0.24,8,28,0.286,14,29,0.483,5,32,41,12,1,41,47,66
9,1998,Cindy Blodgett,CLE,G,22,184,0,19,66,0.288,10,37,0.27,9,29,0.31,15,24,0.625,2,14,18,9,0,12,18,63
10,1998,Octavia Blue,LAS,F,30,331,3,26,77,0.338,6,21,0.286,20,56,0.357,15,24,0.625,19,49,10,13,3,27,41,73
11,1998,Ruthie Bolton,SAC,G,5,133,4,17,58,0.293,4,26,0.154,13,32,0.406,17,28,0.607,5,11,6,6,0,7,12,55
12,1998,Karen Booker,HOU,C,1,2,0,0,1,0.0,0,0,,0,1,0.0,0,0,,0,0,0,1,0,0,0,0
13,1998,Kelly Boucher,CHA,F,9,52,0,3,15,0.2,1,6,0.167,2,9,0.222,3,4,0.75,2,13,2,1,0,3,3,10
14,1998,Carla Boyd,DET,F,30,817,24,89,260,0.342,19,63,0.302,70,197,0.355,48,76,0.632,51,118,68,27,10,52,88,245
15,1998,Albena Branzova,NYL,F,11,94,0,9,25,0.36,2,4,0.5,7,21,0.333,3,4,0.75,6,16,5,3,1,12,12,23
16,1998,Gergana Branzova,DET,F,26,204,0,29,65,0.446,0,4,0.0,29,61,0.475,11,20,0.55,13,42,7,3,4,21,42,69
17,1998,Janice Braxton,CLE,F,30,840,30,108,218,0.495,2,6,0.333,106,212,0.5,77,102,0.755,37,168,74,51,15,67,77,295
18,1998,Razija Brcaninovic,DET,C,30,695,30,106,204,0.52,0,0,,106,204,0.52,60,90,0.667,54,154,29,9,26,64,86,272
19,1998,Michelle Brogan,PHO,F,30,779,25,93,184,0.505,11,23,0.478,82,161,0.509,78,98,0.796,45,133,41,44,5,52,48,275
20,1998,Sandy Brondello,DET,G,30,993,28,157,367,0.428,16,44,0.364,141,323,0.437,96,104,0.923,18,87,98,38,1,64,58,426
21,1998,Cindy Brown,DET,F,30,965,30,126,268,0.47,20,61,0.328,106,207,0.512,82,116,0.707,70,301,53,51,22,67,105,354
22,1998,La'Shawn Brown,WAS,C,22,272,2,13,37,0.351,0,0,,13,37,0.351,17,33,0.515,17,53,8,10,20,24,62,43
23,1998,Rushia Brown,CLE,F,30,522,7,64,139,0.46,0,1,0.0,64,138,0.464,66,85,0.776,34,93,28,34,16,49,79,194
24,1998,Vicky Bullett,CHA,F,30,947,30,162,367,0.441,4,26,0.154,158,341,0.463,71,86,0.826,62,194,46,66,46,64,88,399
25,1998,Heidi Burge,WAS,F-C,30,501,15,81,159,0.509,2,7,0.286,79,152,0.52,37,62,0.597,31,100,26,16,15,73,93,201
26,1998,Linda Burgess,SAC,F,30,692,29,90,189,0.476,1,8,0.125,89,181,0.492,45,59,0.763,53,146,28,42,11,61,81,226
27,1998,Latasha Byears,SAC,G-F,30,828,26,181,400,0.453,4,18,0.222,177,382,0.463,61,92,0.663,85,197,29,43,13,71,121,427
28,1998,Deborah Carter,WAS,G-F,29,434,6,39,144,0.271,12,49,0.245,27,95,0.284,21,26,0.808,20,65,23,16,4,40,57,111
29,1998,Elisabeth Cebrian,NYL,C,22,187,0,15,35,0.429,0,0,,15,35,0.429,8,14,0.571,12,27,8,1,7,20,32,38
30,1998,Keri Chaconas,WAS,G,30,397,1,44,148,0.297,30,105,0.286,14,43,0.326,26,33,0.788,7,24,38,13,0,49,53,144
31,1998,Sonia Chase,CHA,G,23,166,0,14,28,0.5,0,0,,14,28,0.5,6,6,1.0,5,14,13,5,0,13,16,34
32,1998,Katrina Colleton,LAS,F,30,575,14,30,99,0.303,5,19,0.263,25,80,0.313,15,18,0.833,25,51,47,18,11,29,44,80
33,1998,Andrea Congreaves,CHA,F-C,24,372,10,35,81,0.432,15,51,0.294,20,30,0.667,19,21,0.905,18,71,36,11,5,23,37,104
34,1998,Cynthia Cooper,HOU,G,30,1051,30,203,455,0.446,64,160,0.4,139,295,0.471,210,246,0.854,25,110,131,48,11,95,65,680
35,1998,Tamecka Dixon,LAS,G,22,710,22,124,283,0.438,21,59,0.356,103,224,0.46,88,113,0.779,13,56,54,24,8,57,67,357
36,1998,Nadine Domond,SAC,G,9,92,0,10,33,0.303,3,16,0.188,7,17,0.412,4,4,1.0,6,9,9,7,1,11,13,27
37,1998,Margo Dydek,UTA,C,30,839,30,146,303,0.482,1,7,0.143,145,296,0.49,93,127,0.732,41,227,53,14,114,108,126,386
38,1998,Michelle Edwards,CLE,G,23,533,9,68,163,0.417,11,34,0.324,57,129,0.442,31,50,0.62,6,52,65,23,1,46,42,178
39,1998,Allison Feaster,LAS,F,3,41,0,3,14,0.214,2,10,0.2,1,4,0.25,2,2,1.0,1,2,3,2,0,4,10,10
40,1998,Isabelle Fijalkowski,CLE,F-C,28,806,23,146,267,0.547,4,10,0.4,142,257,0.553,87,106,0.821,59,192,58,17,27,81,115,383
41,1998,Kisha Ford,NYL,G-F,30,471,0,60,138,0.435,2,11,0.182,58,127,0.457,25,40,0.625,23,37,23,32,2,16,68,147
42,1998,Toni Foster,PHO,F-C,16,218,5,28,60,0.467,0,0,,28,60,0.467,23,30,0.767,10,30,19,14,5,15,20,79
43,1998,Jennifer Gillom,PHO,F-C,30,962,30,229,493,0.465,31,82,0.378,198,411,0.482,137,195,0.703,62,219,42,50,10,89,94,626
44,1998,Bridgette Gordon,SAC,F,22,253,5,25,64,0.391,0,8,0.0,25,56,0.446,9,16,0.563,11,30,9,8,0,30,27,59
45,1998,Margo Graham,WAS,C,9,49,0,8,19,0.421,0,0,,8,19,0.421,2,4,0.5,8,13,1,1,1,8,14,18
46,1998,Lady Grooms,SAC,F,30,792,29,75,154,0.487,1,6,0.167,74,148,0.5,63,94,0.67,37,80,48,20,3,52,35,214
47,1998,Wanda Guyton,HOU,C,1,14,1,0,1,0.0,0,0,,0,1,0.0,0,0,,0,0,0,1,1,2,4,0
48,1998,Mikiko Hagiwara,PHO,G,10,59,0,8,21,0.381,4,12,0.333,4,9,0.444,2,3,0.667,0,2,3,0,0,5,4,22
49,1998,Angie Hamblin,DET,G-F,6,29,0,2,8,0.25,1,2,0.5,1,6,0.167,1,2,0.5,2,7,2,1,0,7,4,6
50,1998,Kym Hampton,NYL,C,30,745,30,98,217,0.452,0,1,0.0,98,216,0.454,78,109,0.716,53,181,26,33,15,62,90,274
51,1998,Fran Harris,UTA,G-F,18,353,12,28,79,0.354,5,16,0.313,23,63,0.365,10,12,0.833,14,39,30,13,1,17,33,71
52,1998,Kristi Harrower,PHO,G,30,355,0,19,52,0.365,11,32,0.344,8,20,0.4,21,28,0.75,2,21,52,15,3,31,25,70
53,1998,Dena Head,UTA,G,30,467,14,36,85,0.424,13,27,0.481,23,58,0.397,23,33,0.697,14,52,37,30,0,44,40,108
54,1998,Korie Hlede,DET,G,27,912,27,135,345,0.391,29,74,0.392,106,271,0.391,83,103,0.806,39,141,73,21,1,88,66,382
55,1998,Angela Jackson,WAS,C,7,36,0,3,6,0.5,0,0,,3,6,0.5,4,6,0.667,3,4,0,1,2,0,10,10
56,1998,Adrienne Johnson,CLE,G,29,330,0,53,116,0.457,14,33,0.424,39,83,0.47,13,18,0.722,17,48,15,7,4,24,35,133
57,1998,LaTonya Johnson,UTA,F,28,490,8,58,145,0.4,14,49,0.286,44,96,0.458,21,34,0.618,14,54,20,11,1,42,42,151
58,1998,Leslie Johnson,WAS,F,6,15,0,1,2,0.5,0,0,,1,2,0.5,0,0,,0,1,1,0,0,4,3,2
59,1998,Pollyanna Johns Kimbrough,CHA,C,24,180,0,22,45,0.489,0,0,,22,45,0.489,18,28,0.643,14,37,6,3,2,9,9,62
60,1998,Tiffani Johnson,SAC,C,6,32,0,0,6,0.0,0,0,,0,6,0.0,2,4,0.5,3,10,0,2,0,3,5,2
61,1998,Vickie Johnson,NYL,G-F,30,905,30,146,327,0.446,21,56,0.375,125,271,0.461,63,82,0.768,44,114,74,31,7,45,70,376
62,1998,Merlakia Jones,CLE,G,30,683,21,109,235,0.464,7,20,0.35,102,215,0.474,61,81,0.753,28,95,39,32,3,52,69,286
63,1998,Aneta Kausaite,DET,F,10,58,0,5,20,0.25,0,2,0.0,5,18,0.278,4,7,0.571,8,11,1,3,0,3,4,14
64,1998,Tanja Kostic,CLE,F,5,30,0,2,3,0.667,0,0,,2,3,0.667,1,2,0.5,1,2,2,0,0,3,2,5
65,1998,Andrea Kuklova,PHO,G-F,29,340,2,38,95,0.4,1,7,0.143,37,88,0.42,20,36,0.556,19,37,31,18,4,40,40,97
66,1998,Monica Lamb,HOU,C,30,649,25,66,122,0.541,0,0,,66,122,0.541,29,42,0.69,62,142,9,24,21,27,87,161
67,1998,Lisa Leslie,LAS,C,28,898,28,202,423,0.478,9,23,0.391,193,400,0.483,136,177,0.768,77,285,70,42,60,102,121,549
68,1998,Rebecca Lobo,NYL,C,30,875,30,136,281,0.484,12,39,0.308,124,242,0.512,66,93,0.71,70,207,44,17,33,67,98,350
69,1998,Mwadi Mabika,LAS,G,29,710,23,87,257,0.339,33,107,0.308,54,150,0.36,30,43,0.698,29,127,44,30,9,37,73,237
70,1998,Sharon Manning,CHA,F-C,30,575,6,59,134,0.44,0,2,0.0,59,132,0.447,44,66,0.667,60,166,30,32,7,43,62,162
71,1998,Rhonda Mapp,CHA,C,21,456,14,83,164,0.506,1,10,0.1,82,154,0.532,45,60,0.75,35,89,33,13,8,39,60,212
72,1998,Suzie McConnell Serio,CLE,G,28,882,28,80,176,0.455,29,71,0.408,51,105,0.486,51,70,0.729,8,62,178,49,5,104,48,240
73,1998,Nikki McCray,WAS,G,29,969,28,191,457,0.418,23,73,0.315,168,384,0.438,107,143,0.748,34,85,90,43,2,125,81,512
74,1998,Pamela McGee,LAS,F-C,30,570,22,80,183,0.437,0,4,0.0,80,179,0.447,43,70,0.614,62,145,13,23,24,54,104,203
75,1998,Penny Moore,WAS,F,29,756,26,93,271,0.343,19,92,0.207,74,179,0.413,33,46,0.717,35,108,46,44,20,61,58,238
76,1998,Yolanda Moore,HOU,F-C,30,533,4,32,71,0.451,1,2,0.5,31,69,0.449,33,41,0.805,32,86,10,26,0,20,54,98
77,1998,Eva Nemcova,CLE,F,30,972,30,131,281,0.466,28,62,0.452,103,219,0.47,67,75,0.893,28,111,67,33,21,64,77,357
78,1998,Murriel Page,WAS,F,30,955,30,104,217,0.479,0,2,0.0,104,215,0.484,41,65,0.631,81,208,40,19,13,57,97,249
79,1998,Wendy Palmer,UTA,F,28,761,21,145,307,0.472,6,17,0.353,139,290,0.479,81,124,0.653,70,186,30,18,5,56,75,377
80,1998,Tia Paschal,CHA,F,20,110,0,11,37,0.297,1,4,0.25,10,33,0.303,4,6,0.667,4,15,9,8,0,11,12,27
81,1998,Ticha Penicheiro,SAC,G,30,1080,30,55,165,0.333,10,43,0.233,45,122,0.369,70,109,0.642,13,141,224,67,3,116,90,190
82,1998,Kim Perrot,HOU,G,30,986,30,88,218,0.404,29,108,0.269,59,110,0.536,49,70,0.7,17,92,142,84,0,82,70,254
83,1998,Bridget Pettis,PHO,G,30,849,28,113,300,0.377,35,123,0.285,78,177,0.441,77,89,0.865,34,103,62,29,9,62,75,338
84,1998,Franthea Price,SAC,G,26,379,1,43,115,0.374,28,78,0.359,15,37,0.405,13,18,0.722,7,44,35,20,2,32,29,127
85,1998,Brandy Reed,PHO,F,24,254,0,50,95,0.526,2,8,0.25,48,87,0.552,22,31,0.71,36,78,20,18,7,33,30,124
86,1998,Michelle Reed,LAS,G-F,9,49,0,3,11,0.273,1,4,0.25,2,7,0.286,7,12,0.583,2,11,2,2,1,6,4,14
87,1998,Tracy Reid,CHA,F,30,966,30,151,310,0.487,0,2,0.0,151,308,0.49,111,181,0.613,60,157,46,40,12,71,59,413
88,1998,Tammi Reiss,UTA,G,22,477,17,54,134,0.403,16,54,0.296,38,80,0.475,19,29,0.655,14,39,48,11,1,25,32,143
89,1998,Nyree Roberts,HOU,C,14,55,0,6,7,0.857,0,0,,6,7,0.857,4,7,0.571,3,10,2,1,0,4,3,16
90,1998,Eugenia Rycraw,LAS,C,20,226,4,15,32,0.469,0,0,,15,32,0.469,16,22,0.727,17,50,4,7,18,14,27,46
91,1998,Alessandra Santos de Oliveira,WAS,C,16,481,12,63,122,0.516,0,0,,63,122,0.516,50,108,0.463,60,129,1,12,7,55,45,176
92,1998,Olympia Scott,UTA,C,29,466,1,58,135,0.43,1,5,0.2,57,130,0.438,37,65,0.569,37,85,22,24,10,49,78,154
93,1998,Raegan Pebley,CLE,F-C,22,167,0,14,38,0.368,0,2,0.0,14,36,0.389,10,12,0.833,5,29,7,3,5,9,24,38
94,1998,Adrienne Shuler,WAS,G,25,363,12,31,84,0.369,13,38,0.342,18,46,0.391,14,17,0.824,12,52,48,23,3,41,52,89
95,1998,Christy Smith,CHA,G,24,448,18,27,75,0.36,18,57,0.316,9,18,0.5,17,20,0.85,3,34,71,10,0,48,34,89
96,1998,Tangela Smith,SAC,C,28,707,10,112,278,0.403,5,14,0.357,107,264,0.405,40,54,0.741,45,129,31,17,46,46,78,269
97,1998,Leila Sobral,WAS,F,15,71,0,6,25,0.24,3,11,0.273,3,14,0.214,10,15,0.667,3,10,6,5,2,9,14,25
98,1998,Rachael Sporn,DET,F,30,535,1,60,147,0.408,0,0,,60,147,0.408,16,32,0.5,51,108,38,8,12,34,58,136
99,1998,Maria Stepanova,PHO,C,20,130,0,26,61,0.426,0,0,,26,61,0.426,14,22,0.636,17,38,7,3,11,9,29,66
100,1998,Rehema Stephens,SAC,G,8,81,0,11,41,0.268,2,12,0.167,9,29,0.31,2,4,0.5,7,10,4,2,1,11,8,26
101,1998,Andrea Stinson,CHA,G,30,1046,30,173,414,0.418,29,103,0.282,144,311,0.463,75,100,0.75,29,138,134,54,15,77,72,450
102,1998,Tora Suber,CHA,G,30,682,12,58,185,0.314,36,116,0.31,22,69,0.319,29,46,0.63,12,53,86,30,1,44,55,181
103,1998,Sheryl Swoopes,HOU,F-G,29,937,29,173,405,0.427,36,100,0.36,137,305,0.449,71,86,0.826,39,149,62,72,14,58,42,453
104,1998,Alicia Thompson,NYL,F,19,126,0,9,39,0.231,1,1,1.0,8,38,0.211,12,19,0.632,7,24,4,1,2,8,12,31
105,1998,Tina Thompson,HOU,F,27,874,27,121,289,0.419,37,103,0.359,84,186,0.452,63,74,0.851,65,192,24,31,25,47,89,342
106,1998,Michele Timms,PHO,G,30,934,30,71,223,0.318,31,104,0.298,40,119,0.336,34,49,0.694,18,74,158,38,4,69,76,207
107,1998,Penny Toler,LAS,G,30,945,30,145,349,0.415,25,60,0.417,120,289,0.415,55,74,0.743,37,106,143,32,3,101,77,370
108,1998,Chantel Tremitiere,UTA,G,28,709,18,48,132,0.364,18,49,0.367,30,83,0.361,41,54,0.759,13,62,102,22,2,42,53,155
109,1998,Trena Trice,NYL,F-C,10,77,0,7,17,0.412,0,0,,7,17,0.412,7,11,0.636,7,18,1,0,3,7,12,21
110,1998,Mfon Udoka,DET,F,3,25,0,1,6,0.167,0,0,,1,6,0.167,2,4,0.5,1,3,0,0,0,1,3,4
111,1998,Amaya Valdemoro,HOU,F,16,61,0,8,16,0.5,2,5,0.4,6,11,0.545,12,17,0.706,2,10,7,7,1,17,8,30
112,1998,Sandra Van Embricqs,LAS,F-C,28,470,2,43,89,0.483,0,0,,43,89,0.483,8,16,0.5,34,75,16,24,9,19,57,94
113,1998,Coquese Washington,NYL,G,28,226,0,15,51,0.294,5,21,0.238,10,30,0.333,18,26,0.692,5,26,44,17,0,37,31,53
114,1998,Teresa Weatherspoon,NYL,G,30,1002,30,73,188,0.388,16,49,0.327,57,139,0.41,42,69,0.609,20,120,191,100,0,96,85,204
115,1998,Umeki Webb,PHO,G-F,30,846,30,58,160,0.363,4,14,0.286,54,146,0.37,39,59,0.661,47,116,92,47,21,41,105,159
116,1998,Sue Wicks,NYL,F,30,444,0,46,107,0.43,0,3,0.0,46,104,0.442,36,45,0.8,40,83,36,16,10,48,66,128
117,1998,Jamila Wideman,LAS,G,25,329,0,12,43,0.279,3,12,0.25,9,31,0.29,21,29,0.724,5,22,57,10,1,34,28,48
118,1998,Kim Williams,UTA,G,30,543,10,91,223,0.408,9,28,0.321,82,195,0.421,36,49,0.735,24,58,46,43,6,66,74,227
119,1998,Rita Williams,WAS,G,30,712,18,41,127,0.323,12,55,0.218,29,72,0.403,38,60,0.633,13,68,69,63,2,69,51,132
120,1998,Sophia Witherspoon,NYL,G,30,898,30,144,359,0.401,33,96,0.344,111,263,0.422,92,117,0.786,33,91,57,40,4,73,54,413
121,1998,Lynette Woodard,DET,G,27,383,8,36,93,0.387,0,0,,36,93,0.387,23,40,0.575,31,66,22,22,3,31,33,95
122,1998,Tiffany Woosley,HOU,G,18,96,0,7,23,0.304,3,12,0.25,4,11,0.364,5,7,0.714,3,7,9,8,0,13,9,22
123,1998,Haixia Zheng,LAS,C,6,98,2,20,32,0.625,0,0,,20,32,0.625,5,7,0.714,8,26,3,0,1,6,11,45
124,1998,Erin Alexander,TOT,G,20,141,0,12,44,0.273,11,35,0.314,1,9,0.111,4,4,1.0,8,18,9,3,0,12,18,39
125,1998,Tammy Jackson,TOT,F-C,21,174,0,10,24,0.417,0,0,,10,24,0.417,8,13,0.615,7,25,6,4,5,14,34,28
126,1998,Pauline Jordan,TOT,F-C,24,277,0,26,69,0.377,0,1,0.0,26,68,0.382,22,35,0.629,15,49,20,14,12,25,48,74
0,1999,Markita Aldridge,WAS,G,31,379,2,29,94,0.309,3,20,0.15,26,74,0.351,20,33,0.606,12,37,33,15,7,41,35,81
1,1999,Mery Andrade,CLE,F,32,364,1,23,59,0.39,7,24,0.292,16,35,0.457,18,26,0.692,15,50,48,18,4,40,73,71
2,1999,Janeth Arcain,HOU,G,32,735,1,71,164,0.433,11,44,0.25,60,120,0.5,34,41,0.829,32,91,38,30,2,39,63,187
3,1999,Marlies Askamp,PHO,C,30,781,30,95,197,0.482,0,2,0.0,95,195,0.487,93,114,0.816,92,215,25,22,18,37,98,283
4,1999,Angela Aycock,PHO,G,8,30,0,0,4,0.0,0,3,0.0,0,1,0.0,4,4,1.0,0,1,3,2,0,6,5,4
5,1999,Jennifer Azzi,DET,G,28,838,19,93,181,0.514,30,58,0.517,63,123,0.512,86,104,0.827,5,61,106,24,4,56,103,302
6,1999,Elena Baranova,UTA,F,29,572,19,60,148,0.405,20,48,0.417,40,100,0.4,33,41,0.805,25,98,45,20,23,44,58,173
7,1999,Adia Barnes,MIN,F,19,91,0,7,23,0.304,1,3,0.333,6,20,0.3,6,12,0.5,8,20,6,5,0,8,16,21
8,1999,Cass Bauer-Bilodeau,CHA,C,25,123,0,13,34,0.382,0,1,0.0,13,33,0.394,7,8,0.875,4,20,4,1,1,13,20,33
9,1999,Nina Bjedov,LAS,C,27,431,0,52,100,0.52,8,19,0.421,44,81,0.543,9,18,0.5,21,70,17,9,22,26,60,121
10,1999,Debbie Black,UTA,G,32,1014,32,62,164,0.378,8,41,0.195,54,123,0.439,31,50,0.62,31,111,161,77,6,67,116,163
11,1999,Cindy Blodgett,SAC,G,12,34,0,3,13,0.231,0,7,0.0,3,6,0.5,5,9,0.556,0,1,1,1,0,5,4,11
12,1999,Ruthie Bolton,SAC,G,31,970,30,143,393,0.364,60,187,0.321,83,206,0.403,75,94,0.798,46,132,73,31,0,44,68,421
13,1999,Carla Boyd,DET,F,32,694,26,69,174,0.397,17,51,0.333,52,123,0.423,17,27,0.63,25,72,51,24,8,54,84,172
14,1999,Janice Braxton,CLE,F,26,476,21,52,113,0.46,1,8,0.125,51,105,0.486,46,66,0.697,26,111,33,19,13,34,53,151
15,1999,Angie Braziel,CHA,F,7,41,0,7,14,0.5,0,0,,7,14,0.5,10,12,0.833,1,11,3,2,0,2,6,24
16,1999,Sandy Brondello,DET,G,32,1002,32,152,347,0.438,37,76,0.487,115,271,0.424,83,98,0.847,29,66,73,25,5,75,81,424
17,1999,Lesley Brown,DET,F,13,43,0,7,16,0.438,1,2,0.5,6,14,0.429,4,6,0.667,2,9,2,1,1,6,10,19
18,1999,Rushia Brown,CLE,F,30,434,12,53,124,0.427,0,1,0.0,53,123,0.431,25,37,0.676,31,87,20,19,10,34,60,131
19,1999,Vicky Bullett,CHA,F,32,1008,32,142,292,0.486,10,27,0.37,132,265,0.498,75,97,0.773,60,219,50,62,45,60,77,369
20,1999,Annie La Fleur,MIN,G,25,333,0,23,67,0.343,11,25,0.44,12,42,0.286,2,8,0.25,14,38,36,8,0,20,19,59
21,1999,Heather Burge,SAC,C,13,28,0,3,7,0.429,0,0,,3,7,0.429,1,5,0.2,0,5,0,2,2,5,5,7
22,1999,Linda Burgess,SAC,F,27,233,0,33,76,0.434,0,1,0.0,33,75,0.44,31,41,0.756,17,55,3,6,2,20,42,97
23,1999,Alisa Burras,CLE,C,31,563,22,103,191,0.539,0,0,,103,191,0.539,26,47,0.553,40,124,17,17,10,38,47,232
24,1999,Latasha Byears,SAC,G-F,32,705,32,130,242,0.537,0,1,0.0,130,241,0.539,35,62,0.565,77,171,31,36,6,60,101,295
25,1999,Edna Campbell,PHO,G,28,750,24,95,261,0.364,38,101,0.376,57,160,0.356,40,56,0.714,11,53,37,25,10,48,53,268
26,1999,Michelle Campbell,UTA,C,8,30,0,3,10,0.3,0,1,0.0,3,9,0.333,2,4,0.5,0,6,2,0,0,4,4,8
27,1999,Dominique Canty,DET,G,26,646,11,76,229,0.332,3,17,0.176,73,212,0.344,94,136,0.691,35,80,38,26,1,45,57,249
28,1999,Sonia Chase,CHA,G,13,58,0,3,16,0.188,3,11,0.273,0,5,0.0,2,2,1.0,2,5,5,4,0,2,9,11
29,1999,Andrea Congreaves,ORL,F-C,32,812,32,75,150,0.5,15,41,0.366,60,109,0.55,44,53,0.83,40,101,34,24,7,49,84,209
30,1999,Cynthia Cooper,HOU,G,31,1101,31,212,458,0.463,58,173,0.335,154,285,0.54,204,229,0.891,17,87,162,43,11,104,61,686
31,1999,Clarissa Davis-Wrightsil,PHO,F,14,259,9,52,120,0.433,10,33,0.303,42,87,0.483,16,24,0.667,15,38,20,12,4,22,39,130
32,1999,Tamecka Dixon,LAS,G,32,563,14,77,199,0.387,15,48,0.313,62,151,0.411,48,65,0.738,17,66,53,17,4,39,42,217
33,1999,Margo Dydek,UTA,C,32,733,28,141,283,0.498,7,20,0.35,134,263,0.51,114,133,0.857,38,204,59,13,77,91,112,403
34,1999,Michelle Edwards,CLE,G,31,745,28,88,245,0.359,15,69,0.217,73,176,0.415,45,65,0.692,6,72,81,26,8,72,58,236
35,1999,Tonya Edwards,MIN,G,32,1031,32,165,462,0.357,66,192,0.344,99,270,0.367,79,98,0.806,15,112,84,27,13,68,104,475
36,1999,Shalonda Enis,WAS,F-C,29,844,26,83,228,0.364,11,40,0.275,72,188,0.383,39,57,0.684,53,157,47,23,4,60,82,216
37,1999,Trisha Fallon,MIN,G-F,26,281,0,24,80,0.3,6,17,0.353,18,63,0.286,23,31,0.742,9,22,22,11,6,16,30,77
38,1999,Allison Feaster,LAS,F,32,410,4,51,103,0.495,21,57,0.368,30,46,0.652,39,57,0.684,28,58,32,15,7,28,51,162
39,1999,Ukari Figgs,LAS,G,22,330,10,30,82,0.366,14,47,0.298,16,35,0.457,21,24,0.875,8,35,32,15,0,31,27,95
40,1999,Kristin Folkl,MIN,F,32,518,1,67,140,0.479,2,14,0.143,65,126,0.516,21,39,0.538,41,116,23,14,12,23,68,157
41,1999,Kisha Ford,ORL,G-F,8,45,0,1,5,0.2,0,1,0.0,1,4,0.25,2,2,1.0,4,6,0,2,2,1,10,4
42,1999,Toni Foster,PHO,F-C,10,42,0,7,12,0.583,0,0,,7,12,0.583,11,16,0.688,4,8,1,0,1,4,6,25
43,1999,La'Keshia Frett,LAS,F,31,658,18,77,161,0.478,0,0,,77,161,0.478,34,43,0.791,48,94,64,9,5,26,42,188
44,1999,Jennifer Gillom,PHO,F-C,32,1095,32,163,428,0.381,18,72,0.25,145,356,0.407,141,177,0.797,53,184,54,37,7,87,105,485
45,1999,Adrienne Goodson,UTA,F,32,1068,31,182,427,0.426,13,53,0.245,169,374,0.452,99,129,0.767,71,138,87,27,8,98,76,476
46,1999,Yolanda Griffith,SAC,C-F,29,979,29,200,370,0.541,0,1,0.0,200,369,0.542,145,235,0.617,141,329,45,73,54,66,91,545
47,1999,Lady Grooms,SAC,F,32,450,1,27,72,0.375,0,2,0.0,27,70,0.386,44,63,0.698,23,54,39,11,2,36,21,98
48,1999,Gordana Grubin,LAS,G,32,708,18,96,237,0.405,40,93,0.43,56,144,0.389,52,68,0.765,17,71,90,24,2,53,53,284
49,1999,Wanda Guyton,DET,C,11,98,0,4,17,0.235,0,0,,4,17,0.235,13,16,0.813,8,26,2,2,2,10,21,21
50,1999,Becky Hammon,NYL,G,30,202,0,27,64,0.422,11,38,0.289,16,26,0.615,15,17,0.882,2,19,17,6,0,24,27,80
51,1999,Kym Hampton,NYL,C,32,856,32,112,260,0.431,1,2,0.5,111,258,0.43,68,91,0.747,61,179,22,22,18,51,110,293
52,1999,Lisa Harrison,PHO,F,32,828,23,81,171,0.474,1,10,0.1,80,161,0.497,30,44,0.682,47,130,53,23,5,35,65,193
53,1999,Kristi Harrower,PHO,G,32,666,3,36,99,0.364,12,43,0.279,24,56,0.429,59,73,0.808,9,63,96,25,4,45,45,143
54,1999,Tracy Henderson,CLE,C,27,308,0,27,87,0.31,0,0,,27,87,0.31,17,29,0.586,28,79,9,9,20,25,45,71
55,1999,Sonja Henning,HOU,G,32,798,32,52,117,0.444,13,41,0.317,39,76,0.513,11,18,0.611,22,80,74,34,7,29,60,128
56,1999,Chamique Holdsclaw,WAS,F,31,1061,30,202,462,0.437,5,29,0.172,197,433,0.455,116,150,0.773,74,246,74,37,27,108,67,525
57,1999,Kedra Holland-Corn,SAC,G,32,1034,32,123,321,0.383,57,167,0.341,66,154,0.429,76,108,0.704,24,68,51,62,10,72,100,379
58,1999,Jennifer Howard,CLE,G,4,15,0,0,4,0.0,0,3,0.0,0,1,0.0,0,0,,0,0,0,0,0,3,2,0
59,1999,Dalma Ivanyi,UTA,G,14,67,1,4,12,0.333,0,4,0.0,4,8,0.5,3,4,0.75,3,5,7,4,0,11,18,11
60,1999,Tammy Jackson,HOU,F-C,28,382,0,24,58,0.414,1,1,1.0,23,57,0.404,25,35,0.714,45,91,7,15,20,26,75,74
61,1999,Adrienne Johnson,ORL,G,29,224,0,25,62,0.403,1,8,0.125,24,54,0.444,6,9,0.667,12,28,14,5,2,14,21,57
62,1999,LaTonya Johnson,UTA,F,31,718,18,66,181,0.365,24,82,0.293,42,99,0.424,47,58,0.81,14,54,50,21,8,40,65,203
63,1999,Niesa Johnson,CHA,G,31,296,0,15,50,0.3,6,23,0.261,9,27,0.333,11,12,0.917,3,18,43,10,2,27,19,47
64,1999,Shannon Johnson,ORL,G,32,1147,32,151,338,0.447,40,110,0.364,111,228,0.487,105,153,0.686,44,150,141,54,12,121,79,447
65,1999,Vickie Johnson,NYL,G-F,32,1082,32,165,394,0.419,25,71,0.352,140,323,0.433,72,86,0.837,43,142,106,44,1,65,77,427
66,1999,Kellie Jolly Harper,CLE,G,1,4,0,0,0,,0,0,,0,0,,0,0,,0,0,1,0,0,2,0,0
67,1999,Merlakia Jones,CLE,G,32,853,8,141,325,0.434,5,18,0.278,136,307,0.443,60,78,0.769,47,122,51,41,5,66,81,347
68,1999,Andrea Kuklova,PHO,G-F,5,13,0,0,3,0.0,0,0,,0,3,0.0,0,0,,0,0,0,0,0,1,2,0
69,1999,Venus Lacy,NYL,C,17,111,0,10,24,0.417,0,0,,10,24,0.417,12,15,0.8,7,20,1,3,4,14,24,32
70,1999,Monica Lamb,HOU,C,3,36,0,4,10,0.4,0,0,,4,10,0.4,5,6,0.833,3,6,0,0,2,1,6,13
71,1999,MerleLynn Lange-Harris,PHO,F-C,1,3,0,0,0,,0,0,,0,0,,0,0,,0,2,0,0,0,0,1,0
72,1999,Krystyna Lara,UTA,G,25,204,0,23,68,0.338,10,33,0.303,13,35,0.371,6,6,1.0,1,13,23,10,2,36,29,62
73,1999,Lisa Leslie,LAS,C,32,930,32,182,390,0.467,22,52,0.423,160,338,0.473,114,156,0.731,72,248,56,36,49,94,136,500
74,1999,Andrea Lloyd-Curry,MIN,F,32,899,31,75,200,0.375,30,90,0.333,45,110,0.409,34,45,0.756,38,138,91,30,12,62,92,214
75,1999,Rebecca Lobo,NYL,C,1,1,1,0,0,,0,0,,0,0,,0,0,,1,1,0,0,0,1,0,0
76,1999,Mwadi Mabika,LAS,G,32,938,28,125,336,0.372,41,146,0.281,84,190,0.442,56,78,0.718,42,153,111,44,15,57,100,347
77,1999,Clarisse Machanguana,LAS,C-F,28,245,0,24,49,0.49,0,0,,24,49,0.49,26,36,0.722,16,51,10,8,3,14,34,74
78,1999,Sharon Manning,CHA,F-C,32,521,6,57,113,0.504,1,1,1.0,56,112,0.5,24,46,0.522,37,114,17,28,4,27,51,139
79,1999,Rhonda Mapp,CHA,C,30,790,26,118,236,0.5,1,9,0.111,117,227,0.515,49,68,0.721,48,193,56,25,13,60,102,286
80,1999,Monica Maxwell,WAS,F,20,141,0,11,50,0.22,7,33,0.212,4,17,0.235,5,9,0.556,3,22,10,5,1,11,9,34
81,1999,Stephanie White,CHA,G-F,30,563,5,53,130,0.408,23,65,0.354,30,65,0.462,30,33,0.909,16,49,52,19,2,38,47,159
82,1999,Suzie McConnell Serio,CLE,G,18,511,18,36,98,0.367,20,60,0.333,16,38,0.421,16,19,0.842,4,43,76,10,2,54,31,108
83,1999,Nikki McCray,WAS,G,32,1043,32,193,455,0.424,46,153,0.301,147,302,0.487,129,160,0.806,35,86,78,34,1,107,86,561
84,1999,Carla McGhee,ORL,F,30,234,0,15,47,0.319,0,0,,15,47,0.319,15,18,0.833,22,46,8,8,3,22,38,45
85,1999,Taj McWilliams-Franklin,ORL,F-C,32,1042,32,153,319,0.48,20,45,0.444,133,274,0.485,94,141,0.667,81,239,51,57,38,80,96,420
86,1999,Chasity Melvin,CLE,C-F,32,709,9,95,217,0.438,1,1,1.0,94,216,0.435,68,98,0.694,53,127,38,20,22,42,93,259
87,1999,DeLisha Milton-Jones,LAS,F,32,835,32,125,236,0.53,0,1,0.0,125,235,0.532,68,86,0.791,60,176,50,47,17,71,112,318
88,1999,Penny Moore,WAS,F,4,19,0,1,3,0.333,0,0,,1,3,0.333,0,0,,1,1,0,0,1,4,1,2
89,1999,Yolanda Moore,ORL,F-C,23,114,0,10,21,0.476,0,1,0.0,10,20,0.5,6,12,0.5,4,13,1,4,0,13,21,26
90,1999,Andrea Nagy,WAS,G,32,947,32,54,132,0.409,9,33,0.273,45,99,0.455,45,59,0.763,11,78,146,31,3,83,111,162
91,1999,Astou Ndiaye-Diatta,DET,F,31,438,1,70,160,0.438,0,1,0.0,70,159,0.44,24,39,0.615,25,99,17,11,18,32,51,164
92,1999,Eva Nemcova,CLE,F,31,925,28,124,296,0.419,34,93,0.366,90,203,0.443,62,63,0.984,27,114,50,31,22,81,50,344
93,1999,Claudia Neves,DET,G,30,306,0,25,95,0.263,14,60,0.233,11,35,0.314,12,19,0.632,8,23,29,16,0,23,32,76
94,1999,Mila Nikolich,HOU,F,7,29,0,4,11,0.364,1,4,0.25,3,7,0.429,1,2,0.5,3,5,1,0,0,3,3,10
95,1999,Vanessa Nygaard,CLE,F,4,20,0,1,2,0.5,1,2,0.5,0,0,,0,0,,1,3,2,2,0,2,4,3
96,1999,Heather Owen,WAS,F-C,17,235,0,10,25,0.4,0,0,,10,25,0.4,16,23,0.696,11,38,7,2,4,15,42,36
97,1999,Murriel Page,WAS,F,32,916,26,105,183,0.574,0,0,,105,183,0.574,71,104,0.683,68,213,28,24,30,49,103,281
98,1999,Ticha Penicheiro,SAC,G,32,1120,32,71,222,0.32,6,38,0.158,65,184,0.353,87,131,0.664,29,155,226,67,5,135,87,235
99,1999,Bridget Pettis,PHO,G,32,541,8,65,214,0.304,22,98,0.224,43,116,0.371,29,47,0.617,29,59,45,26,2,30,57,181
100,1999,Tari Phillips,ORL,F-C,32,335,0,52,128,0.406,0,3,0.0,52,125,0.416,26,54,0.481,26,66,9,19,8,48,54,130
101,1999,Angie Potthoff,MIN,F,32,710,25,53,140,0.379,3,18,0.167,50,122,0.41,18,33,0.545,26,85,37,24,5,35,84,127
102,1999,Elaine Powell,ORL,G,18,256,0,17,33,0.515,1,9,0.111,16,24,0.667,12,22,0.545,9,23,32,9,4,19,22,47
103,1999,Brandy Reed,MIN,F,25,757,24,168,366,0.459,13,38,0.342,155,328,0.473,53,70,0.757,55,151,64,29,17,63,57,402
104,1999,Tracy Reid,CHA,F,10,154,3,21,49,0.429,0,1,0.0,21,48,0.438,6,14,0.429,7,23,9,1,2,17,12,48
105,1999,Jennifer Rizzotti,HOU,G,25,242,0,14,40,0.35,7,26,0.269,7,14,0.5,7,12,0.583,2,27,19,18,1,16,21,42
106,1999,Crystal Robinson,NYL,F,32,901,9,125,285,0.439,76,174,0.437,49,111,0.441,49,58,0.845,38,89,49,44,11,46,78,375
107,1999,Nykesha Sales,ORL,F-G,32,1039,32,153,397,0.385,36,109,0.33,117,288,0.406,95,118,0.805,44,135,91,69,8,69,97,437
108,1999,Sheri Sam,ORL,G-F,32,1088,32,134,345,0.388,41,125,0.328,93,220,0.423,55,80,0.688,39,146,77,41,9,64,112,364
109,1999,Alessandra Santos de Oliveira,WAS,C,13,216,6,22,39,0.564,0,0,,22,39,0.564,7,22,0.318,19,42,1,1,2,16,25,51
110,1999,Christy Smith,CHA,G,4,19,0,3,4,0.75,2,3,0.667,1,1,1.0,5,6,0.833,0,1,1,1,0,1,3,13
111,1999,Charlotte Smith,CHA,F,32,746,24,62,188,0.33,8,56,0.143,54,132,0.409,41,58,0.707,46,115,58,10,7,50,87,173
112,1999,Charmin Smith,MIN,G,13,56,0,1,9,0.111,0,4,0.0,1,5,0.2,8,10,0.8,2,9,2,1,0,5,10,10
113,1999,Katie Smith,MIN,G,30,971,29,113,292,0.387,52,136,0.382,61,156,0.391,72,94,0.766,42,88,60,19,10,55,106,350
114,1999,Tangela Smith,SAC,C,31,632,3,104,235,0.443,1,2,0.5,103,233,0.442,47,72,0.653,46,119,17,26,38,38,72,256
115,1999,Rachael Sporn,DET,F,18,340,10,44,94,0.468,0,1,0.0,44,93,0.473,18,28,0.643,26,59,27,15,4,16,45,106
116,1999,Dawn Staley,CHA,G,32,1065,32,125,301,0.415,33,104,0.317,92,197,0.467,85,91,0.934,12,72,177,38,3,90,71,368
117,1999,Kate Starbird,SAC,F-G,24,215,1,12,55,0.218,2,15,0.133,10,40,0.25,22,27,0.815,9,23,14,13,4,17,23,48
118,1999,Maria Stepanova,PHO,C,32,554,2,96,198,0.485,1,2,0.5,95,196,0.485,55,88,0.625,62,164,24,13,62,43,86,248
119,1999,Valerie Still,WAS,F,23,282,6,12,49,0.245,0,3,0.0,12,46,0.261,7,19,0.368,16,43,6,4,4,20,38,31
120,1999,Andrea Stinson,CHA,G,32,1041,32,174,378,0.46,21,68,0.309,153,310,0.494,65,88,0.739,32,113,93,32,18,67,56,434
121,1999,Tora Suber,ORL,G,25,114,0,7,24,0.292,1,9,0.111,6,15,0.4,5,10,0.5,4,13,9,5,0,10,14,20
122,1999,Sheryl Swoopes,HOU,F-G,32,1100,32,226,489,0.462,33,98,0.337,193,391,0.494,100,122,0.82,48,202,127,76,46,83,57,585
123,1999,Sonja Tate,MIN,G,32,828,18,52,147,0.354,16,67,0.239,36,80,0.45,23,30,0.767,48,127,100,36,3,65,84,143
124,1999,Tina Thompson,HOU,F,32,1074,32,142,339,0.419,39,111,0.351,103,228,0.452,68,87,0.782,67,206,28,31,31,72,95,391
125,1999,Michele Timms,PHO,G,30,804,29,68,192,0.354,31,89,0.348,37,103,0.359,38,49,0.776,17,79,151,43,7,89,87,205
126,1999,Penny Toler,LAS,G,30,427,4,51,150,0.34,2,13,0.154,49,137,0.358,39,45,0.867,12,43,66,13,0,40,36,143
127,1999,Elena Tornikidou,DET,F,11,86,0,9,23,0.391,0,0,,9,23,0.391,2,6,0.333,3,9,8,1,1,11,8,20
128,1999,Chantel Tremitiere,UTA,G,20,191,0,9,29,0.31,2,8,0.25,7,21,0.333,1,1,1.0,3,19,22,6,0,13,28,21
129,1999,Polina Tzekova,HOU,C,32,778,32,76,177,0.429,11,44,0.25,65,133,0.489,31,40,0.775,54,163,32,13,19,52,118,194
130,1999,Amaya Valdemoro,HOU,F,17,92,0,13,35,0.371,2,5,0.4,11,30,0.367,12,16,0.75,4,13,9,11,0,12,16,40
131,1999,Michele Van Gorp,NYL,C,21,117,0,8,24,0.333,0,0,,8,24,0.333,4,5,0.8,5,17,7,1,3,3,23,20
132,1999,Coquese Washington,NYL,G,19,77,0,5,18,0.278,0,5,0.0,5,13,0.385,2,2,1.0,1,7,15,9,0,13,15,12
133,1999,Teresa Weatherspoon,NYL,G,32,1086,32,80,190,0.421,31,82,0.378,49,108,0.454,38,56,0.679,22,104,205,78,3,80,91,229
134,1999,Val Whiting-Raymond,DET,C-F,31,764,20,76,200,0.38,0,0,,76,200,0.38,50,110,0.455,66,207,49,40,31,46,84,202
135,1999,Tamika Whitmore,NYL,F,27,573,1,80,184,0.435,1,8,0.125,79,176,0.449,53,78,0.679,43,96,18,16,6,56,78,214
136,1999,Jennifer Whittle,WAS,C,3,18,0,0,2,0.0,0,0,,0,2,0.0,0,0,,0,3,0,1,1,5,1,0
137,1999,Sue Wicks,NYL,F,32,938,30,91,226,0.403,2,15,0.133,89,211,0.422,32,52,0.615,76,223,45,41,43,63,123,216
138,1999,Jamila Wideman,CLE,G,26,401,13,21,77,0.273,3,22,0.136,18,55,0.327,11,17,0.647,8,34,51,20,0,40,22,56
139,1999,Natalie Williams,UTA,C,28,954,26,180,347,0.519,0,2,0.0,180,345,0.522,144,191,0.754,109,257,25,38,22,68,108,504
140,1999,Rita Williams,WAS,G,31,312,0,31,62,0.5,19,34,0.559,12,28,0.429,23,36,0.639,7,37,30,21,1,26,41,104
141,1999,Amanda Wilson,PHO,F,12,34,0,4,12,0.333,1,5,0.2,3,7,0.429,3,3,1.0,4,6,2,1,1,2,3,12
142,1999,Sophia Witherspoon,NYL,G,32,581,23,97,245,0.396,28,78,0.359,69,167,0.413,49,69,0.71,20,47,37,33,2,48,54,271
143,1999,Kara Wolters,HOU,C,10,41,0,3,13,0.231,0,0,,3,13,0.231,10,12,0.833,5,12,2,1,0,3,11,16
144,1999,Tricia Bader Binford,TOT,G,16,106,0,2,16,0.125,1,10,0.1,1,6,0.167,2,2,1.0,3,13,12,6,1,7,20,7
145,1999,Cindy Brown,TOT,F,30,646,21,57,178,0.32,8,40,0.2,49,138,0.355,56,81,0.691,49,146,32,34,14,47,61,178
146,1999,Korie Hlede,TOT,G,32,685,11,111,267,0.416,21,53,0.396,90,214,0.421,72,82,0.878,31,85,53,30,3,54,83,315
147,1999,Wendy Palmer,TOT,F,31,741,14,104,241,0.432,13,46,0.283,91,195,0.467,86,123,0.699,50,188,42,9,12,58,101,307
148,1999,Nyree Roberts,TOT,C,12,79,0,6,11,0.545,0,0,,6,11,0.545,5,9,0.556,3,12,1,5,1,11,5,17
149,1999,Olympia Scott,TOT,C,12,88,0,9,28,0.321,0,0,,9,28,0.321,7,12,0.583,8,20,5,1,3,8,21,25
0,2000,Markita Aldridge,WAS,G,29,272,0,25,54,0.463,6,12,0.5,19,42,0.452,7,22,0.318,8,24,28,9,4,27,30,63
1,2000,Keisha Anderson,WAS,G,30,434,9,29,68,0.426,3,8,0.375,26,60,0.433,14,18,0.778,12,46,75,25,3,47,53,75
2,2000,Mery Andrade,CLE,F,32,797,18,89,195,0.456,27,75,0.36,62,120,0.517,60,80,0.75,32,95,75,41,10,65,91,265
3,2000,Janeth Arcain,HOU,G,32,977,32,109,233,0.468,9,45,0.2,100,188,0.532,41,49,0.837,36,119,60,42,3,53,66,268
4,2000,Marlies Askamp,MIA,C,32,869,32,85,209,0.407,1,2,0.5,84,207,0.406,80,117,0.684,96,231,29,17,21,49,95,251
5,2000,Jennifer Azzi,UTA,G,15,559,15,47,104,0.452,10,24,0.417,37,80,0.463,40,43,0.93,5,41,92,12,5,28,43,144
6,2000,Tricia Bader Binford,CLE,G,25,201,0,17,48,0.354,8,24,0.333,9,24,0.375,5,6,0.833,2,11,21,17,1,18,16,47
7,2000,Rhonda Banchero,SAC,C,9,21,0,2,7,0.286,0,2,0.0,2,5,0.4,2,4,0.5,2,3,1,0,0,2,3,6
8,2000,Adia Barnes,CLE,F,5,18,0,3,5,0.6,0,1,0.0,3,4,0.75,2,4,0.5,2,2,4,0,0,2,2,8
9,2000,Quacy Barnes,SEA,C,31,705,23,89,213,0.418,1,9,0.111,88,204,0.431,30,56,0.536,27,84,33,19,33,62,103,209
10,2000,Cass Bauer-Bilodeau,CHA,C,29,398,18,29,72,0.403,0,1,0.0,29,71,0.408,18,21,0.857,20,56,14,8,3,28,72,76
11,2000,Tully Bevilaqua,POR,G,32,796,32,40,112,0.357,17,60,0.283,23,52,0.442,56,72,0.778,19,95,89,41,6,66,92,153
12,2000,Jessica Bibby,NYL,G,17,69,0,3,18,0.167,2,6,0.333,1,12,0.083,11,13,0.846,3,5,11,3,0,12,9,19
13,2000,Debbie Black,MIA,G,32,820,32,57,150,0.38,9,42,0.214,48,108,0.444,29,42,0.69,23,92,98,58,1,50,86,152
14,2000,Cindy Blodgett,SAC,G,20,133,0,20,50,0.4,8,28,0.286,12,22,0.545,4,6,0.667,1,9,3,8,1,13,9,52
15,2000,Ruthie Bolton,SAC,G,29,868,29,133,368,0.361,50,160,0.313,83,208,0.399,64,84,0.762,42,106,57,34,1,45,60,380
16,2000,Angie Braziel,CHA,F,22,203,3,19,49,0.388,0,0,,19,49,0.388,13,19,0.684,16,34,5,5,0,17,24,51
17,2000,Michelle Brogan,PHO,F,28,725,23,70,137,0.511,8,25,0.32,62,112,0.554,63,79,0.797,40,111,49,30,6,36,88,211
18,2000,Edwina Brown,DET,G-F,32,619,7,60,169,0.355,1,4,0.25,59,165,0.358,67,80,0.838,36,88,72,24,5,68,77,188
19,2000,Rushia Brown,CLE,F,30,679,22,93,187,0.497,1,2,0.5,92,185,0.497,66,78,0.846,54,124,44,38,13,59,81,253
20,2000,Marla Brumfield,MIN,G,32,613,17,47,101,0.465,1,9,0.111,46,92,0.5,29,42,0.69,22,60,42,22,2,40,70,124
21,2000,Vicky Bullett,WAS,F,32,1094,32,143,294,0.486,11,34,0.324,132,260,0.508,45,63,0.714,61,183,42,64,47,58,88,342
22,2000,Linda Burgess,SAC,F,5,41,0,3,15,0.2,0,0,,3,15,0.2,6,9,0.667,7,17,2,1,0,4,8,12
23,2000,Alisa Burras,POR,C,21,314,4,64,109,0.587,0,0,,64,109,0.587,31,41,0.756,20,74,6,3,7,36,36,159
24,2000,Latasha Byears,SAC,G-F,32,521,0,75,143,0.524,1,2,0.5,74,141,0.525,30,49,0.612,42,122,21,30,5,35,72,181
25,2000,Edna Campbell,SEA,G,16,510,16,84,215,0.391,13,49,0.265,71,166,0.428,41,58,0.707,8,34,37,19,4,40,35,222
26,2000,Michelle Campbell,WAS,C,5,22,0,2,5,0.4,0,0,,2,5,0.4,2,2,1.0,0,2,1,0,1,3,2,6
27,2000,Dominique Canty,DET,G,28,784,27,83,203,0.409,0,5,0.0,83,198,0.419,91,131,0.695,31,70,82,49,5,51,64,257
28,2000,Jamie Cassidy,MIA,C,22,175,0,20,55,0.364,4,8,0.5,16,47,0.34,30,43,0.698,7,23,9,5,2,13,17,74
29,2000,Michelle Cleary,PHO,G,24,509,7,14,45,0.311,10,30,0.333,4,15,0.267,19,27,0.704,12,37,77,34,2,14,36,59
30,2000,Stacy Clinesmith,SAC,G,26,285,2,20,57,0.351,12,41,0.293,8,16,0.5,14,17,0.824,7,30,49,12,1,25,19,66
31,2000,Katrina Colleton,MIA,F,32,873,32,103,293,0.352,5,21,0.238,98,272,0.36,53,70,0.757,15,63,50,27,7,65,65,264
32,2000,Cynthia Cooper,HOU,G,31,1085,31,180,392,0.459,43,121,0.355,137,271,0.506,147,168,0.875,17,85,156,39,6,99,61,550
33,2000,Sylvia Crawley,POR,F,31,930,30,143,298,0.48,0,2,0.0,143,296,0.483,71,102,0.696,64,185,34,29,24,88,96,357
34,2000,Beth Cunningham,WAS,G,21,198,0,17,68,0.25,9,37,0.243,8,31,0.258,16,19,0.842,4,21,12,2,0,12,23,59
35,2000,Grace Daley,MIN,G,30,577,4,57,147,0.388,17,56,0.304,40,91,0.44,42,65,0.646,32,72,57,12,0,50,49,173
36,2000,Helen Darling,CLE,G,32,556,0,47,150,0.313,13,38,0.342,34,112,0.304,48,65,0.738,24,63,65,37,5,67,52,155
37,2000,Anna DeForge,DET,G,27,433,10,51,126,0.405,18,56,0.321,33,70,0.471,25,32,0.781,9,47,47,27,4,33,34,145
38,2000,Keitha Dickerson,MIN,F,32,791,29,54,142,0.38,0,2,0.0,54,140,0.386,34,45,0.756,31,141,59,37,2,70,107,142
39,2000,Tamecka Dixon,LAS,G,31,882,31,132,291,0.454,12,34,0.353,120,257,0.467,62,77,0.805,34,105,96,40,10,60,86,338
40,2000,Cintia dos Santos,ORL,C,32,820,31,94,222,0.423,0,1,0.0,94,221,0.425,40,57,0.702,35,124,38,16,63,54,111,228
41,2000,Margo Dydek,UTA,C,32,775,32,105,236,0.445,2,14,0.143,103,222,0.464,82,103,0.796,29,175,51,18,96,82,114,294
42,2000,Simone Edwards,SEA,C,29,645,7,83,182,0.456,0,0,,83,182,0.456,50,80,0.625,38,107,22,16,10,44,57,216
43,2000,Tonya Edwards,PHO,G,32,926,32,112,298,0.376,35,114,0.307,77,184,0.418,79,101,0.782,19,76,58,36,9,63,80,338
44,2000,Shalonda Enis,CHA,F-C,12,323,9,41,104,0.394,11,32,0.344,30,72,0.417,46,60,0.767,21,45,10,10,1,16,30,139
45,2000,Summer Erb,CHA,C,29,275,0,32,73,0.438,0,1,0.0,32,72,0.444,28,43,0.651,26,63,10,8,6,17,68,92
46,2000,Barbara Farris,DET,F-C,14,130,2,15,30,0.5,0,1,0.0,15,29,0.517,15,27,0.556,16,32,2,6,1,14,30,45
47,2000,Allison Feaster,LAS,F,32,469,0,60,167,0.359,22,85,0.259,38,82,0.463,60,72,0.833,36,85,33,23,2,35,47,202
48,2000,Marina Ferragut,NYL,F,23,154,4,23,53,0.434,3,10,0.3,20,43,0.465,1,2,0.5,4,17,4,0,2,11,34,50
49,2000,Ukari Figgs,LAS,G,32,803,32,66,153,0.431,29,82,0.354,37,71,0.521,54,65,0.831,14,55,127,21,3,43,53,215
50,2000,Olga Firsova,NYL,C,9,19,0,4,10,0.4,0,1,0.0,4,9,0.444,4,5,0.8,0,4,1,0,1,2,8,12
51,2000,Milena Flores,MIA,G,32,474,0,34,112,0.304,18,61,0.295,16,51,0.314,26,42,0.619,6,23,49,23,3,48,36,112
52,2000,Kristin Folkl,MIN,F,32,845,20,86,191,0.45,4,19,0.211,82,172,0.477,66,94,0.702,38,154,67,23,22,50,80,242
53,2000,Kisha Ford,MIA,G-F,28,424,0,33,108,0.306,1,4,0.25,32,104,0.308,35,61,0.574,32,62,21,32,1,27,65,102
54,2000,Desiree Francis,NYL,F,1,2,0,0,1,0.0,0,0,,0,1,0.0,0,0,,0,0,0,0,0,0,0,0
55,2000,Stacy Frese,UTA,G,21,222,0,10,30,0.333,9,26,0.346,1,4,0.25,33,36,0.917,4,18,17,4,0,14,14,62
56,2000,La'Keshia Frett,LAS,F,25,187,0,14,51,0.275,0,1,0.0,14,50,0.28,12,16,0.75,8,24,6,7,6,13,10,40
57,2000,Andrea Garner,SEA,F-C,32,560,19,37,115,0.322,1,2,0.5,36,113,0.319,24,38,0.632,42,97,25,27,10,43,44,99
58,2000,Cornelia Gayden,ORL,G,3,7,0,1,2,0.5,0,1,0.0,1,1,1.0,0,0,,0,0,1,0,0,0,0,2
59,2000,Kelley Gibson,HOU,F-G,17,76,0,7,19,0.368,3,7,0.429,4,12,0.333,7,8,0.875,4,12,2,1,0,4,11,24
60,2000,Jennifer Gillom,PHO,F-C,30,826,30,139,316,0.44,19,69,0.275,120,247,0.486,79,106,0.745,31,116,45,21,29,59,91,376
61,2000,Usha Gilmore,IND,G,4,21,0,1,5,0.2,0,1,0.0,1,4,0.25,0,0,,3,5,2,0,0,4,6,2
62,2000,Adrienne Goodson,UTA,F,29,929,28,199,415,0.48,8,29,0.276,191,386,0.495,92,134,0.687,69,164,69,41,7,81,67,498
63,2000,Vedrana Grgin-Fonseca,LAS,F,18,183,0,17,62,0.274,1,17,0.059,16,45,0.356,14,23,0.609,9,23,12,3,1,14,17,49
64,2000,Yolanda Griffith,SAC,C-F,32,1026,32,193,361,0.535,0,0,,193,361,0.535,137,194,0.706,148,331,47,83,61,82,110,523
65,2000,Lady Grooms,SAC,F,30,401,3,39,88,0.443,0,1,0.0,39,87,0.448,46,61,0.754,27,44,13,10,3,21,27,124
66,2000,Gordana Grubin,IND,G,29,720,20,90,239,0.377,28,91,0.308,62,148,0.419,31,40,0.775,20,76,63,31,0,60,47,239
67,2000,Vicki Hall,CLE,F,32,577,10,59,158,0.373,10,42,0.238,49,116,0.422,22,34,0.647,24,92,24,17,8,25,60,150
68,2000,Becky Hammon,NYL,G,32,835,16,119,252,0.472,52,141,0.369,67,111,0.604,61,69,0.884,19,64,58,29,1,62,55,351
69,2000,Romana Hamzova,ORL,G,15,43,0,2,11,0.182,0,3,0.0,2,8,0.25,3,6,0.5,1,3,5,5,0,4,4,7
70,2000,Donna Harrington,IND,F,8,67,0,1,6,0.167,0,0,,1,6,0.167,6,10,0.6,4,9,5,2,1,11,16,8
71,2000,Lisa Harrison,PHO,F,31,750,20,81,154,0.526,8,12,0.667,73,142,0.514,30,37,0.811,38,121,36,30,4,22,62,200
72,2000,Dena Head,PHO,G,17,149,1,8,22,0.364,1,7,0.143,7,15,0.467,10,16,0.625,5,18,15,4,0,11,17,27
73,2000,Sonja Henning,SEA,G,32,980,32,53,151,0.351,25,66,0.379,28,85,0.329,37,61,0.607,22,86,79,61,3,54,73,168
74,2000,Amy Herrig,UTA,C,25,341,0,36,75,0.48,0,1,0.0,36,74,0.486,19,31,0.613,26,59,20,7,5,29,41,91
75,2000,Katrina Hibbert,SEA,G-F,20,240,6,19,59,0.322,8,31,0.258,11,28,0.393,7,9,0.778,8,30,18,7,1,17,22,53
76,2000,Jessie Hicks,ORL,C-F,26,157,1,10,23,0.435,0,0,,10,23,0.435,18,29,0.621,13,26,4,2,7,17,33,38
77,2000,E.C. Hill,CHA,G,26,213,0,16,56,0.286,5,22,0.227,11,34,0.324,2,5,0.4,8,23,14,5,1,25,33,39
78,2000,Korie Hlede,UTA,G,31,867,31,118,260,0.454,25,58,0.431,93,202,0.46,51,70,0.729,25,93,92,38,4,76,84,312
79,2000,Chamique Holdsclaw,WAS,F,32,1131,32,232,499,0.465,10,39,0.256,222,460,0.483,87,128,0.68,57,240,80,47,18,93,74,561
80,2000,Kedra Holland-Corn,SAC,G,32,934,32,111,253,0.439,44,122,0.361,67,131,0.511,46,66,0.697,28,70,81,43,5,74,63,312
81,2000,Joy Holmes-Harris,DET,F,29,271,0,33,70,0.471,4,11,0.364,29,59,0.492,21,30,0.7,17,45,14,11,4,16,36,91
82,2000,Kym Hope,UTA,C,3,4,0,0,1,0.0,0,0,,0,1,0.0,2,2,1.0,0,2,0,0,0,1,0,2
83,2000,Dalma Ivanyi,UTA,G,27,489,16,30,96,0.313,12,43,0.279,18,53,0.34,21,28,0.75,12,54,63,25,3,50,67,93
84,2000,Tammy Jackson,HOU,F-C,29,339,1,35,61,0.574,0,0,,35,61,0.574,6,11,0.545,18,61,11,12,9,24,62,76
85,2000,Tamicha Jackson,DET,G,17,267,0,41,106,0.387,8,32,0.25,33,74,0.446,26,35,0.743,8,25,36,22,0,21,30,116
86,2000,Adrienne Johnson,ORL,G,32,1100,31,175,393,0.445,52,148,0.351,123,245,0.502,34,38,0.895,30,90,54,24,3,56,59,436
87,2000,LaTonya Johnson,UTA,F,29,481,6,52,129,0.403,12,36,0.333,40,93,0.43,28,43,0.651,14,52,26,12,2,34,65,144
88,2000,Niesa Johnson,CHA,G,6,78,0,9,17,0.529,2,5,0.4,7,12,0.583,6,6,1.0,0,4,11,4,0,9,3,26
89,2000,Pollyanna Johns Kimbrough,CLE,C,12,57,0,5,10,0.5,0,0,,5,10,0.5,7,12,0.583,7,14,2,0,1,8,9,17
90,2000,Shannon Johnson,ORL,G,32,1126,32,122,309,0.395,30,90,0.333,92,219,0.42,107,144,0.743,53,155,169,58,7,102,83,381
91,2000,Tiffani Johnson,HOU,C,31,687,29,48,100,0.48,0,0,,48,100,0.48,35,50,0.7,59,147,10,10,16,17,86,131
92,2000,Vickie Johnson,NYL,G-F,31,1023,31,143,324,0.441,27,71,0.38,116,253,0.458,67,76,0.882,40,137,77,22,5,57,48,380
93,2000,Jameka Jones,MIA,G,21,233,0,25,95,0.263,7,35,0.2,18,60,0.3,13,18,0.722,10,22,10,8,0,25,40,70
94,2000,Larecha Jones,CHA,G-F,9,54,0,8,19,0.421,2,6,0.333,6,13,0.462,1,2,0.5,0,5,2,0,1,4,5,19
95,2000,Merlakia Jones,CLE,G,32,948,32,153,323,0.474,14,45,0.311,139,278,0.5,32,47,0.681,52,139,63,29,2,60,86,352
96,2000,Tanja Kostic,MIA,F,5,46,0,3,9,0.333,0,0,,3,9,0.333,1,2,0.5,3,5,4,2,0,7,6,7
97,2000,Nicole Kubik,PHO,G,4,19,0,1,3,0.333,0,1,0.0,1,2,0.5,4,4,1.0,0,2,2,0,0,3,4,6
98,2000,Venus Lacy,NYL,C,2,18,2,2,5,0.4,0,0,,2,5,0.4,2,4,0.5,1,5,0,0,0,2,0,6
99,2000,Monica Lamb,HOU,C,13,140,2,10,20,0.5,0,0,,10,20,0.5,6,12,0.5,5,26,3,2,4,4,23,26
100,2000,Betty Lennox,MIN,G,32,984,31,201,471,0.427,55,139,0.396,146,332,0.44,84,105,0.8,53,178,82,53,9,97,112,541
101,2000,Lisa Leslie,LAS,C,32,1028,32,197,430,0.458,7,32,0.219,190,398,0.477,169,205,0.824,75,306,60,31,74,103,134,570
102,2000,Andrea Lloyd-Curry,MIN,F,14,333,2,26,68,0.382,11,32,0.344,15,36,0.417,12,17,0.706,14,43,22,12,2,24,32,75
103,2000,Stacey Lovelace,SEA,C,23,324,1,36,103,0.35,2,9,0.222,34,94,0.362,25,31,0.806,19,57,16,13,2,35,42,99
104,2000,Mwadi Mabika,LAS,G,32,940,32,130,335,0.388,61,159,0.384,69,176,0.392,73,89,0.82,45,179,98,58,18,51,117,394
105,2000,Clarisse Machanguana,LAS,C-F,31,421,1,48,83,0.578,0,1,0.0,48,82,0.585,14,25,0.56,20,72,18,13,4,19,66,110
106,2000,Shea Mahoney,NYL,F,15,158,3,11,38,0.289,1,5,0.2,10,33,0.303,4,8,0.5,10,30,4,2,1,5,14,27
107,2000,Sharon Manning,MIA,F-C,24,403,9,44,92,0.478,1,2,0.5,43,90,0.478,14,26,0.538,41,100,17,23,4,39,59,103
108,2000,Rhonda Mapp,CHA,C,30,856,30,138,300,0.46,8,22,0.364,130,278,0.468,73,88,0.83,60,205,64,30,24,59,112,357
109,2000,Michelle Marciniak,POR,G,32,537,0,58,154,0.377,18,54,0.333,40,100,0.4,43,75,0.573,11,59,73,37,6,67,79,177
110,2000,Maylana Martin,MIN,C-F,30,456,13,54,118,0.458,5,19,0.263,49,99,0.495,19,32,0.594,25,67,21,17,13,29,81,132
111,2000,Monica Maxwell,IND,F,32,1029,32,110,285,0.386,62,156,0.397,48,129,0.372,50,58,0.862,40,160,63,49,16,64,92,332
112,2000,Tiffany McCain,ORL,G,25,214,0,15,49,0.306,5,22,0.227,10,27,0.37,16,18,0.889,2,11,5,3,1,9,18,51
113,2000,Stephanie White,IND,G-F,32,635,12,66,166,0.398,27,70,0.386,39,96,0.406,71,86,0.826,14,60,57,31,6,47,49,230
114,2000,Suzie McConnell Serio,CLE,G,32,705,32,58,140,0.414,38,97,0.392,20,43,0.465,19,25,0.76,9,50,119,15,1,69,30,173
115,2000,Nikki McCray,WAS,G,32,1046,32,167,385,0.434,50,151,0.331,117,234,0.5,113,147,0.769,22,56,85,45,5,89,79,497
116,2000,Nicky McCrimmon,LAS,G,32,488,0,39,77,0.506,16,33,0.485,23,44,0.523,7,14,0.5,9,32,65,29,8,48,41,101
117,2000,Danielle McCulley,IND,C-F,29,456,2,63,153,0.412,3,17,0.176,60,136,0.441,46,63,0.73,45,82,19,16,22,37,63,175
118,2000,Carla McGhee,ORL,F,32,408,0,30,83,0.361,0,3,0.0,30,80,0.375,27,39,0.692,27,64,23,21,5,31,58,87
119,2000,Taj McWilliams-Franklin,ORL,F-C,32,1098,32,173,330,0.524,5,17,0.294,168,313,0.537,87,122,0.713,90,244,54,59,31,83,86,438
120,2000,Chasity Melvin,CLE,C-F,32,904,32,136,289,0.471,1,7,0.143,135,282,0.479,100,137,0.73,69,172,61,29,18,62,113,373
121,2000,Tausha Mills,WAS,C,31,295,0,46,105,0.438,0,0,,46,105,0.438,38,51,0.745,39,80,9,10,8,37,71,130
122,2000,DeLisha Milton-Jones,LAS,F,32,983,32,150,293,0.512,2,8,0.25,148,285,0.519,76,102,0.745,55,194,68,44,29,67,124,378
123,2000,Naomi Mulitauaopele,UTA,C,22,291,3,41,69,0.594,2,3,0.667,39,66,0.591,15,20,0.75,12,34,6,4,6,30,37,99
124,2000,Andrea Nagy,WAS,G,23,694,23,31,79,0.392,14,39,0.359,17,40,0.425,21,26,0.808,10,63,118,17,8,55,55,97
125,2000,Astou Ndiaye-Diatta,DET,F,32,868,32,158,333,0.474,1,6,0.167,157,327,0.48,29,51,0.569,65,187,40,23,22,63,86,346
126,2000,Eva Nemcova,CLE,F,14,443,14,67,164,0.409,29,71,0.408,38,93,0.409,22,24,0.917,9,41,23,15,8,27,29,185
127,2000,Claudia Neves,DET,G,30,636,20,63,166,0.38,28,92,0.304,35,74,0.473,25,30,0.833,8,35,59,31,1,56,31,179
128,2000,Vanessa Nygaard,POR,F,32,843,28,91,209,0.435,30,90,0.333,61,119,0.513,41,54,0.759,50,121,30,17,5,38,98,253
129,2000,Heather Owen,WAS,F-C,11,60,0,1,4,0.25,0,0,,1,4,0.25,0,0,,2,9,2,0,0,3,12,2
130,2000,Shantia Owens,MIA,F,31,605,16,51,131,0.389,0,0,,51,131,0.389,29,54,0.537,47,97,21,11,26,54,95,131
131,2000,Murriel Page,WAS,F,32,1046,32,131,222,0.59,0,0,,131,222,0.59,52,92,0.565,79,208,64,23,32,63,103,314
132,2000,Wendy Palmer,DET,F,32,914,30,167,373,0.448,12,48,0.25,155,325,0.477,95,135,0.704,67,219,39,20,10,65,112,441
133,2000,Kate Paye,MIN,G,28,408,12,19,58,0.328,12,41,0.293,7,17,0.412,6,9,0.667,3,30,38,8,6,28,49,56
134,2000,Ticha Penicheiro,SAC,G,30,936,30,68,185,0.368,10,50,0.2,58,135,0.43,62,107,0.579,12,89,236,70,6,71,71,208
135,2000,Bridget Pettis,PHO,G,32,583,6,60,168,0.357,20,75,0.267,40,93,0.43,49,61,0.803,19,60,46,31,4,39,62,189
136,2000,Tari Phillips,NYL,F-C,31,978,30,170,364,0.467,2,8,0.25,168,356,0.472,85,130,0.654,86,247,28,59,21,85,110,427
137,2000,Angie Potthoff,MIN,F,3,8,0,0,2,0.0,0,1,0.0,0,1,0.0,0,0,,0,2,1,0,0,0,3,0
138,2000,Elaine Powell,ORL,G,20,347,1,26,66,0.394,3,9,0.333,23,57,0.404,17,22,0.773,17,50,42,12,1,30,21,72
139,2000,Lynn Pride,POR,G-F,32,462,1,41,118,0.347,3,9,0.333,38,109,0.349,29,42,0.69,22,61,40,16,9,33,59,114
140,2000,Texlin Quinney,IND,F,17,118,0,6,14,0.429,0,0,,6,14,0.429,3,5,0.6,11,16,15,4,0,10,12,15
141,2000,Jamie Redd,SEA,F,26,387,8,49,125,0.392,18,52,0.346,31,73,0.425,24,34,0.706,18,45,16,19,1,35,53,140
142,2000,Brandy Reed,PHO,F,32,1090,30,231,456,0.507,18,43,0.419,213,413,0.516,128,142,0.901,59,188,86,66,21,90,52,608
143,2000,Tracy Reid,CHA,F,29,620,17,86,180,0.478,0,2,0.0,86,178,0.483,39,72,0.542,45,100,29,14,9,51,47,211
144,2000,Jennifer Rizzotti,HOU,G,32,437,2,21,55,0.382,12,39,0.308,9,16,0.563,6,9,0.667,6,36,44,15,2,26,38,60
145,2000,Crystal Robinson,NYL,F,27,722,14,86,201,0.428,36,102,0.353,50,99,0.505,30,33,0.909,26,68,48,23,10,33,74,238
146,2000,Renee Robinson,WAS,G,2,5,0,0,1,0.0,0,1,0.0,0,0,,4,4,1.0,0,0,0,1,0,1,3,4
147,2000,Jannon Roland,ORL,F,21,173,0,13,37,0.351,3,10,0.3,10,27,0.37,4,8,0.5,7,17,8,6,0,19,16,33
148,2000,Nykesha Sales,ORL,F-G,32,995,32,170,383,0.444,47,119,0.395,123,264,0.466,43,62,0.694,43,139,69,47,12,67,92,430
149,2000,Charisse Sampson,SEA,G,21,280,6,22,47,0.468,9,23,0.391,13,24,0.542,25,28,0.893,14,41,11,18,6,14,37,78
150,2000,Sheri Sam,MIA,G-F,31,904,27,147,380,0.387,35,120,0.292,112,260,0.431,67,100,0.67,38,132,66,35,5,74,67,396
151,2000,Alessandra Santos de Oliveira,IND,C,3,11,0,1,1,1.0,0,0,,1,1,1.0,1,6,0.167,0,3,0,0,0,2,3,3
152,2000,Rankica Sarenac,PHO,C,20,142,0,23,44,0.523,1,1,1.0,22,43,0.512,17,27,0.63,11,30,8,0,1,17,30,64
153,2000,Paige Sauer,LAS,C,12,66,0,8,14,0.571,0,0,,8,14,0.571,4,5,0.8,3,16,3,2,1,6,10,20
154,2000,Olympia Scott,DET,C,28,369,0,37,89,0.416,0,2,0.0,37,87,0.425,26,40,0.65,28,80,28,12,10,45,83,100
155,2000,Elena Shakirova,HOU,C,14,150,0,13,30,0.433,2,12,0.167,11,18,0.611,29,33,0.879,14,31,4,5,2,7,12,57
156,2000,Madinah Slaise,DET,G,3,7,0,0,2,0.0,0,1,0.0,0,1,0.0,4,4,1.0,0,1,0,1,0,0,0,4
157,2000,Charlotte Smith,CHA,F,30,659,7,56,159,0.352,24,76,0.316,32,83,0.386,20,25,0.8,29,106,55,15,17,48,88,156
158,2000,Charmin Smith,SEA,G,32,516,3,16,56,0.286,10,32,0.313,6,24,0.25,10,18,0.556,14,47,53,16,3,32,52,52
159,2000,Katie Smith,MIN,G,32,1193,32,203,482,0.421,88,232,0.379,115,250,0.46,152,175,0.869,28,93,90,44,7,76,71,646
160,2000,LaCharlotte Smith,ORL,G,3,12,0,2,3,0.667,0,1,0.0,2,2,1.0,1,1,1.0,1,2,1,2,0,2,2,5
161,2000,Tangela Smith,SAC,C,32,925,32,176,371,0.474,0,0,,176,371,0.474,36,46,0.783,61,178,43,30,64,60,107,388
162,2000,Dawn Staley,CHA,G,32,1099,32,94,253,0.372,29,88,0.33,65,165,0.394,65,74,0.878,21,77,190,37,1,91,80,282
163,2000,Kate Starbird,UTA,F-G,29,340,0,39,109,0.358,5,23,0.217,34,86,0.395,34,42,0.81,12,33,30,13,11,29,32,117
164,2000,Katy Steding,SAC,F,29,309,0,36,95,0.379,17,53,0.321,19,42,0.452,2,7,0.286,11,39,14,11,10,17,22,91
165,2000,Maria Stepanova,PHO,C,15,170,1,24,54,0.444,0,0,,24,54,0.444,9,15,0.6,15,48,8,4,9,22,42,57
166,2000,Andrea Stinson,CHA,G,32,1123,32,214,463,0.462,38,106,0.358,176,357,0.493,99,134,0.739,35,136,121,55,23,86,77,565
167,2000,Shanele Stires,MIN,F,21,117,0,13,29,0.448,5,10,0.5,8,19,0.421,4,6,0.667,6,14,7,6,0,14,22,35
168,2000,Jurgita Streimikyte,IND,F,27,424,6,46,117,0.393,2,6,0.333,44,111,0.396,27,35,0.771,25,71,44,16,23,32,67,121
169,2000,Sheryl Swoopes,HOU,F-G,31,1090,31,245,484,0.506,34,91,0.374,211,393,0.537,119,145,0.821,40,195,119,87,33,82,67,643
170,2000,Sonja Tate,MIN,G,8,94,0,10,22,0.455,6,11,0.545,4,11,0.364,1,2,0.5,6,13,5,3,0,7,13,27
171,2000,Stacey Thomas,POR,F,32,863,31,58,163,0.356,3,12,0.25,55,151,0.364,44,74,0.595,48,126,101,54,15,68,93,163
172,2000,Alicia Thompson,IND,F,31,792,26,131,255,0.514,18,40,0.45,113,215,0.526,30,42,0.714,48,157,41,24,4,53,85,310
173,2000,Tina Thompson,HOU,F,32,1087,32,191,407,0.469,55,132,0.417,136,275,0.495,103,123,0.837,68,245,48,47,25,84,88,540
174,2000,Robin Threatt-Elliott,SEA,G,20,377,7,60,157,0.382,12,37,0.324,48,120,0.4,23,35,0.657,10,32,18,13,3,30,36,155
175,2000,Michele Timms,PHO,G,8,176,8,11,30,0.367,4,17,0.235,7,13,0.538,4,4,1.0,2,16,18,15,2,18,22,30
176,2000,Elena Tornikidou,DET,F,32,869,32,122,241,0.506,1,8,0.125,121,233,0.519,85,93,0.914,41,110,82,29,13,68,73,330
177,2000,Tiffany Travis,CHA,F,32,574,12,70,158,0.443,12,25,0.48,58,133,0.436,21,28,0.75,24,81,26,31,4,32,74,173
178,2000,Chantel Tremitiere,IND,G,25,318,3,18,51,0.353,4,9,0.444,14,42,0.333,10,16,0.625,6,31,51,10,1,30,30,50
179,2000,Amaya Valdemoro,HOU,F,22,171,0,20,60,0.333,11,29,0.379,9,31,0.29,6,6,1.0,3,21,13,8,4,13,21,57
180,2000,Michele Van Gorp,POR,C,28,199,1,25,50,0.5,0,0,,25,50,0.5,19,35,0.543,16,42,5,3,4,30,37,69
181,2000,Kamila Vodichkova,SEA,F-C,23,489,19,68,171,0.398,4,20,0.2,64,151,0.424,60,78,0.769,28,97,22,13,12,57,63,200
182,2000,DeMya Walker,POR,F,30,311,1,35,88,0.398,0,2,0.0,35,86,0.407,22,47,0.468,29,47,19,17,7,35,69,92
183,2000,Coquese Washington,HOU,G,25,236,0,12,33,0.364,3,15,0.2,9,18,0.5,16,20,0.8,3,19,24,16,0,19,19,43
184,2000,Tonya Massaline,WAS,F,19,103,0,8,29,0.276,6,14,0.429,2,15,0.133,4,6,0.667,6,14,5,2,0,4,4,26
185,2000,Ann Wauters,CLE,C,32,598,0,78,149,0.523,0,2,0.0,78,147,0.531,43,58,0.741,47,129,37,21,24,63,75,199
186,2000,Teresa Weatherspoon,NYL,G,32,1078,32,67,153,0.438,11,44,0.25,56,109,0.514,60,81,0.741,16,109,204,65,5,86,85,205
187,2000,Umeki Webb,MIA,G-F,13,195,5,10,40,0.25,2,8,0.25,8,32,0.25,21,25,0.84,3,14,14,7,4,23,29,43
188,2000,Tamika Whitmore,NYL,F,32,689,16,109,253,0.431,0,3,0.0,109,250,0.436,59,84,0.702,34,105,20,17,17,53,102,277
189,2000,Sue Wicks,NYL,F,32,680,12,55,143,0.385,1,5,0.2,54,138,0.391,45,62,0.726,49,149,21,26,39,50,78,156
190,2000,Jamila Wideman,POR,G,5,35,0,0,2,0.0,0,0,,0,2,0.0,0,0,,2,4,2,2,0,6,3,0
191,2000,Adrian Williams-Strong,PHO,C-F,28,351,2,29,72,0.403,0,0,,29,72,0.403,20,38,0.526,24,71,16,14,4,29,42,78
192,2000,Beverly Williams,IND,G,1,3,0,0,0,,0,0,,0,0,,0,0,,0,0,0,0,0,0,2,0
193,2000,Natalie Williams,UTA,C,29,1039,29,179,365,0.49,3,5,0.6,176,360,0.489,182,228,0.798,132,336,51,35,18,79,124,543
194,2000,Rita Williams,IND,G,32,1014,29,112,274,0.409,49,131,0.374,63,143,0.441,79,108,0.731,22,95,101,76,3,69,69,352
195,2000,Tara Williams,POR,G,26,174,0,31,69,0.449,14,41,0.341,17,28,0.607,4,8,0.5,5,17,13,8,2,10,26,80
196,2000,Amanda Wilson,PHO,F,3,9,0,0,1,0.0,0,0,,0,1,0.0,2,4,0.5,0,1,1,0,0,0,2,2
197,2000,Sophia Witherspoon,POR,G,32,1061,32,175,456,0.384,60,163,0.368,115,293,0.392,128,147,0.871,23,105,68,38,8,88,72,538
198,2000,Kara Wolters,IND,C,31,793,30,148,264,0.561,0,0,,148,264,0.561,74,100,0.74,46,164,39,12,49,73,99,370
199,2000,Oksana Zakaluzhnaya,DET,C,23,258,0,38,73,0.521,3,7,0.429,35,66,0.53,10,11,0.909,15,46,2,5,13,19,45,89
200,2000,Angela Aycock,TOT,G,4,13,0,0,3,0.0,0,2,0.0,0,1,0.0,0,0,,1,5,4,0,0,0,3,0
201,2000,Michelle Edwards,TOT,G,23,472,13,55,153,0.359,6,35,0.171,49,118,0.415,23,35,0.657,7,36,41,14,5,42,32,139
202,2000,Katryna Gaither,TOT,C,15,78,0,5,15,0.333,0,0,,5,15,0.333,10,10,1.0,8,20,5,4,1,5,10,20
203,2000,Kristen Rasmussen,TOT,F,26,463,7,35,100,0.35,2,7,0.286,33,93,0.355,54,64,0.844,45,98,28,25,14,30,49,126
0,2001,Svetlana Abrosimova,MIN,F,26,846,23,115,294,0.391,20,77,0.26,95,217,0.438,96,132,0.727,43,174,53,42,9,85,70,346
1,2001,Markita Aldridge,WAS,G,5,35,0,3,9,0.333,0,3,0.0,3,6,0.5,1,1,1.0,2,2,2,0,0,4,5,7
2,2001,Tawona Alhaleem,ORL,F-G,26,252,1,19,58,0.328,4,11,0.364,15,47,0.319,7,14,0.5,15,38,14,11,0,28,20,49
3,2001,Mactabene Amachree,NYL,F,2,3,0,0,0,,0,0,,0,0,,1,2,0.5,1,1,0,0,1,1,2,1
4,2001,Keisha Anderson,CHA,G,18,102,0,2,16,0.125,0,2,0.0,2,14,0.143,8,10,0.8,3,15,14,6,0,17,8,12
5,2001,Mery Andrade,CLE,F,32,893,32,58,171,0.339,6,30,0.2,52,141,0.369,30,45,0.667,21,87,100,51,10,61,77,152
6,2001,Janeth Arcain,HOU,G,32,1154,32,217,509,0.426,22,66,0.333,195,443,0.44,135,150,0.9,49,136,94,60,3,83,82,591
7,2001,Marlies Askamp,MIA,C,30,431,11,28,58,0.483,0,0,,28,58,0.483,18,32,0.563,35,87,15,12,11,19,62,74
8,2001,Jennifer Azzi,UTA,G,32,1205,32,75,184,0.408,38,74,0.514,37,110,0.336,88,96,0.917,10,98,171,22,10,69,89,276
9,2001,Tricia Bader Binford,CLE,G,19,114,0,8,20,0.4,5,13,0.385,3,7,0.429,0,0,,2,12,11,5,0,8,7,21
10,2001,Elena Baranova,MIA,F,32,984,30,141,330,0.427,30,80,0.375,111,250,0.444,66,71,0.93,41,191,63,33,57,62,81,378
11,2001,LaQuanda Barksdale,POR,G,5,35,0,1,10,0.1,0,3,0.0,1,7,0.143,0,0,,1,6,4,2,0,1,3,2
12,2001,Adia Barnes,CLE,F,3,3,0,1,1,1.0,0,0,,1,1,1.0,0,0,,0,1,0,0,0,0,0,2
13,2001,Quacy Barnes,SEA,C,20,229,3,23,59,0.39,1,1,1.0,22,58,0.379,21,27,0.778,14,34,11,9,6,16,29,68
14,2001,Cass Bauer-Bilodeau,WAS,C,15,102,0,5,17,0.294,0,1,0.0,5,16,0.313,5,10,0.5,8,18,3,2,1,6,12,15
15,2001,Tully Bevilaqua,POR,G,31,788,31,39,119,0.328,23,73,0.315,16,46,0.348,52,71,0.732,27,88,103,59,6,52,102,153
16,2001,Debbie Black,MIA,G,32,946,32,70,187,0.374,3,20,0.15,67,167,0.401,37,48,0.771,43,126,123,82,2,51,69,180
17,2001,Cindy Blodgett,SAC,G,11,72,0,13,29,0.448,8,15,0.533,5,14,0.357,0,0,,1,9,6,6,1,11,6,34
18,2001,Ruthie Bolton,SAC,G,31,582,0,73,216,0.338,40,110,0.364,33,106,0.311,36,52,0.692,34,93,55,28,1,39,55,222
19,2001,Carla Boyd,DET,F,21,230,0,23,67,0.343,11,36,0.306,12,31,0.387,18,20,0.9,10,26,14,11,2,16,32,75
20,2001,Angie Braziel,IND,F,23,341,0,50,115,0.435,0,1,0.0,50,114,0.439,27,35,0.771,21,77,7,9,13,20,27,127
21,2001,Reshea Bristol,CHA,G,1,5,0,0,1,0.0,0,0,,0,1,0.0,0,0,,2,2,0,0,0,1,0,0
22,2001,Sandy Brondello,MIA,G,29,850,29,142,344,0.413,26,66,0.394,116,278,0.417,57,70,0.814,10,50,63,28,4,37,61,367
23,2001,Edwina Brown,DET,G-F,32,800,14,85,232,0.366,20,53,0.377,65,179,0.363,47,60,0.783,31,101,87,33,7,68,83,237
24,2001,Rushia Brown,CLE,F,30,760,24,101,195,0.518,1,1,1.0,100,194,0.515,46,63,0.73,49,132,37,44,10,37,73,249
25,2001,Marla Brumfield,MIA,G,27,247,0,17,60,0.283,5,15,0.333,12,45,0.267,5,5,1.0,9,25,32,20,0,24,27,44
26,2001,Vicky Bullett,WAS,F,32,1073,32,112,286,0.392,19,64,0.297,93,222,0.419,35,48,0.729,65,231,41,53,58,53,86,278
27,2001,Annie La Fleur,WAS,G,31,731,27,47,141,0.333,14,47,0.298,33,94,0.351,16,27,0.593,27,76,88,26,2,60,45,124
28,2001,Alisa Burras,POR,C,26,272,1,44,83,0.53,0,0,,44,83,0.53,18,31,0.581,22,59,10,5,3,30,30,106
29,2001,Janell Burse,MIN,C,20,169,0,16,48,0.333,0,1,0.0,16,47,0.34,15,20,0.75,23,42,5,2,15,20,20,47
30,2001,Latasha Byears,LAS,G-F,32,739,13,133,221,0.602,1,3,0.333,132,218,0.606,30,52,0.577,80,183,29,42,13,38,112,297
31,2001,Edna Campbell,SAC,G,32,854,32,92,244,0.377,43,94,0.457,49,150,0.327,33,43,0.767,11,85,74,19,9,64,45,260
32,2001,Dominique Canty,DET,G,32,625,18,70,193,0.363,1,5,0.2,69,188,0.367,56,74,0.757,45,83,70,31,1,55,69,197
33,2001,Michelle Cleary,PHO,G,4,49,0,0,3,0.0,0,2,0.0,0,1,0.0,2,2,1.0,2,3,9,2,0,3,2,2
34,2001,Stacy Clinesmith,SAC,G,16,75,0,4,14,0.286,2,10,0.2,2,4,0.5,0,0,,0,3,14,1,0,6,10,10
35,2001,Katrina Colleton,MIA,F,14,121,0,10,39,0.256,0,1,0.0,10,38,0.263,6,10,0.6,2,7,7,2,1,7,9,26
36,2001,Cara Consuegra,UTA,G,15,50,0,0,5,0.0,0,2,0.0,0,3,0.0,2,4,0.5,1,6,10,4,0,11,4,2
37,2001,Camille Cooper,NYL,C,4,51,0,8,12,0.667,0,0,,8,12,0.667,10,13,0.769,7,11,1,0,2,3,6,26
38,2001,Sylvia Crawley,POR,F,32,921,32,120,267,0.449,0,1,0.0,120,266,0.451,59,77,0.766,63,203,54,19,26,61,85,299
39,2001,Grace Daley,NYL,G,15,66,0,10,21,0.476,0,5,0.0,10,16,0.625,5,9,0.556,3,8,10,8,1,7,12,25
40,2001,Helen Darling,CLE,G,32,778,32,59,166,0.355,23,70,0.329,36,96,0.375,55,72,0.764,18,76,109,34,4,70,59,196
41,2001,Keitha Dickerson,UTA,F,4,6,0,0,0,,0,0,,0,0,,0,4,0.0,0,1,1,0,0,0,0,0
42,2001,Tamecka Dixon,LAS,G,29,925,29,133,319,0.417,6,34,0.176,127,285,0.446,68,86,0.791,19,85,114,27,2,71,52,340
43,2001,Cintia dos Santos,ORL,C,10,65,0,7,19,0.368,0,0,,7,19,0.368,5,6,0.833,1,6,2,3,5,7,18,19
44,2001,Katie Douglas,ORL,G-F,22,439,0,51,141,0.362,18,57,0.316,33,84,0.393,34,47,0.723,16,51,39,37,7,44,34,154
45,2001,Margo Dydek,UTA,C,32,970,32,128,291,0.44,6,15,0.4,122,276,0.442,87,109,0.798,29,243,64,25,113,90,108,349
46,2001,Michelle Edwards,SEA,G,3,13,0,1,3,0.333,0,0,,1,3,0.333,2,2,1.0,0,2,4,1,0,3,2,4
47,2001,Simone Edwards,SEA,C,32,810,27,91,190,0.479,0,0,,91,190,0.479,55,83,0.663,67,157,26,24,20,37,54,237
48,2001,Shalonda Enis,CHA,F-C,32,623,11,66,158,0.418,14,31,0.452,52,127,0.409,45,63,0.714,48,113,14,10,5,36,60,191
49,2001,Summer Erb,CHA,C,18,148,0,18,42,0.429,0,0,,18,42,0.429,18,21,0.857,8,35,4,1,5,10,23,54
50,2001,Trisha Fallon,PHO,G-F,31,841,16,127,259,0.49,15,37,0.405,112,222,0.505,53,65,0.815,35,77,33,35,12,47,43,322
51,2001,Barbara Farris,DET,F-C,31,559,10,46,98,0.469,0,0,,46,98,0.469,37,58,0.638,41,109,16,7,5,30,68,129
52,2001,Allison Feaster,CHA,F,32,1007,32,126,336,0.375,55,168,0.327,71,168,0.423,58,63,0.921,55,153,46,29,10,59,86,365
53,2001,Marie Ferdinand-Harris,UTA,G,32,864,22,143,290,0.493,11,42,0.262,132,248,0.532,69,113,0.611,23,86,79,40,4,63,70,366
54,2001,Ukari Figgs,LAS,G,32,930,29,76,179,0.425,54,117,0.462,22,62,0.355,51,63,0.81,14,100,126,43,4,55,42,257
55,2001,Kristin Folkl,POR,F,32,862,31,71,166,0.428,5,12,0.417,66,154,0.429,33,40,0.825,49,245,45,20,34,39,56,180
56,2001,Kisha Ford,MIA,G-F,30,395,1,26,80,0.325,1,11,0.091,25,69,0.362,18,32,0.563,19,65,21,17,5,18,43,71
57,2001,Stacey Ford,NYL,F,1,3,0,1,1,1.0,0,0,,1,1,1.0,0,0,,0,1,0,0,0,0,0,2
58,2001,La'Keshia Frett,SAC,F,30,403,10,49,126,0.389,0,0,,49,126,0.389,30,35,0.857,23,55,18,10,6,32,30,128
59,2001,Kelley Gibson,HOU,F-G,28,288,6,13,57,0.228,3,21,0.143,10,36,0.278,15,22,0.682,6,29,13,8,6,15,20,44
60,2001,Jennifer Gillom,PHO,F-C,32,858,32,150,355,0.423,24,70,0.343,126,285,0.442,71,96,0.74,36,127,35,31,19,71,91,395
61,2001,Adrienne Goodson,UTA,F,28,854,25,138,319,0.433,5,31,0.161,133,288,0.462,62,89,0.697,66,152,58,27,0,75,64,343
62,2001,Vedrana Grgin-Fonseca,LAS,F,24,223,7,28,65,0.431,6,19,0.316,22,46,0.478,9,14,0.643,13,35,12,4,1,15,21,71
63,2001,Yolanda Griffith,SAC,C-F,32,1077,31,192,368,0.522,0,0,,192,368,0.522,134,186,0.72,162,357,54,63,37,75,114,518
64,2001,Lady Grooms,SAC,F,31,543,0,49,114,0.43,0,0,,49,114,0.43,43,58,0.741,32,78,38,15,10,25,43,141
65,2001,Gordana Grubin,IND,G,27,481,9,62,167,0.371,17,58,0.293,45,109,0.413,29,39,0.744,18,49,33,7,0,34,30,170
66,2001,Becky Hammon,NYL,G,32,619,0,90,197,0.457,42,111,0.378,48,86,0.558,40,51,0.784,10,52,51,27,1,48,46,262
67,2001,Lisa Harrison,PHO,F,32,915,32,96,223,0.43,3,9,0.333,93,214,0.435,51,59,0.864,39,139,52,39,1,49,58,246
68,2001,Kristi Harrower,MIN,G,4,72,1,7,15,0.467,3,6,0.5,4,9,0.444,4,4,1.0,1,4,11,3,0,3,4,21
69,2001,Nekeshia Henderson,HOU,G,23,179,0,9,38,0.237,6,22,0.273,3,16,0.188,2,7,0.286,5,21,22,6,0,16,5,26
70,2001,Sonja Henning,SEA,G,32,902,28,41,129,0.318,8,44,0.182,33,85,0.388,18,35,0.514,14,71,93,52,6,43,62,108
71,2001,Amy Herrig,UTA,C,32,448,1,43,93,0.462,0,0,,43,93,0.462,35,46,0.761,23,81,14,8,14,35,47,121
72,2001,Jessie Hicks,ORL,C-F,32,456,5,63,162,0.389,0,0,,63,162,0.389,43,66,0.652,38,92,22,23,17,53,85,169
73,2001,E.C. Hill,PHO,G,3,8,0,0,1,0.0,0,1,0.0,0,0,,0,0,,0,0,1,1,0,0,2,0
74,2001,Korie Hlede,UTA,G,27,455,10,55,141,0.39,8,23,0.348,47,118,0.398,33,38,0.868,15,40,43,25,1,42,56,151
75,2001,Chamique Holdsclaw,WAS,F,29,975,29,187,467,0.4,11,46,0.239,176,421,0.418,101,148,0.682,72,256,66,44,14,94,49,486
76,2001,Kedra Holland-Corn,SAC,G,32,874,32,111,251,0.442,59,150,0.393,52,101,0.515,41,60,0.683,33,75,69,56,5,66,62,322
77,2001,Niele Ivey,IND,G,32,708,26,38,102,0.373,25,70,0.357,13,32,0.406,14,15,0.933,16,55,70,33,5,35,51,115
78,2001,Lauren Jackson,SEA,F-C,29,1001,29,149,406,0.367,40,129,0.31,109,277,0.394,104,143,0.727,57,193,44,54,64,53,97,442
79,2001,Tammy Jackson,HOU,F-C,32,442,4,43,86,0.5,0,0,,43,86,0.5,18,40,0.45,41,91,21,22,11,29,53,104
80,2001,Tamicha Jackson,POR,G,32,497,1,55,169,0.325,6,39,0.154,49,130,0.377,16,23,0.696,10,44,50,28,0,45,35,132
81,2001,Jaclyn Johnson,ORL,F,17,139,1,14,25,0.56,3,7,0.429,11,18,0.611,4,5,0.8,10,23,9,4,3,17,21,35
82,2001,LaTonya Johnson,UTA,F,26,228,0,17,65,0.262,5,30,0.167,12,35,0.343,11,14,0.786,4,19,7,2,1,13,26,50
83,2001,Pollyanna Johns Kimbrough,CLE,C,18,119,0,12,27,0.444,0,0,,12,27,0.444,4,9,0.444,12,31,4,0,2,10,12,28
84,2001,Shannon Johnson,ORL,G,26,785,22,90,245,0.367,38,104,0.365,52,141,0.369,84,111,0.757,15,77,68,34,6,54,66,302
85,2001,Tiffani Johnson,HOU,C,32,672,28,62,138,0.449,0,0,,62,138,0.449,24,28,0.857,44,138,22,12,15,42,67,148
86,2001,Vickie Johnson,NYL,G-F,32,939,32,135,326,0.414,30,82,0.366,105,244,0.43,53,70,0.757,23,107,87,35,4,52,62,353
87,2001,Merlakia Jones,CLE,G,30,998,30,165,377,0.438,9,34,0.265,156,343,0.455,65,82,0.793,43,164,45,29,4,53,59,404
88,2001,Jae Kingi-Cross,DET,G,29,625,17,55,142,0.387,33,88,0.375,22,54,0.407,26,36,0.722,20,63,74,31,8,53,42,169
89,2001,Ilona Korstine,PHO,G,12,75,0,7,25,0.28,1,3,0.333,6,22,0.273,6,7,0.857,6,11,5,3,0,9,4,21
90,2001,Nicole Kubik,PHO,G,3,21,0,1,4,0.25,0,1,0.0,1,3,0.333,0,0,,0,2,5,4,0,3,7,2
91,2001,Amanda Lassiter,HOU,F,32,613,18,51,139,0.367,26,67,0.388,25,72,0.347,10,15,0.667,27,110,34,16,21,36,66,138
92,2001,Katarina Lazic,NYL,G,8,55,0,8,20,0.4,0,2,0.0,8,18,0.444,1,2,0.5,2,6,3,3,0,10,9,17
93,2001,Betty Lennox,MIN,G,11,241,7,41,110,0.373,20,52,0.385,21,58,0.362,19,20,0.95,13,54,16,10,4,25,29,121
94,2001,Lisa Leslie,LAS,C,31,1033,31,221,467,0.473,22,60,0.367,199,407,0.489,142,193,0.736,88,298,73,34,71,98,132,606
95,2001,Nicole Levandusky,LAS,G,13,67,0,7,22,0.318,5,17,0.294,2,5,0.4,1,1,1.0,5,9,7,5,1,5,3,20
96,2001,Tynesha Lewis,HOU,G,29,419,4,39,92,0.424,8,20,0.4,31,72,0.431,11,17,0.647,20,61,15,11,4,26,26,97
97,2001,Rebecca Lobo,NYL,C,16,85,0,7,22,0.318,1,2,0.5,6,20,0.3,2,4,0.5,2,14,1,2,0,7,16,17
98,2001,Stacey Lovelace,SEA,C,22,211,2,27,71,0.38,10,26,0.385,17,45,0.378,12,17,0.706,14,32,9,8,5,18,23,76
99,2001,Pat Luckey,PHO,F,1,8,0,0,1,0.0,0,0,,0,1,0.0,0,0,,0,1,1,0,1,0,0,0
100,2001,Helen Luz,WAS,G,32,489,3,55,136,0.404,32,82,0.39,23,54,0.426,22,25,0.88,10,37,55,28,5,43,47,164
101,2001,Mwadi Mabika,LAS,G,28,828,24,99,256,0.387,47,123,0.382,52,133,0.391,68,79,0.861,22,130,87,39,11,44,74,313
102,2001,Clarisse Machanguana,CHA,C-F,30,580,8,63,126,0.5,0,0,,63,126,0.5,37,57,0.649,34,121,17,16,16,41,95,163
103,2001,Nadine Malcolm,IND,F,31,705,23,90,212,0.425,23,56,0.411,67,156,0.429,54,62,0.871,32,92,26,13,3,48,75,257
104,2001,Rhonda Mapp,LAS,C,30,395,0,51,123,0.415,0,3,0.0,51,120,0.425,24,32,0.75,34,79,14,16,6,25,60,126
105,2001,Michelle Marciniak,SEA,G,27,392,5,51,139,0.367,10,33,0.303,41,106,0.387,20,37,0.541,17,38,47,30,2,30,49,132
106,2001,Maylana Martin,MIN,C-F,31,494,12,35,103,0.34,6,18,0.333,29,85,0.341,19,31,0.613,27,86,19,17,15,37,87,95
107,2001,Monica Maxwell,IND,F,15,238,3,16,53,0.302,7,31,0.226,9,22,0.409,8,12,0.667,12,38,14,5,4,22,19,47
108,2001,Tiffany McCain,ORL,G,32,442,9,35,109,0.321,21,67,0.313,14,42,0.333,6,9,0.667,7,38,36,10,8,34,52,97
109,2001,Stephanie White,IND,G-F,30,504,0,52,137,0.38,23,57,0.404,29,80,0.363,41,53,0.774,13,55,58,26,14,38,50,168
110,2001,Nikki McCray,WAS,G,32,828,32,119,290,0.41,22,95,0.232,97,195,0.497,91,128,0.711,22,56,47,26,0,73,68,351
111,2001,Nicky McCrimmon,LAS,G,28,350,0,28,63,0.444,5,12,0.417,23,51,0.451,3,7,0.429,3,12,63,21,0,22,19,64
112,2001,Danielle McCulley,IND,C-F,8,90,2,5,18,0.278,1,2,0.5,4,16,0.25,17,18,0.944,4,17,5,0,2,7,12,28
113,2001,Carla McGhee,ORL,F,17,71,0,6,24,0.25,0,0,,6,24,0.25,2,4,0.5,4,11,0,1,1,6,9,14
114,2001,Taj McWilliams-Franklin,ORL,F-C,32,1059,32,157,331,0.474,2,10,0.2,155,321,0.483,87,117,0.744,114,243,69,52,50,80,74,403
115,2001,Chasity Melvin,CLE,C-F,27,754,20,102,215,0.474,2,2,1.0,100,213,0.469,60,86,0.698,66,154,50,24,16,45,81,266
116,2001,Coco Miller,WAS,G,20,137,0,13,40,0.325,2,6,0.333,11,34,0.324,6,11,0.545,5,9,8,6,0,13,10,34
117,2001,Kelly Miller,CHA,G,26,225,0,22,57,0.386,7,19,0.368,15,38,0.395,4,5,0.8,11,28,14,9,0,9,14,55
118,2001,Tausha Mills,WAS,C,30,319,0,23,69,0.333,0,1,0.0,23,68,0.338,18,31,0.581,40,105,6,14,4,25,72,64
119,2001,DeLisha Milton-Jones,LAS,F,32,938,27,134,296,0.453,12,35,0.343,122,261,0.467,50,63,0.794,71,169,68,49,29,58,101,330
120,2001,Adriana Moises,PHO,G,7,123,0,14,36,0.389,4,12,0.333,10,24,0.417,9,12,0.75,4,16,17,6,0,16,11,41
121,2001,Jenny Mowe,POR,C,5,17,0,3,3,1.0,0,0,,3,3,1.0,0,0,,1,3,0,0,1,2,5,6
122,2001,Andrea Nagy,NYL,G,23,213,0,13,31,0.419,6,12,0.5,7,19,0.368,2,4,0.5,0,9,24,2,3,23,25,34
123,2001,Astou Ndiaye-Diatta,DET,F,32,913,31,156,341,0.457,5,15,0.333,151,326,0.463,59,76,0.776,60,171,49,22,28,73,82,376
124,2001,Eva Nemcova,CLE,F,8,113,2,13,38,0.342,3,15,0.2,10,23,0.435,5,8,0.625,1,10,8,2,5,6,9,34
125,2001,Claudia Neves,DET,G,22,407,15,34,94,0.362,19,52,0.365,15,42,0.357,8,8,1.0,3,29,34,21,0,28,21,95
126,2001,Deanna Nolan,DET,G-F,27,545,0,64,194,0.33,21,73,0.288,43,121,0.355,43,53,0.811,16,53,30,17,6,35,43,192
127,2001,Vanessa Nygaard,POR,F,31,259,0,28,72,0.389,19,49,0.388,9,23,0.391,1,3,0.333,13,35,10,6,2,14,48,76
128,2001,Murriel Page,WAS,F,32,989,32,100,231,0.433,4,17,0.235,96,214,0.449,21,36,0.583,74,177,55,30,36,60,88,225
129,2001,Wendy Palmer,DET,F,22,651,22,91,215,0.423,11,33,0.333,80,182,0.44,40,59,0.678,38,154,23,23,4,48,64,233
130,2001,Michaela Pavlickova,UTA,F,10,21,0,0,2,0.0,0,0,,0,2,0.0,1,2,0.5,0,6,1,0,2,1,0,1
131,2001,Kate Paye,MIN,G,32,652,16,30,78,0.385,20,56,0.357,10,22,0.455,11,16,0.688,7,61,97,21,0,46,55,91
132,2001,Ticha Penicheiro,SAC,G,23,744,22,42,124,0.339,11,42,0.262,31,82,0.378,49,64,0.766,6,86,172,40,8,64,58,144
133,2001,Erin Perperoglou,MIN,F,32,725,19,64,184,0.348,8,29,0.276,56,155,0.361,47,76,0.618,42,118,62,27,29,65,101,183
134,2001,Bridget Pettis,PHO,G,32,497,1,53,159,0.333,20,63,0.317,33,96,0.344,46,56,0.821,30,60,50,28,4,38,47,172
135,2001,Tari Phillips,NYL,F-C,32,1049,32,208,410,0.507,0,4,0.0,208,406,0.512,73,125,0.584,89,257,34,48,17,84,110,489
136,2001,Elaine Powell,ORL,G,32,1055,32,119,296,0.402,39,102,0.382,80,194,0.412,80,106,0.755,32,98,98,49,7,79,64,357
137,2001,Lynn Pride,MIN,G-F,32,713,14,68,174,0.391,1,4,0.25,67,170,0.394,33,55,0.6,47,146,28,28,20,46,77,170
138,2001,Hajdana Radunovic,NYL,C,4,9,0,1,2,0.5,0,0,,1,2,0.5,2,2,1.0,1,4,0,0,1,2,3,4
139,2001,Semeka Randall,SEA,G,32,884,30,117,315,0.371,0,4,0.0,117,311,0.376,66,100,0.66,32,105,44,29,4,73,45,300
140,2001,Kristen Rasmussen,MIA,F,28,416,3,31,86,0.36,1,4,0.25,30,82,0.366,12,16,0.75,33,88,16,11,14,31,48,75
141,2001,Jamie Redd,SEA,F,32,659,6,82,216,0.38,22,77,0.286,60,139,0.432,45,66,0.682,29,82,48,17,3,48,101,231
142,2001,Brandy Reed,PHO,F,1,13,0,1,8,0.125,0,0,,1,8,0.125,1,1,1.0,0,3,0,0,0,0,0,3
143,2001,Tracy Reid,MIA,F,21,278,2,32,63,0.508,0,0,,32,63,0.508,16,26,0.615,10,37,13,15,5,25,28,80
144,2001,Ruth Riley,MIA,C,32,799,20,77,162,0.475,0,0,,77,162,0.475,64,83,0.771,51,130,26,25,46,63,107,218
145,2001,Jennifer Rizzotti,CLE,G,32,476,0,42,110,0.382,28,73,0.384,14,37,0.378,7,11,0.636,2,30,51,25,2,41,30,119
146,2001,Crystal Robinson,NYL,F,32,980,32,123,267,0.461,70,168,0.417,53,99,0.535,26,29,0.897,23,92,83,32,8,28,86,342
147,2001,Nykesha Sales,ORL,F-G,32,1039,31,166,379,0.438,43,137,0.314,123,242,0.508,58,74,0.784,57,172,58,70,6,72,109,433
148,2001,Sheri Sam,MIA,G-F,32,1100,32,180,417,0.432,27,98,0.276,153,319,0.48,57,76,0.75,41,137,88,55,8,87,67,444
149,2001,Alessandra Santos de Oliveira,SEA,C,10,62,1,4,14,0.286,0,0,,4,14,0.286,5,11,0.455,10,16,0,0,0,3,12,13
150,2001,Kelly Santos,DET,F,14,153,0,20,42,0.476,0,1,0.0,20,41,0.488,12,18,0.667,11,27,5,3,3,12,23,52
151,2001,Paige Sauer,CLE,C,2,4,0,1,3,0.333,0,0,,1,3,0.333,0,0,,1,2,0,0,1,1,1,2
152,2001,Jaynetta Saunders,PHO,F,28,253,6,25,77,0.325,1,3,0.333,24,74,0.324,17,25,0.68,13,40,7,10,8,14,28,68
153,2001,Audrey Sauret,WAS,G,25,455,3,33,111,0.297,3,26,0.115,30,85,0.353,7,24,0.292,11,42,43,24,4,41,39,76
154,2001,Kelly Schumacher,IND,C,28,380,5,46,93,0.495,3,5,0.6,43,88,0.489,17,20,0.85,23,70,10,5,28,21,41,112
155,2001,Georgia Schweitzer,MIN,G-F,24,423,8,32,102,0.314,7,42,0.167,25,60,0.417,13,17,0.765,15,50,34,11,6,17,34,84
156,2001,Olympia Scott,IND,C,32,775,30,99,217,0.456,0,2,0.0,99,215,0.46,82,111,0.739,52,161,40,22,12,72,108,280
157,2001,Elena Shakirova,HOU,C,26,203,2,12,38,0.316,0,7,0.0,12,31,0.387,14,23,0.609,15,35,9,6,2,9,11,38
158,2001,Charlotte Smith,CHA,F,30,678,24,57,146,0.39,10,32,0.313,47,114,0.412,47,64,0.734,36,101,50,16,13,41,73,171
159,2001,Charmin Smith,SEA,G,32,589,8,17,63,0.27,11,38,0.289,6,25,0.24,13,21,0.619,18,55,39,17,1,26,52,58
160,2001,Katie Smith,MIN,G,32,1234,32,204,519,0.393,85,240,0.354,119,279,0.427,246,275,0.895,39,122,70,23,5,87,94,739
161,2001,Tangela Smith,SAC,C,32,912,32,148,352,0.42,0,2,0.0,148,350,0.423,62,85,0.729,48,179,41,34,55,66,106,358
162,2001,Rachael Sporn,DET,F,23,265,1,19,47,0.404,0,0,,19,47,0.404,3,9,0.333,21,52,11,7,4,13,16,41
163,2001,Trisha Stafford-Odom,HOU,F,30,365,4,39,106,0.368,0,1,0.0,39,105,0.371,35,52,0.673,38,85,16,12,2,26,42,113
164,2001,Dawn Staley,CHA,G,32,1152,32,107,281,0.381,33,89,0.371,74,192,0.385,51,57,0.895,11,71,179,52,1,100,54,298
165,2001,Kate Starbird,UTA,F-G,23,310,7,41,110,0.373,5,23,0.217,36,87,0.414,22,27,0.815,13,30,21,8,1,15,30,109
166,2001,Katy Steding,SEA,F,26,393,17,35,94,0.372,16,35,0.457,19,59,0.322,16,20,0.8,9,35,24,16,9,22,23,102
167,2001,Maria Stepanova,PHO,C,32,815,31,143,282,0.507,0,2,0.0,143,280,0.511,48,78,0.615,66,201,41,43,64,50,110,334
168,2001,Jackie Stiles,POR,G,32,1023,32,156,385,0.405,50,116,0.431,106,269,0.394,116,149,0.779,24,77,55,24,3,68,75,478
169,2001,Andrea Stinson,CHA,G,32,1006,32,179,370,0.484,29,65,0.446,150,305,0.492,63,79,0.797,39,137,88,43,19,70,59,450
170,2001,Shanele Stires,MIN,F,18,201,5,20,53,0.377,6,25,0.24,14,28,0.5,5,7,0.714,10,27,14,8,4,19,27,51
171,2001,Tamara Stocks,WAS,F-C,3,11,0,1,3,0.333,0,0,,1,3,0.333,1,2,0.5,0,2,0,0,0,0,3,3
172,2001,Jurgita Streimikyte,IND,F,27,707,26,99,207,0.478,0,9,0.0,99,198,0.5,48,57,0.842,45,139,52,37,19,52,81,246
173,2001,Tammy Sutton-Brown,CHA,C,29,602,21,72,147,0.49,0,0,,72,147,0.49,52,72,0.722,51,129,11,21,39,40,84,196
174,2001,Penny Taylor,CLE,F,32,561,0,86,225,0.382,22,73,0.301,64,152,0.421,36,46,0.783,36,112,44,35,11,38,46,230
175,2001,Stacey Thomas,POR,F,32,413,1,22,60,0.367,0,7,0.0,22,53,0.415,15,35,0.429,31,70,41,30,10,40,57,59
176,2001,Alicia Thompson,IND,F,22,381,7,76,174,0.437,17,43,0.395,59,131,0.45,17,23,0.739,21,63,25,9,7,22,24,186
177,2001,Tina Thompson,HOU,F,30,1102,30,199,528,0.377,44,150,0.293,155,378,0.41,137,163,0.84,84,233,58,29,22,87,74,579
178,2001,Michele Timms,PHO,G,21,408,18,38,110,0.345,14,46,0.304,24,64,0.375,8,10,0.8,11,45,87,21,2,42,42,98
179,2001,Elena Tornikidou,DET,F,32,777,32,111,249,0.446,22,49,0.449,89,200,0.445,63,71,0.887,28,77,56,19,14,59,59,307
180,2001,Levys Torres,MIA,C,2,8,0,0,0,,0,0,,0,0,,0,0,,0,0,0,0,0,2,0,0
181,2001,Slobodanka Tuvic,PHO,C,30,325,0,13,42,0.31,0,0,,13,42,0.31,28,59,0.475,18,63,17,16,17,28,49,54
182,2001,Michele Van Gorp,MIN,C,22,243,8,15,40,0.375,0,1,0.0,15,39,0.385,11,20,0.55,15,34,12,3,6,18,36,41
183,2001,Kristen Veal,PHO,G,29,658,14,35,125,0.28,14,50,0.28,21,75,0.28,32,42,0.762,14,60,125,33,4,82,58,116
184,2001,Kamila Vodichkova,SEA,F-C,29,405,4,51,122,0.418,10,25,0.4,41,97,0.423,38,44,0.864,25,71,23,16,7,34,56,150
185,2001,DeMya Walker,POR,F,21,297,0,44,100,0.44,2,3,0.667,42,97,0.433,23,40,0.575,29,58,10,7,12,35,51,113
186,2001,Maren Walseth,SAC,F,4,8,0,1,2,0.5,0,0,,1,2,0.5,2,2,1.0,2,2,0,0,0,2,2,4
187,2001,Coquese Washington,HOU,G,32,1013,32,63,177,0.356,29,81,0.358,34,96,0.354,14,22,0.636,20,118,122,69,9,57,63,169
188,2001,Tonya Massaline,WAS,F,30,336,2,41,114,0.36,10,29,0.345,31,85,0.365,9,11,0.818,19,43,10,4,2,14,5,101
189,2001,Ann Wauters,CLE,C,24,622,14,87,153,0.569,0,2,0.0,87,151,0.576,60,75,0.8,35,114,35,17,13,50,55,234
190,2001,Teresa Weatherspoon,NYL,G,32,974,32,72,167,0.431,10,26,0.385,62,141,0.44,53,79,0.671,29,118,203,55,4,81,83,207
191,2001,Val Whiting-Raymond,MIN,C-F,26,462,15,24,90,0.267,0,1,0.0,24,89,0.27,40,54,0.741,25,83,16,15,14,34,62,88
192,2001,Tamika Whitmore,NYL,F,32,752,29,96,222,0.432,1,2,0.5,95,220,0.432,33,58,0.569,29,97,19,17,10,33,70,226
193,2001,Jennifer Whittle,WAS,C,4,20,0,0,1,0.0,0,1,0.0,0,0,,0,2,0.0,1,1,0,0,1,3,8,0
194,2001,Sue Wicks,NYL,F,30,602,3,61,130,0.469,0,7,0.0,61,123,0.496,35,52,0.673,36,138,37,36,30,43,86,157
195,2001,Adrian Williams-Strong,PHO,C-F,25,375,1,38,113,0.336,0,0,,38,113,0.336,20,28,0.714,21,75,11,15,5,34,43,96
196,2001,Natalie Williams,UTA,C,31,1064,31,171,349,0.49,0,4,0.0,171,345,0.496,97,133,0.729,111,308,55,41,10,70,128,439
197,2001,Rita Williams,IND,G,32,1042,29,115,293,0.392,41,109,0.376,74,184,0.402,110,132,0.833,25,104,114,72,11,100,71,381
198,2001,Wendi Willits,LAS,G,13,47,0,6,20,0.3,2,13,0.154,4,7,0.571,3,4,0.75,1,5,3,1,0,2,0,17
199,2001,Sophia Witherspoon,POR,G,31,862,30,113,358,0.316,57,182,0.313,56,176,0.318,90,106,0.849,20,74,54,30,8,72,59,373
200,2001,Kara Wolters,SAC,C,31,378,1,63,134,0.47,0,0,,63,134,0.47,25,31,0.806,21,74,17,4,25,33,55,151
201,2001,Angelina Wolvert,CLE,F-C,1,5,0,1,3,0.333,0,0,,1,3,0.333,0,0,,1,1,0,0,0,0,1,2
202,2001,Brooke Wyckoff,ORL,F,32,648,27,41,125,0.328,6,37,0.162,35,88,0.398,20,28,0.714,48,122,37,26,15,50,91,108
203,2001,Dana Wynne,SAC,F,1,3,0,0,0,,0,0,,0,0,,2,2,1.0,1,1,0,0,1,0,2,2
204,2001,Carolyn Young,POR,G,23,279,1,37,99,0.374,10,34,0.294,27,65,0.415,27,37,0.73,10,34,15,14,1,27,27,111
205,2001,Tonya Edwards,TOT,G,32,580,9,60,171,0.351,10,36,0.278,50,135,0.37,64,84,0.762,16,62,48,19,7,62,79,194
206,2001,Vicki Hall,TOT,F,27,348,6,41,100,0.41,7,25,0.28,34,75,0.453,12,22,0.545,15,49,13,5,5,18,33,101
0,2002,Svetlana Abrosimova,MIN,F,27,805,27,119,316,0.377,20,60,0.333,99,256,0.387,56,116,0.483,45,146,60,42,10,92,73,314
1,2002,Elisa Aguilar,UTA,G,28,141,0,14,33,0.424,11,21,0.524,3,12,0.25,4,7,0.571,0,11,16,3,2,11,5,43
2,2002,Monique Ambers,SAC,F,2,4,0,0,0,,0,0,,0,0,,0,0,,0,0,0,0,0,0,2,0
3,2002,Keisha Anderson,CHA,G,7,31,0,3,12,0.25,1,4,0.25,2,8,0.25,0,0,,2,6,5,0,0,3,4,7
4,2002,Mery Andrade,CLE,F,32,665,16,34,111,0.306,5,26,0.192,29,85,0.341,18,23,0.783,17,56,67,28,6,41,82,91
5,2002,Janeth Arcain,HOU,G,32,1116,32,128,302,0.424,10,37,0.27,118,265,0.445,98,111,0.883,42,126,86,51,6,71,49,364
6,2002,Jennifer Azzi,UTA,G,32,1151,32,91,198,0.46,41,92,0.446,50,106,0.472,83,104,0.798,15,69,158,27,14,67,102,306
7,2002,Tricia Bader Binford,CLE,G,18,132,0,4,26,0.154,1,14,0.071,3,12,0.25,5,6,0.833,1,7,15,6,1,7,3,14
8,2002,LaQuanda Barksdale,POR,G,17,285,3,36,101,0.356,5,22,0.227,31,79,0.392,23,26,0.885,18,40,12,8,7,23,31,100
9,2002,Adia Barnes,SEA,F,26,493,17,37,111,0.333,1,4,0.25,36,107,0.336,15,29,0.517,45,102,28,32,9,25,64,90
10,2002,Quacy Barnes,PHO,C,2,13,0,0,7,0.0,0,0,,0,7,0.0,3,4,0.75,0,1,0,1,2,0,1,3
11,2002,Cass Bauer-Bilodeau,SAC,C,25,233,2,17,57,0.298,0,0,,17,57,0.298,9,15,0.6,14,41,1,2,5,25,34,43
12,2002,Lucienne Berthieu,CLE,F-C,5,16,0,3,7,0.429,0,1,0.0,3,6,0.5,2,4,0.5,3,4,0,0,0,0,5,8
13,2002,Tully Bevilaqua,POR,G,27,421,19,25,61,0.41,15,36,0.417,10,25,0.4,19,29,0.655,7,33,44,22,3,27,49,84
14,2002,Sue Bird,SEA,G,32,1121,32,151,375,0.403,57,142,0.401,94,233,0.403,102,112,0.911,17,83,191,55,3,109,48,461
15,2002,Debbie Black,MIA,G,32,899,32,64,160,0.4,0,3,0.0,64,157,0.408,25,33,0.758,41,123,137,59,5,32,75,153
16,2002,Ruthie Bolton,SAC,G,32,737,1,125,316,0.396,43,132,0.326,82,184,0.446,56,77,0.727,31,94,37,45,2,35,74,349
17,2002,Susanna Bonfiglio,PHO,G,22,306,6,43,89,0.483,0,6,0.0,43,83,0.518,19,25,0.76,16,37,23,12,0,18,35,105
18,2002,Sandy Brondello,MIA,G,30,763,23,97,266,0.365,14,44,0.318,83,222,0.374,55,67,0.821,7,41,46,26,4,40,40,263
19,2002,Edwina Brown,DET,G-F,28,549,7,43,131,0.328,6,12,0.5,37,119,0.311,23,32,0.719,29,82,58,25,7,60,73,115
20,2002,Kiesha Brown,WAS,G,18,108,0,12,35,0.343,1,11,0.091,11,24,0.458,3,3,1.0,4,12,6,5,0,5,10,28
21,2002,Rushia Brown,CLE,F,28,468,2,42,105,0.4,0,1,0.0,42,104,0.404,28,38,0.737,29,75,27,21,8,39,54,112
22,2002,Vicky Bullett,WAS,F,32,953,32,109,236,0.462,19,48,0.396,90,188,0.479,34,41,0.829,46,186,53,54,37,56,84,271
23,2002,Annie La Fleur,WAS,G,26,632,26,39,101,0.386,12,33,0.364,27,68,0.397,35,45,0.778,16,62,93,34,4,41,39,125
24,2002,Alisa Burras,POR,C,32,633,24,117,186,0.629,0,0,,117,186,0.629,44,52,0.846,52,147,7,10,7,49,58,278
25,2002,Janell Burse,MIN,C,31,344,2,31,83,0.373,0,1,0.0,31,82,0.378,21,36,0.583,29,60,7,7,13,18,60,83
26,2002,Latasha Byears,LAS,G-F,26,486,5,76,123,0.618,0,0,,76,123,0.618,30,53,0.566,65,141,13,19,4,20,89,182
27,2002,Edna Campbell,SAC,G,1,12,0,2,5,0.4,0,2,0.0,2,3,0.667,0,0,,0,1,0,1,0,0,0,4
28,2002,Dominique Canty,DET,G,28,625,12,52,154,0.338,1,5,0.2,51,149,0.342,55,76,0.724,24,69,83,21,4,56,59,160
29,2002,Swin Cash,DET,F,32,1079,32,144,353,0.408,13,63,0.206,131,290,0.452,173,227,0.762,77,222,86,37,31,100,85,474
30,2002,Iziane Castro Marques,MIA,F-G,19,182,1,24,72,0.333,1,17,0.059,23,55,0.418,17,25,0.68,7,17,7,7,0,18,22,66
31,2002,Tamika Catchings,IND,F,32,1167,32,184,438,0.42,76,192,0.396,108,246,0.439,150,184,0.815,91,275,118,94,43,82,105,594
32,2002,LaNeishea Caufield,UTA,G,8,65,0,6,15,0.4,5,9,0.556,1,6,0.167,2,2,1.0,3,5,1,7,0,8,13,19
33,2002,Jill Chapman-Daily,DET,C,19,119,0,10,27,0.37,0,1,0.0,10,26,0.385,2,3,0.667,11,26,0,3,2,8,20,22
34,2002,Kayte Christensen,PHO,F,30,413,2,48,95,0.505,0,1,0.0,48,94,0.511,24,35,0.686,39,80,15,24,13,32,73,120
35,2002,Stacy Clinesmith,DET,G,12,105,0,8,21,0.381,6,15,0.4,2,6,0.333,5,6,0.833,1,5,17,1,1,6,6,27
36,2002,Camille Cooper,NYL,C,23,119,1,11,28,0.393,0,0,,11,28,0.393,5,8,0.625,5,16,3,4,5,10,28,27
37,2002,Sylvia Crawley,POR,F,32,819,31,114,284,0.401,7,17,0.412,107,267,0.401,44,63,0.698,46,134,47,18,37,62,90,279
38,2002,Danielle Crockrom,UTA,F,18,84,0,10,28,0.357,0,1,0.0,10,27,0.37,9,12,0.75,6,13,2,0,2,3,8,29
39,2002,Davalyn Cunningham,ORL,F,6,21,0,0,5,0.0,0,0,,0,5,0.0,0,0,,1,2,0,2,0,1,5,0
40,2002,Stacey Dales,WAS,F,31,805,28,93,230,0.404,43,109,0.394,50,121,0.413,74,100,0.74,26,81,84,16,4,68,79,303
41,2002,Grace Daley,HOU,G,23,185,4,16,37,0.432,2,8,0.25,14,29,0.483,29,47,0.617,13,23,16,3,1,17,15,63
42,2002,Erika de Souza,LAS,F-C,11,41,0,5,14,0.357,0,0,,5,14,0.357,2,10,0.2,8,14,2,3,0,6,14,12
43,2002,Tamecka Dixon,LAS,G,30,958,30,125,320,0.391,20,57,0.351,105,263,0.399,49,59,0.831,18,92,119,28,5,82,74,319
44,2002,Cintia dos Santos,ORL,C,26,260,0,26,53,0.491,0,1,0.0,26,52,0.5,36,46,0.783,15,35,10,4,13,20,48,88
45,2002,Katie Douglas,ORL,G-F,32,830,30,92,205,0.449,29,79,0.367,63,126,0.5,58,67,0.866,41,135,53,49,13,42,66,271
46,2002,Margo Dydek,UTA,C,30,876,27,139,319,0.436,2,8,0.25,137,311,0.441,114,135,0.844,52,262,71,25,107,96,99,394
47,2002,Simone Edwards,SEA,C,32,694,5,84,158,0.532,1,1,1.0,83,157,0.529,54,73,0.74,46,141,19,21,12,44,66,223
48,2002,Tonya Edwards,CHA,G,29,303,0,36,99,0.364,7,25,0.28,29,74,0.392,33,46,0.717,11,41,24,16,2,17,28,112
49,2002,Shalonda Enis,CHA,F-C,4,59,0,5,18,0.278,0,3,0.0,5,15,0.333,9,9,1.0,6,9,3,1,2,1,4,19
50,2002,Summer Erb,CHA,C,31,342,3,35,62,0.565,0,0,,35,62,0.565,18,25,0.72,20,71,10,13,11,35,70,88
51,2002,Barbara Farris,DET,F-C,32,564,16,49,117,0.419,0,1,0.0,49,116,0.422,45,61,0.738,29,94,16,12,9,38,62,143
52,2002,Allison Feaster,CHA,F,32,956,32,115,292,0.394,79,189,0.418,36,103,0.35,70,85,0.824,37,118,61,39,12,40,79,379
53,2002,Marie Ferdinand-Harris,UTA,G,32,1065,32,176,371,0.474,5,34,0.147,171,337,0.507,132,171,0.772,19,107,91,51,7,89,86,489
54,2002,Ukari Figgs,POR,G,31,866,31,83,232,0.358,39,120,0.325,44,112,0.393,59,65,0.908,13,80,104,25,2,44,50,264
55,2002,Kristin Folkl,POR,F,32,602,4,62,126,0.492,0,3,0.0,62,123,0.504,31,35,0.886,41,148,32,18,17,32,56,155
56,2002,Stacey Ford,SAC,F,5,12,0,1,2,0.5,0,0,,1,2,0.5,0,2,0.0,2,2,1,0,0,1,1,2
57,2002,La'Keshia Frett,SAC,F,32,648,15,84,187,0.449,5,15,0.333,79,172,0.459,14,17,0.824,30,95,23,5,19,27,70,187
58,2002,Linda Frohlich,NYL,F-C,16,67,0,1,10,0.1,0,4,0.0,1,6,0.167,4,4,1.0,3,13,1,2,0,4,11,6
59,2002,Begona Garcia,DET,G,8,64,0,2,11,0.182,2,6,0.333,0,5,0.0,2,4,0.5,0,4,9,3,0,11,8,8
60,2002,Andrea Gardner,UTA,F-C,30,198,2,18,49,0.367,0,0,,18,49,0.367,21,38,0.553,29,61,5,3,3,13,35,57
61,2002,Kelley Gibson,HOU,F-G,29,276,2,21,55,0.382,14,36,0.389,7,19,0.368,4,6,0.667,3,20,14,8,7,21,21,60
62,2002,Jennifer Gillom,PHO,F-C,31,874,31,166,400,0.415,36,93,0.387,130,307,0.423,105,131,0.802,36,116,37,29,21,61,90,473
63,2002,Adrienne Goodson,UTA,F,32,1101,32,189,419,0.451,8,28,0.286,181,391,0.463,117,157,0.745,91,181,67,45,6,102,92,503
64,2002,Shaunzinski Gortman,MIN,G,29,369,2,35,97,0.361,14,43,0.326,21,54,0.389,7,9,0.778,16,61,21,13,6,25,42,91
65,2002,Vedrana Grgin-Fonseca,LAS,F,12,79,0,12,31,0.387,5,12,0.417,7,19,0.368,2,3,0.667,3,8,1,1,0,8,11,31
66,2002,Yolanda Griffith,SAC,C-F,17,577,17,93,179,0.52,0,0,,93,179,0.52,102,127,0.803,66,148,19,16,13,45,70,288
67,2002,Lady Grooms,SAC,F,32,850,26,78,181,0.431,0,1,0.0,78,180,0.433,71,83,0.855,38,99,39,21,8,46,69,227
68,2002,Gordana Grubin,PHO,G,32,859,31,114,297,0.384,29,92,0.315,85,205,0.415,60,79,0.759,16,64,104,36,3,58,59,317
69,2002,Amber Hall,POR,F,20,104,0,11,24,0.458,0,0,,11,24,0.458,8,16,0.5,8,26,1,7,1,12,12,30
70,2002,Vicki Hall,LAS,F,3,19,0,2,4,0.5,0,1,0.0,2,3,0.667,3,4,0.75,1,2,1,1,0,1,2,7
71,2002,Becky Hammon,NYL,G,32,659,1,87,197,0.442,44,114,0.386,43,83,0.518,38,56,0.679,18,68,54,25,0,55,49,256
72,2002,Lisa Harrison,PHO,F,32,899,28,120,242,0.496,2,6,0.333,118,236,0.5,20,23,0.87,43,126,40,31,3,45,62,262
73,2002,Kristi Harrower,MIN,G,27,481,6,37,95,0.389,18,54,0.333,19,41,0.463,4,10,0.4,9,46,54,12,0,28,24,96
74,2002,Tracy Henderson,CLE,C,23,173,0,16,41,0.39,0,0,,16,41,0.39,3,3,1.0,12,34,3,3,7,18,26,35
75,2002,Amy Herrig,UTA,C,28,269,3,23,53,0.434,0,0,,23,53,0.434,22,30,0.733,15,57,4,9,14,21,35,68
76,2002,Jessie Hicks,ORL,C-F,31,471,6,73,153,0.477,0,0,,73,153,0.477,44,63,0.698,60,102,23,19,25,51,77,190
77,2002,Korie Hlede,NYL,G,16,129,0,11,26,0.423,0,1,0.0,11,25,0.44,4,9,0.444,4,16,12,6,2,21,24,26
78,2002,Chamique Holdsclaw,WAS,F,20,634,20,149,330,0.452,11,28,0.393,138,302,0.457,88,106,0.83,54,232,45,20,6,45,50,397
79,2002,Kedra Holland-Corn,SAC,G,32,902,32,102,299,0.341,38,157,0.242,64,142,0.451,54,72,0.75,28,90,63,41,5,81,74,296
80,2002,Niele Ivey,IND,G,31,439,23,25,71,0.352,19,50,0.38,6,21,0.286,17,21,0.81,6,28,39,16,3,22,31,86
81,2002,Deanna Jackson,CLE,F,18,143,0,19,46,0.413,0,3,0.0,19,43,0.442,17,24,0.708,10,27,6,2,1,9,11,55
82,2002,Lauren Jackson,SEA,F-C,28,882,28,186,462,0.403,42,120,0.35,144,342,0.421,68,90,0.756,66,190,41,30,81,47,95,482
83,2002,Tammy Jackson,HOU,F-C,5,69,1,3,8,0.375,0,0,,3,8,0.375,0,2,0.0,7,13,1,3,3,6,7,6
84,2002,Tamicha Jackson,POR,G,32,692,10,122,291,0.419,24,76,0.316,98,215,0.456,46,66,0.697,20,59,95,55,1,64,59,314
85,2002,Adrienne Johnson,ORL,G,32,602,2,68,181,0.376,18,61,0.295,50,120,0.417,12,17,0.706,14,46,22,15,2,26,40,166
86,2002,LaTonya Johnson,UTA,F,28,269,1,25,76,0.329,10,32,0.313,15,44,0.341,15,20,0.75,8,19,10,7,2,15,36,75
87,2002,Pollyanna Johns Kimbrough,MIA,C,31,801,30,78,149,0.523,0,0,,78,149,0.523,61,97,0.629,58,140,32,27,15,53,75,217
88,2002,Shannon Johnson,ORL,G,31,1110,31,157,389,0.404,21,77,0.273,136,312,0.436,164,214,0.766,49,129,163,51,7,98,78,499
89,2002,Tiffani Johnson,HOU,C,32,815,32,77,178,0.433,0,2,0.0,77,176,0.438,47,58,0.81,73,173,39,17,24,38,67,201
90,2002,Vickie Johnson,NYL,G-F,31,1028,31,139,305,0.456,32,76,0.421,107,229,0.467,49,61,0.803,42,109,86,27,4,45,60,359
91,2002,Asjha Jones,WAS,F,32,612,5,93,233,0.399,2,10,0.2,91,223,0.408,20,33,0.606,39,89,28,13,17,39,88,208
92,2002,Merlakia Jones,CLE,G,32,1094,32,157,393,0.399,15,54,0.278,142,339,0.419,62,79,0.785,33,175,72,44,4,55,60,391
93,2002,Zuzi Klimesova,IND,F,11,39,0,2,12,0.167,0,0,,2,12,0.167,1,1,1.0,1,5,2,1,1,2,2,5
94,2002,Sheila Lambert,CHA,G,3,16,0,1,3,0.333,0,0,,1,3,0.333,0,0,,2,3,3,1,0,2,1,2
95,2002,Lisa Leslie,LAS,C,31,1060,31,189,406,0.466,12,37,0.324,177,369,0.48,133,183,0.727,78,322,83,46,90,108,123,523
96,2002,Takeisha Lewis,SEA,F-C,14,57,0,4,10,0.4,0,1,0.0,4,9,0.444,10,18,0.556,7,24,3,2,0,7,12,18
97,2002,Tynesha Lewis,HOU,G,17,145,1,13,30,0.433,3,8,0.375,10,22,0.455,5,8,0.625,6,18,9,3,3,9,18,34
98,2002,Rebecca Lobo,HOU,C,21,132,0,15,32,0.469,3,7,0.429,12,25,0.48,1,4,0.25,9,23,12,1,5,11,10,34
99,2002,Helen Luz,WAS,G,32,474,0,65,148,0.439,42,106,0.396,23,42,0.548,15,19,0.789,9,32,48,18,5,43,40,187
100,2002,Mwadi Mabika,LAS,G,32,1050,32,188,444,0.423,64,175,0.366,124,269,0.461,99,118,0.839,32,167,92,38,9,62,90,539
101,2002,Clarisse Machanguana,ORL,C-F,29,428,25,61,114,0.535,0,0,,61,114,0.535,16,25,0.64,26,64,17,12,4,33,61,138
102,2002,Shea Mahoney,PHO,F,3,13,0,2,3,0.667,0,1,0.0,2,2,1.0,1,1,1.0,2,2,1,0,0,1,4,5
103,2002,Hamchetou Maiga-Ba,SAC,F,23,197,3,13,53,0.245,0,0,,13,53,0.245,14,30,0.467,18,37,9,15,3,23,37,40
104,2002,Nadine Malcolm,IND,F,29,599,28,58,158,0.367,12,41,0.293,46,117,0.393,28,37,0.757,22,61,21,13,3,34,42,156
105,2002,Michelle Marciniak,SEA,G,23,280,1,24,68,0.353,2,8,0.25,22,60,0.367,22,29,0.759,8,28,38,11,2,25,33,72
106,2002,Monica Maxwell,IND,F,18,170,0,14,47,0.298,5,17,0.294,9,30,0.3,2,2,1.0,12,31,7,7,4,6,16,35
107,2002,Brandi McCain,CLE,G,31,392,2,25,86,0.291,21,58,0.362,4,28,0.143,12,16,0.75,4,26,41,11,3,34,29,83
108,2002,Tiffany McCain,ORL,G,16,51,0,2,10,0.2,0,4,0.0,2,6,0.333,3,4,0.75,1,3,2,3,0,3,9,7
109,2002,Nikki McCray,IND,G,32,1058,32,132,318,0.415,21,66,0.318,111,252,0.44,84,103,0.816,29,97,70,28,3,82,73,369
110,2002,Nicky McCrimmon,LAS,G,32,356,0,20,49,0.408,4,15,0.267,16,34,0.471,7,11,0.636,9,23,53,22,3,24,22,51
111,2002,Danielle McCulley,SEA,C-F,4,43,1,0,12,0.0,0,3,0.0,0,9,0.0,2,2,1.0,3,7,1,1,0,2,5,2
112,2002,Carla McGhee,ORL,F,2,4,0,2,4,0.5,0,0,,2,4,0.5,1,1,1.0,1,1,0,0,0,0,0,5
113,2002,Taj McWilliams-Franklin,ORL,F-C,13,383,12,41,82,0.5,1,3,0.333,40,79,0.506,27,31,0.871,21,63,13,19,14,22,40,110
114,2002,Chasity Melvin,CLE,C-F,32,1055,32,153,330,0.464,3,6,0.5,150,324,0.463,90,131,0.687,84,193,56,29,18,74,104,399
115,2002,Coco Miller,WAS,G,32,904,32,114,263,0.433,24,64,0.375,90,199,0.452,46,56,0.821,44,116,82,33,2,59,84,298
116,2002,Kelly Miller,CHA,G,32,554,0,79,177,0.446,24,51,0.471,55,126,0.437,29,38,0.763,31,68,49,22,1,27,39,211
117,2002,Tausha Mills,WAS,C,4,17,0,0,4,0.0,0,0,,0,4,0.0,0,2,0.0,0,3,0,1,0,2,3,0
118,2002,DeLisha Milton-Jones,LAS,F,32,966,25,132,271,0.487,21,50,0.42,111,221,0.502,77,104,0.74,65,211,45,50,35,94,122,362
119,2002,Adriana Moises,PHO,G,32,619,4,63,164,0.384,19,66,0.288,44,98,0.449,48,60,0.8,15,60,79,30,3,72,53,193
120,2002,Jackie Moore,IND,C,18,128,2,16,38,0.421,0,1,0.0,16,37,0.432,10,14,0.714,9,29,3,5,1,14,16,42
121,2002,Carolyn Moos,MIA,F-C,2,6,0,0,1,0.0,0,0,,0,1,0.0,0,0,,0,0,0,0,1,0,2,0
122,2002,Jenny Mowe,POR,C,5,16,0,0,1,0.0,0,0,,0,1,0.0,1,2,0.5,1,1,0,0,0,1,3,1
123,2002,Andrea Nagy,SAC,G,24,409,8,12,44,0.273,3,14,0.214,9,30,0.3,7,16,0.438,3,29,73,10,4,31,51,34
124,2002,Astou Ndiaye-Diatta,DET,F,32,776,32,126,270,0.467,0,2,0.0,126,268,0.47,23,39,0.59,44,162,39,17,12,58,65,275
125,2002,Claudia Neves,MIA,G,20,194,0,11,31,0.355,4,21,0.19,7,10,0.7,11,16,0.688,0,7,25,8,0,13,18,37
126,2002,Bernadette Ngoyisa,NYL,C,7,12,0,3,5,0.6,0,0,,3,5,0.6,0,0,,1,5,0,0,2,0,2,6
127,2002,Deanna Nolan,DET,G-F,32,804,32,103,248,0.415,42,114,0.368,61,134,0.455,29,36,0.806,17,87,62,27,12,61,74,277
128,2002,Vanessa Nygaard,MIA,F,29,443,22,43,101,0.426,24,64,0.375,19,37,0.514,10,13,0.769,27,67,9,11,1,13,49,120
129,2002,Shantia Owens,CHA,F,2,6,0,0,0,,0,0,,0,0,,0,0,,0,2,0,0,0,0,0,0
130,2002,Murriel Page,WAS,F,32,750,15,88,195,0.451,2,4,0.5,86,191,0.45,30,53,0.566,55,155,37,14,15,45,79,208
131,2002,Kate Paye,SEA,G,19,114,0,7,19,0.368,6,16,0.375,1,3,0.333,1,2,0.5,2,7,5,3,0,8,18,21
132,2002,Ticha Penicheiro,SAC,G,24,853,24,60,159,0.377,8,32,0.25,52,127,0.409,75,103,0.728,7,102,192,64,1,69,49,203
133,2002,Erin Perperoglou,CHA,F,29,392,0,33,82,0.402,4,11,0.364,29,71,0.408,25,36,0.694,32,91,18,13,15,27,61,95
134,2002,Bridget Pettis,IND,G,32,375,0,38,107,0.355,9,43,0.209,29,64,0.453,28,39,0.718,17,39,17,8,0,24,22,113
135,2002,Tari Phillips,NYL,F-C,32,1009,31,183,373,0.491,0,2,0.0,183,371,0.493,85,126,0.675,69,223,41,58,14,93,113,451
136,2002,Lynn Pride,MIN,G-F,31,589,15,57,148,0.385,1,10,0.1,56,138,0.406,8,17,0.471,25,103,43,25,25,47,73,123
137,2002,Felicia Ragland,SEA,G,31,432,3,48,125,0.384,22,55,0.4,26,70,0.371,23,28,0.821,27,48,23,27,1,29,44,141
138,2002,Kristen Rasmussen,MIA,F,31,674,5,64,116,0.552,3,7,0.429,61,109,0.56,39,46,0.848,41,117,41,18,16,37,63,170
139,2002,Jamie Redd,SEA,F,10,112,0,17,34,0.5,9,18,0.5,8,16,0.5,9,12,0.75,8,13,7,2,0,7,17,52
140,2002,Brandy Reed,PHO,F,5,85,4,15,41,0.366,0,5,0.0,15,36,0.417,8,11,0.727,1,4,4,2,3,8,8,38
141,2002,Tracy Reid,PHO,F,24,421,12,48,117,0.41,0,1,0.0,48,116,0.414,17,28,0.607,33,77,14,22,2,36,29,113
142,2002,Ruth Riley,MIA,C,26,519,8,60,129,0.465,0,0,,60,129,0.465,28,46,0.609,24,90,25,11,41,49,87,148
143,2002,Jennifer Rizzotti,CLE,G,26,695,25,54,135,0.4,38,99,0.384,16,36,0.444,32,40,0.8,5,70,85,23,3,45,53,178
144,2002,Crystal Robinson,NYL,F,32,1068,32,126,302,0.417,67,181,0.37,59,121,0.488,59,72,0.819,22,91,81,48,12,52,101,378
145,2002,Nykesha Sales,ORL,F-G,32,1042,32,155,376,0.412,37,115,0.322,118,261,0.452,84,106,0.792,36,120,60,60,7,71,97,431
146,2002,Sheri Sam,MIA,G-F,32,1073,32,191,440,0.434,26,76,0.342,165,364,0.453,55,89,0.618,58,155,83,69,6,71,83,463
147,2002,Kelly Santos,DET,F,12,169,0,16,42,0.381,0,0,,16,42,0.381,12,20,0.6,12,32,7,3,9,14,20,44
148,2002,Paige Sauer,CLE,C,1,7,0,0,3,0.0,0,0,,0,3,0.0,0,0,,1,2,0,1,0,1,0,0
149,2002,Jaynetta Saunders,PHO,F,28,302,1,39,103,0.379,0,4,0.0,39,99,0.394,21,32,0.656,10,38,23,9,4,20,23,99
150,2002,Audrey Sauret,WAS,G,15,165,2,10,24,0.417,1,5,0.2,9,19,0.474,3,5,0.6,3,11,18,8,2,15,12,24
151,2002,Kelly Schumacher,IND,C,31,352,1,45,89,0.506,0,1,0.0,45,88,0.511,18,26,0.692,18,59,13,7,23,21,49,108
152,2002,Georgia Schweitzer,MIN,G-F,30,509,9,42,87,0.483,14,33,0.424,28,54,0.519,26,30,0.867,7,51,37,15,5,27,47,124
153,2002,Olympia Scott,IND,C,31,975,31,113,232,0.487,0,4,0.0,113,228,0.496,66,82,0.805,80,211,52,38,13,69,127,292
154,2002,Elena Shakirova,CHA,C,1,5,0,0,0,,0,0,,0,0,,1,2,0.5,1,1,0,1,0,0,0,1
155,2002,Charlotte Smith,CHA,F,32,890,32,91,222,0.41,34,91,0.374,57,131,0.435,40,54,0.741,39,121,53,21,17,60,113,256
156,2002,Katie Smith,MIN,G,31,1138,31,162,401,0.404,62,188,0.33,100,213,0.469,126,153,0.824,24,92,79,32,7,70,87,512
157,2002,Tangela Smith,SAC,C,32,1063,32,184,435,0.423,15,42,0.357,169,393,0.43,86,101,0.851,56,188,40,27,46,59,126,469
158,2002,Michelle Snow,HOU,C,32,480,2,45,96,0.469,1,2,0.5,44,94,0.468,34,57,0.596,31,119,13,12,26,22,59,125
159,2002,Trisha Stafford-Odom,MIA,F,6,38,0,1,6,0.167,0,0,,1,6,0.167,6,8,0.75,3,6,2,1,0,6,5,8
160,2002,Dawn Staley,CHA,G,32,1061,32,85,232,0.366,33,83,0.398,52,149,0.349,77,101,0.762,8,56,164,48,0,80,67,280
161,2002,Jackie Stiles,POR,G,21,382,3,43,135,0.319,15,44,0.341,28,91,0.308,24,30,0.8,7,18,20,4,0,21,38,125
162,2002,Andrea Stinson,CHA,G,32,950,32,159,349,0.456,29,70,0.414,130,279,0.466,64,93,0.688,37,177,91,37,9,52,56,411
163,2002,Shanele Stires,MIN,F,9,22,0,2,4,0.5,1,2,0.5,1,2,0.5,1,2,0.5,4,6,1,0,1,2,3,6
164,2002,Tammy Sutton-Brown,CHA,C,32,885,29,128,242,0.529,0,0,,128,242,0.529,124,174,0.713,76,191,15,29,36,49,125,380
165,2002,Sheryl Swoopes,HOU,F-G,32,1154,32,221,509,0.434,23,80,0.288,198,429,0.462,127,154,0.825,30,158,107,88,23,87,50,592
166,2002,Penny Taylor,CLE,F,30,908,26,133,320,0.416,38,111,0.342,95,209,0.455,87,102,0.853,51,158,68,37,11,58,66,391
167,2002,Nikki Teasley,LAS,G,32,882,32,67,166,0.404,40,100,0.4,27,66,0.409,30,40,0.75,17,84,140,25,9,68,63,204
168,2002,Stacey Thomas,POR,F,32,621,6,51,148,0.345,10,39,0.256,41,109,0.376,31,61,0.508,34,94,67,42,12,36,62,143
169,2002,Alicia Thompson,IND,F,18,314,2,39,109,0.358,7,29,0.241,32,80,0.4,12,17,0.706,12,42,14,7,2,18,20,97
170,2002,Tina Thompson,HOU,F,29,1052,29,176,408,0.431,40,108,0.37,136,300,0.453,93,113,0.823,67,217,62,25,20,92,76,485
171,2002,Slobodanka Tuvic,PHO,C,26,320,1,30,77,0.39,1,6,0.167,29,71,0.408,25,32,0.781,11,63,11,9,9,31,53,86
172,2002,Michele Van Gorp,MIN,C,22,352,13,41,90,0.456,2,7,0.286,39,83,0.47,16,22,0.727,29,64,14,6,11,20,53,100
173,2002,Kristen Veal,PHO,G,23,361,10,24,79,0.304,13,47,0.277,11,32,0.344,10,13,0.769,6,27,41,14,2,42,41,71
174,2002,Kamila Vodichkova,SEA,F-C,32,817,30,114,245,0.465,13,38,0.342,101,207,0.488,54,67,0.806,61,176,47,36,18,55,96,295
175,2002,Ayana Walker,DET,F,32,548,0,63,167,0.377,2,9,0.222,61,158,0.386,34,49,0.694,56,118,17,12,34,29,56,162
176,2002,DeMya Walker,POR,F,31,848,29,139,287,0.484,2,12,0.167,137,275,0.498,59,95,0.621,55,154,51,26,33,90,97,339
177,2002,Maren Walseth,WAS,F,18,104,0,6,25,0.24,1,7,0.143,5,18,0.278,0,2,0.0,7,21,7,2,0,9,8,13
178,2002,Tonya Massaline,WAS,F,25,291,0,28,86,0.326,6,18,0.333,22,68,0.324,11,13,0.846,27,38,15,3,2,16,6,73
179,2002,Ann Wauters,CLE,C,28,802,25,120,217,0.553,0,1,0.0,120,216,0.556,74,87,0.851,45,141,39,16,21,59,74,314
180,2002,Teresa Weatherspoon,NYL,G,32,954,32,39,114,0.342,2,20,0.1,37,94,0.394,28,54,0.519,23,86,181,42,3,78,88,108
181,2002,Val Whiting-Raymond,MIN,C-F,6,52,3,4,13,0.308,0,0,,4,13,0.308,5,12,0.417,3,9,5,2,2,4,10,13
182,2002,Tamika Whitmore,NYL,F,32,977,32,148,310,0.477,0,1,0.0,148,309,0.479,110,150,0.733,43,141,23,27,43,49,102,406
183,2002,Sue Wicks,NYL,F,30,428,0,24,70,0.343,0,1,0.0,24,69,0.348,18,27,0.667,30,101,14,22,15,30,60,66
184,2002,Adrian Williams-Strong,PHO,C-F,32,878,30,79,169,0.467,0,0,,79,169,0.467,42,60,0.7,64,220,35,48,29,63,88,200
185,2002,Lenae Williams,DET,G-F,27,177,0,30,101,0.297,13,54,0.241,17,47,0.362,0,5,0.0,7,19,4,4,0,14,15,73
186,2002,Natalie Williams,UTA,C,31,1008,31,124,285,0.435,5,12,0.417,119,273,0.436,98,132,0.742,105,255,38,38,16,72,122,351
187,2002,Tamika Williams,MIN,F,31,1023,31,124,221,0.561,3,11,0.273,121,210,0.576,63,108,0.583,96,229,51,44,13,74,57,314
188,2002,Sophia Witherspoon,LAS,G,31,358,1,49,118,0.415,28,67,0.418,21,51,0.412,35,46,0.761,9,29,29,13,2,22,27,161
189,2002,Kara Wolters,SAC,C,14,78,0,9,28,0.321,0,0,,9,28,0.321,6,10,0.6,8,23,3,0,3,6,18,24
190,2002,Brooke Wyckoff,ORL,F,32,514,5,31,95,0.326,14,50,0.28,17,45,0.378,5,7,0.714,28,90,32,19,18,30,71,81
191,2002,Lindsey Yamasaki,MIA,G-F,15,147,0,19,43,0.442,9,17,0.529,10,26,0.385,5,10,0.5,3,15,9,4,1,10,20,52
192,2002,Carolyn Young,POR,G,19,186,0,26,74,0.351,10,22,0.455,16,52,0.308,21,24,0.875,5,14,12,4,0,18,18,83
193,2002,Marlies Askamp,TOT,C,26,287,5,30,65,0.462,0,1,0.0,30,64,0.469,12,25,0.48,30,60,7,12,5,12,34,72
194,2002,Katryna Gaither,TOT,C,2,6,0,0,1,0.0,0,0,,0,1,0.0,0,0,,0,1,1,0,0,1,3,0
195,2002,Sonja Henning,TOT,G,31,728,15,26,74,0.351,3,16,0.188,23,58,0.397,7,15,0.467,18,84,66,32,7,43,57,62
196,2002,Amanda Lassiter,TOT,F,30,600,22,47,140,0.336,20,71,0.282,27,69,0.391,13,19,0.684,24,69,57,29,21,51,62,127
197,2002,Betty Lennox,TOT,G,31,719,4,120,355,0.338,51,154,0.331,69,201,0.343,50,68,0.735,20,89,63,30,5,82,102,341
198,2002,Tamara Moore,TOT,G,31,736,23,71,197,0.36,28,77,0.364,43,120,0.358,54,63,0.857,23,83,88,30,9,85,81,224
199,2002,Wendy Palmer,TOT,F,32,965,32,130,301,0.432,42,120,0.35,88,181,0.486,62,92,0.674,47,189,41,35,8,57,90,364
200,2002,Elaine Powell,TOT,G,30,705,14,89,220,0.405,8,33,0.242,81,187,0.433,50,66,0.758,33,95,90,43,12,71,50,236
201,2002,Semeka Randall,TOT,G,29,593,16,65,173,0.376,4,21,0.19,61,152,0.401,58,80,0.725,42,89,37,24,2,46,49,192
202,2002,Kate Starbird,TOT,F-G,24,274,0,30,69,0.435,7,19,0.368,23,50,0.46,12,16,0.75,3,26,19,15,8,13,35,79
203,2002,Coquese Washington,TOT,G,32,674,23,43,120,0.358,22,52,0.423,21,68,0.309,16,22,0.727,14,74,79,36,2,44,60,124
204,2002,Rita Williams,TOT,G,29,569,1,44,146,0.301,19,73,0.26,25,73,0.342,32,44,0.727,10,43,50,32,2,39,45,139
205,2002,Oksana Zakaluzhnaya,TOT,C,8,47,0,3,9,0.333,0,0,,3,9,0.333,2,4,0.5,0,3,0,0,1,4,7,8
0,2003,Svetlana Abrosimova,MIN,F,30,792,25,112,285,0.393,25,82,0.305,87,203,0.429,69,98,0.704,44,141,82,44,11,90,79,318
1,2003,Jordan Adams,MIN,C,10,96,0,13,33,0.394,5,12,0.417,8,21,0.381,2,2,1.0,10,23,4,2,3,10,10,33
2,2003,Mactabene Amachree,SEA,F,7,47,0,3,10,0.3,0,0,,3,10,0.3,2,4,0.5,4,14,0,5,2,9,3,8
3,2003,Chantelle Anderson,SAC,C,26,171,0,19,44,0.432,0,0,,19,44,0.432,4,12,0.333,7,24,5,5,5,17,33,42
4,2003,Janeth Arcain,HOU,G,34,1136,34,151,324,0.466,9,37,0.243,142,287,0.495,79,94,0.84,24,136,67,41,1,50,64,390
5,2003,Leigh Aziz,IND,F,7,44,0,4,14,0.286,0,0,,4,14,0.286,2,4,0.5,2,9,1,0,4,3,5,10
6,2003,Jennifer Azzi,SAS,G,34,1136,34,85,211,0.403,39,97,0.402,46,114,0.404,51,65,0.785,10,91,111,27,9,61,98,260
7,2003,Elena Baranova,NYL,F,33,850,7,107,257,0.416,33,91,0.363,74,166,0.446,31,35,0.886,45,181,64,36,43,62,69,278
8,2003,LaQuanda Barksdale,SAS,G,26,168,0,21,79,0.266,15,52,0.288,6,27,0.222,2,2,1.0,8,33,5,1,3,10,21,59
9,2003,Adia Barnes,SEA,F,16,396,16,32,84,0.381,12,31,0.387,20,53,0.377,12,21,0.571,26,65,23,11,7,18,36,88
10,2003,Lucienne Berthieu,CLE,F-C,22,201,4,27,52,0.519,0,1,0.0,27,51,0.529,30,46,0.652,20,42,6,10,4,22,38,84
11,2003,Tully Bevilaqua,SEA,G,31,252,0,17,51,0.333,8,21,0.381,9,30,0.3,16,21,0.762,9,26,32,14,1,20,30,58
12,2003,Sue Bird,SEA,G,34,1136,34,155,368,0.421,49,140,0.35,106,228,0.465,61,69,0.884,22,113,221,48,1,110,47,420
13,2003,Debbie Black,CON,G,34,373,0,24,68,0.353,1,3,0.333,23,65,0.354,6,9,0.667,16,51,46,20,2,18,33,55
14,2003,Octavia Blue,HOU,F,16,37,0,1,4,0.25,0,0,,1,4,0.25,2,4,0.5,1,2,2,0,0,2,3,4
15,2003,Ruthie Bolton,SAC,G,33,521,0,55,175,0.314,19,98,0.194,36,77,0.468,20,26,0.769,15,57,35,33,2,21,52,149
16,2003,Sandy Brondello,SEA,G,34,975,34,117,282,0.415,21,48,0.438,96,234,0.41,25,31,0.806,19,56,69,31,2,37,58,280
17,2003,Coretta Brown,IND,G,30,522,2,61,164,0.372,36,100,0.36,25,64,0.391,28,33,0.848,11,41,31,21,4,36,30,186
18,2003,Edwina Brown,PHO,G-F,34,524,6,41,152,0.27,0,3,0.0,41,149,0.275,36,44,0.818,29,71,62,30,7,47,44,118
19,2003,Kiesha Brown,WAS,G,27,269,0,24,72,0.333,10,33,0.303,14,39,0.359,2,3,0.667,6,32,28,13,1,22,23,60
20,2003,Rushia Brown,CHA,F,34,483,5,53,116,0.457,0,2,0.0,53,114,0.465,19,23,0.826,34,83,16,29,10,35,88,125
21,2003,Marla Brumfield,CHA,G,25,123,0,6,16,0.375,0,3,0.0,6,13,0.462,6,6,1.0,1,10,14,1,1,6,13,18
22,2003,Annie La Fleur,WAS,G,34,841,33,50,134,0.373,16,58,0.276,34,76,0.447,15,25,0.6,24,79,112,27,1,52,47,131
23,2003,Alisa Burras,SEA,C,27,270,2,35,75,0.467,0,0,,35,75,0.467,19,27,0.704,27,61,5,5,5,25,58,89
24,2003,Janell Burse,MIN,C,29,438,14,76,155,0.49,0,2,0.0,76,153,0.497,54,70,0.771,40,108,19,13,28,42,81,206
25,2003,Latasha Byears,LAS,G-F,5,72,0,10,25,0.4,0,1,0.0,10,24,0.417,8,11,0.727,12,21,2,0,2,2,12,28
26,2003,Edna Campbell,SAC,G,34,724,34,98,244,0.402,46,111,0.414,52,133,0.391,25,33,0.758,17,70,43,21,5,43,42,267
27,2003,Dominique Canty,HOU,G,32,648,4,55,145,0.379,0,1,0.0,55,144,0.382,62,93,0.667,36,100,56,22,1,49,62,172
28,2003,Swin Cash,DET,F,33,1097,33,195,430,0.453,12,40,0.3,183,390,0.469,146,214,0.682,65,193,119,43,23,108,76,548
29,2003,Iziane Castro Marques,PHO,F-G,16,178,0,25,71,0.352,8,27,0.296,17,44,0.386,11,18,0.611,6,12,9,6,1,10,11,69
30,2003,Tamika Catchings,IND,F,34,1210,34,221,512,0.432,74,191,0.387,147,321,0.458,155,183,0.847,82,272,114,72,35,102,122,671
31,2003,Kayte Christensen,PHO,F,30,659,16,78,161,0.484,0,0,,78,161,0.484,50,83,0.602,61,126,16,25,16,39,104,206
32,2003,Courtney Coleman,CON,F,20,141,0,11,20,0.55,0,0,,11,20,0.55,14,30,0.467,8,22,1,8,2,13,18,36
33,2003,Cynthia Cooper,HOU,G,4,144,4,16,38,0.421,7,18,0.389,9,20,0.45,25,28,0.893,2,10,22,4,1,14,9,64
34,2003,Sylvia Crawley,SAS,F,33,564,8,50,130,0.385,0,0,,50,130,0.385,15,22,0.682,39,105,19,18,19,40,76,115
35,2003,Edniesha Curry,PHO,G,20,205,0,13,35,0.371,5,22,0.227,8,13,0.615,2,3,0.667,1,11,24,9,0,15,25,33
36,2003,Stacey Dales,WAS,F,34,998,31,122,298,0.409,57,160,0.356,65,138,0.471,39,55,0.709,44,101,114,29,12,72,97,340
37,2003,Grace Daley,PHO,G,3,28,0,1,5,0.2,0,2,0.0,1,3,0.333,0,0,,1,2,3,0,1,3,2,2
38,2003,Helen Darling,CLE,G,34,832,34,44,143,0.308,23,71,0.324,21,72,0.292,30,41,0.732,25,87,128,39,6,74,87,141
39,2003,Anna DeForge,PHO,G,34,1065,27,147,357,0.412,61,148,0.412,86,209,0.411,50,69,0.725,32,105,72,51,12,53,61,405
40,2003,Tai Dillard,SAS,G,24,168,0,16,65,0.246,4,23,0.174,12,42,0.286,5,6,0.833,1,15,15,7,4,14,22,41
41,2003,Tamecka Dixon,LAS,G,30,1042,30,159,364,0.437,11,52,0.212,148,312,0.474,83,94,0.883,41,126,89,35,10,69,83,412
42,2003,Bethany Donaphin,NYL,F-C,1,2,0,0,0,,0,0,,0,0,,0,0,,0,0,0,0,0,0,0,0
43,2003,Katie Douglas,CON,G-F,28,843,27,120,274,0.438,47,123,0.382,73,151,0.483,49,68,0.721,33,106,56,31,11,28,38,336
44,2003,Margo Dydek,SAS,C,34,926,34,156,346,0.451,0,1,0.0,156,345,0.452,94,130,0.723,45,251,58,19,100,80,113,406
45,2003,Simone Edwards,SEA,C,34,577,6,61,134,0.455,0,0,,61,134,0.455,35,56,0.625,54,133,16,10,9,31,55,157
46,2003,Teresa Edwards,MIN,G-F,34,854,34,63,168,0.375,24,80,0.3,39,88,0.443,31,40,0.775,24,105,148,41,11,92,60,181
47,2003,Shalonda Enis,CHA,F-C,29,613,20,82,188,0.436,26,62,0.419,56,126,0.444,62,77,0.805,62,125,16,29,2,41,63,252
48,2003,Barbara Farris,DET,F-C,34,522,0,43,99,0.434,0,0,,43,99,0.434,41,63,0.651,29,82,23,10,4,41,62,127
49,2003,Allison Feaster,CHA,F,34,1096,34,142,378,0.376,72,205,0.351,70,173,0.405,66,78,0.846,37,113,73,52,9,72,75,422
50,2003,Marie Ferdinand-Harris,SAS,G,34,1116,34,139,384,0.362,16,52,0.308,123,332,0.37,176,223,0.789,28,127,90,58,6,85,87,470
51,2003,Ukari Figgs,HOU,G,34,952,30,52,124,0.419,26,69,0.377,26,55,0.473,19,22,0.864,11,81,82,26,1,59,33,149
52,2003,Cheryl Ford,DET,F,32,956,32,128,270,0.474,0,0,,128,270,0.474,88,129,0.682,99,334,27,32,31,79,109,344
53,2003,La'Keshia Frett,SAC,F,24,150,4,17,47,0.362,1,2,0.5,16,45,0.356,1,2,0.5,9,23,12,2,3,10,16,36
54,2003,Linda Frohlich,NYL,F-C,26,214,0,31,72,0.431,7,13,0.538,24,59,0.407,14,22,0.636,11,36,15,6,8,14,26,83
55,2003,Kelley Gibson,HOU,F-G,26,209,0,14,42,0.333,10,24,0.417,4,18,0.222,0,0,,4,16,8,1,5,9,14,38
56,2003,Jennifer Gillom,LAS,F-C,33,397,10,40,97,0.412,7,26,0.269,33,71,0.465,16,21,0.762,18,55,21,16,3,9,65,103
57,2003,Adrienne Goodson,SAS,F,33,969,32,141,357,0.395,8,36,0.222,133,321,0.414,81,102,0.794,74,185,71,24,6,85,96,371
58,2003,Shaunzinski Gortman,MIN,G,24,200,0,21,49,0.429,5,19,0.263,16,30,0.533,3,4,0.75,9,32,14,11,1,20,25,50
59,2003,Yolanda Griffith,SAC,C-F,34,1015,34,161,332,0.485,0,2,0.0,161,330,0.488,147,190,0.774,92,248,46,57,39,75,125,469
60,2003,Lady Grooms,SAC,F,34,470,9,45,112,0.402,0,1,0.0,45,111,0.405,21,26,0.808,15,46,29,17,5,21,27,111
61,2003,Becky Hammon,NYL,G,11,257,2,50,87,0.575,23,49,0.469,27,38,0.711,39,41,0.951,1,21,18,10,1,27,13,162
62,2003,Lisa Harrison,PHO,F,33,838,33,74,179,0.413,0,3,0.0,74,176,0.42,35,51,0.686,42,118,36,29,6,34,58,183
63,2003,Kristi Harrower,MIN,G,31,499,0,32,87,0.368,16,43,0.372,16,44,0.364,8,13,0.615,9,39,72,18,3,39,15,88
64,2003,Tracy Henderson,CLE,C,11,45,0,1,13,0.077,0,0,,1,13,0.077,0,0,,6,14,3,1,1,4,6,2
65,2003,Jessie Hicks,CON,C-F,27,253,0,37,80,0.463,0,0,,37,80,0.463,24,25,0.96,23,48,6,11,9,26,47,98
66,2003,Chamique Holdsclaw,WAS,F,27,948,27,204,480,0.425,6,35,0.171,198,445,0.445,140,155,0.903,72,294,89,34,15,72,74,554
67,2003,Kedra Holland-Corn,DET,G,34,694,2,107,232,0.461,50,124,0.403,57,108,0.528,48,63,0.762,12,57,63,36,3,59,26,312
68,2003,Dalma Ivanyi,PHO,G,4,34,0,3,8,0.375,0,2,0.0,3,6,0.5,0,0,,2,4,2,0,1,2,4,6
69,2003,Niele Ivey,IND,G,27,651,21,45,116,0.388,33,84,0.393,12,32,0.375,12,17,0.706,5,32,71,29,7,28,40,135
70,2003,Deanna Jackson,CLE,F,34,763,22,83,198,0.419,29,70,0.414,54,128,0.422,50,70,0.714,37,89,51,20,13,33,92,245
71,2003,Gwen Jackson,SAS,F,33,975,26,114,286,0.399,5,30,0.167,109,256,0.426,56,88,0.636,86,205,20,15,17,46,85,289
72,2003,Lauren Jackson,SEA,F-C,33,1109,33,254,526,0.483,39,123,0.317,215,403,0.533,151,183,0.825,82,307,62,38,64,69,106,698
73,2003,Tamicha Jackson,PHO,G,34,958,34,124,361,0.343,35,99,0.354,89,262,0.34,17,21,0.81,24,82,146,52,4,76,62,300
74,2003,Adrienne Johnson,CON,G,34,584,5,69,195,0.354,17,49,0.347,52,146,0.356,18,24,0.75,23,58,18,17,1,21,36,173
75,2003,Chandra Johnson,LAS,C,8,45,0,1,5,0.2,1,5,0.2,0,0,,3,4,0.75,2,6,3,0,1,4,6,6
76,2003,LaTonya Johnson,SAS,F,31,279,1,18,71,0.254,6,23,0.261,12,48,0.25,16,22,0.727,7,25,9,3,1,14,31,58
77,2003,Pollyanna Johns Kimbrough,CLE,C,30,416,2,35,63,0.556,0,0,,35,63,0.556,19,33,0.576,31,82,19,12,10,19,35,89
78,2003,Shannon Johnson,CON,G,34,1107,34,138,319,0.433,19,73,0.26,119,246,0.484,125,171,0.731,39,134,196,44,3,107,77,420
79,2003,Tiffani Johnson,HOU,C,22,359,3,30,62,0.484,0,0,,30,62,0.484,17,23,0.739,19,63,13,3,7,20,33,77
80,2003,Vickie Johnson,NYL,G-F,32,1042,32,158,345,0.458,35,96,0.365,123,249,0.494,79,92,0.859,30,95,75,29,7,55,65,430
81,2003,Asjha Jones,WAS,F,34,748,10,121,279,0.434,7,17,0.412,114,262,0.435,41,55,0.745,62,135,52,16,25,63,109,290
82,2003,Merlakia Jones,CLE,G,34,672,15,66,196,0.337,4,13,0.308,62,183,0.339,28,39,0.718,18,97,44,22,3,36,59,164
83,2003,Zuzi Klimesova,IND,F,1,3,0,0,1,0.0,0,0,,0,1,0.0,2,2,1.0,0,0,0,0,0,0,1,2
84,2003,Sheila Lambert,DET,G,27,187,1,24,66,0.364,7,16,0.438,17,50,0.34,32,41,0.78,10,28,14,5,0,29,15,87
85,2003,Amanda Lassiter,SEA,F,32,733,18,60,156,0.385,24,73,0.329,36,83,0.434,19,30,0.633,33,112,42,27,26,42,92,163
86,2003,Kara Lawson,SAC,G,34,769,0,89,227,0.392,54,135,0.4,35,92,0.38,31,40,0.775,30,107,56,15,5,42,45,263
87,2003,Betty Lennox,CLE,G,34,560,1,100,269,0.372,32,103,0.311,68,166,0.41,26,36,0.722,19,89,32,14,4,58,77,258
88,2003,Lisa Leslie,LAS,C,23,792,23,165,373,0.442,12,37,0.324,153,336,0.455,82,133,0.617,76,231,46,31,63,65,93,424
89,2003,Tynesha Lewis,CHA,G,23,234,0,26,62,0.419,7,13,0.538,19,49,0.388,11,12,0.917,11,33,20,10,6,16,18,70
90,2003,Rebecca Lobo,CON,C,25,297,13,25,88,0.284,7,28,0.25,18,60,0.3,2,9,0.222,9,52,5,6,15,14,33,59
91,2003,Helen Luz,WAS,G,20,165,0,19,53,0.358,12,40,0.3,7,13,0.538,9,10,0.9,2,10,21,6,2,11,16,59
92,2003,Mwadi Mabika,LAS,G,32,1042,30,158,388,0.407,28,106,0.264,130,282,0.461,97,112,0.866,34,141,82,30,18,74,105,441
93,2003,Hamchetou Maiga-Ba,SAC,F,22,190,0,17,52,0.327,0,0,,17,52,0.327,8,20,0.4,13,37,14,18,2,14,27,42
94,2003,Sonja Mallory,PHO,C,6,44,0,4,9,0.444,0,0,,4,9,0.444,2,2,1.0,4,10,0,1,4,6,7,10
95,2003,Rhonda Mapp,LAS,C,24,255,4,30,60,0.5,0,1,0.0,30,59,0.508,2,4,0.5,26,68,6,7,6,12,45,62
96,2003,Stephanie White,IND,G-F,28,577,10,60,173,0.347,29,84,0.345,31,89,0.348,45,48,0.938,14,41,58,34,6,37,60,194
97,2003,Nikki McCray,IND,G,34,734,32,52,138,0.377,7,32,0.219,45,106,0.425,20,24,0.833,18,51,49,37,2,44,67,131
98,2003,Nicky McCrimmon,LAS,G,33,299,1,28,63,0.444,5,12,0.417,23,51,0.451,7,8,0.875,7,29,32,19,1,17,20,68
99,2003,Danielle McCulley,SEA,C-F,7,26,0,1,6,0.167,0,1,0.0,1,5,0.2,0,0,,0,1,0,0,0,4,3,2
100,2003,Teana Miller,CHA,C,31,341,1,41,78,0.526,0,1,0.0,41,77,0.532,23,31,0.742,37,91,6,14,24,27,58,105
101,2003,Taj McWilliams-Franklin,CON,F-C,34,983,34,133,301,0.442,12,43,0.279,121,258,0.469,76,102,0.745,78,227,49,43,33,54,103,354
102,2003,Chasity Melvin,CLE,C-F,34,1061,34,159,333,0.477,3,11,0.273,156,322,0.484,123,176,0.699,82,215,52,28,22,67,108,444
103,2003,Coco Miller,WAS,G,33,1076,33,172,382,0.45,32,89,0.36,140,293,0.478,37,53,0.698,55,127,86,39,7,53,95,413
104,2003,Kelly Miller,CHA,G,34,523,0,68,167,0.407,22,52,0.423,46,115,0.4,31,40,0.775,20,53,47,18,2,35,44,189
105,2003,Tausha Mills,SAS,C,29,185,0,20,49,0.408,0,0,,20,49,0.408,18,31,0.581,27,55,7,4,2,23,58,58
106,2003,DeLisha Milton-Jones,LAS,F,31,1086,30,139,328,0.424,23,61,0.377,116,267,0.434,115,143,0.804,59,220,64,49,41,79,109,416
107,2003,Jenny Mowe,LAS,C,1,21,0,0,2,0.0,0,0,,0,2,0.0,0,0,,0,1,0,0,1,1,3,0
108,2003,Astou Ndiaye-Diatta,DET,F,11,70,2,10,21,0.476,0,0,,10,21,0.476,0,2,0.0,5,14,1,3,1,9,3,20
109,2003,Deanna Nolan,DET,G-F,32,954,32,136,312,0.436,48,114,0.421,88,198,0.444,76,96,0.792,12,107,83,41,14,69,65,396
110,2003,Vanessa Nygaard,LAS,F,11,168,3,16,36,0.444,6,17,0.353,10,19,0.526,3,4,0.75,11,19,5,3,0,4,22,41
111,2003,Murriel Page,WAS,F,34,850,34,83,220,0.377,5,12,0.417,78,208,0.375,42,56,0.75,62,152,35,18,24,41,101,213
112,2003,Wendy Palmer,CON,F,32,433,1,58,147,0.395,10,46,0.217,48,101,0.475,23,28,0.821,29,106,16,11,3,35,62,149
113,2003,Michaela Pavlickova,PHO,F,8,29,0,3,7,0.429,0,1,0.0,3,6,0.5,0,0,,1,4,1,1,0,2,1,6
114,2003,Ticha Penicheiro,SAC,G,34,1089,34,62,205,0.302,15,60,0.25,47,145,0.324,44,76,0.579,29,119,229,61,1,81,76,183
115,2003,Jocelyn Penn,WAS,F,30,288,0,31,78,0.397,2,13,0.154,29,65,0.446,22,33,0.667,19,52,16,15,1,20,28,86
116,2003,Erin Perperoglou,CHA,F,14,44,0,3,8,0.375,0,0,,3,8,0.375,3,4,0.75,2,4,3,0,0,2,6,9
117,2003,Bridget Pettis,IND,G,31,148,0,15,52,0.288,6,27,0.222,9,25,0.36,13,17,0.765,5,19,8,4,1,8,17,49
118,2003,Tari Phillips,NYL,F-C,33,1033,32,142,358,0.397,1,5,0.2,141,353,0.399,87,134,0.649,99,280,56,56,28,92,118,372
119,2003,Plenette Pierson,PHO,F,33,602,5,67,177,0.379,0,2,0.0,67,175,0.383,64,101,0.634,37,80,22,19,13,42,87,198
120,2003,Elaine Powell,DET,G,33,938,33,105,233,0.451,7,20,0.35,98,213,0.46,79,106,0.745,43,106,129,45,9,79,65,296
121,2003,Felicia Ragland,PHO,G,3,39,0,1,12,0.083,1,5,0.2,0,7,0.0,2,2,1.0,0,2,2,2,0,3,4,5
122,2003,Semeka Randall,SAS,G,33,339,1,32,90,0.356,0,1,0.0,32,89,0.36,24,45,0.533,25,53,23,11,0,44,41,88
123,2003,Kristen Rasmussen,IND,F,33,814,25,94,200,0.47,7,15,0.467,87,185,0.47,31,39,0.795,44,115,64,24,15,48,65,226
124,2003,Tracy Reid,PHO,F,2,12,0,1,3,0.333,0,0,,1,3,0.333,0,0,,1,1,1,2,0,1,4,2
125,2003,Ruth Riley,DET,C,34,995,34,115,231,0.498,0,0,,115,231,0.498,97,127,0.764,59,201,64,25,58,82,128,327
126,2003,Jennifer Rizzotti,CLE,G,33,525,0,20,72,0.278,10,51,0.196,10,21,0.476,9,16,0.563,4,42,65,14,0,35,22,59
127,2003,Crystal Robinson,NYL,F,33,1078,33,143,326,0.439,62,168,0.369,81,158,0.513,47,56,0.839,13,70,63,40,13,43,94,395
128,2003,Nykesha Sales,CON,F-G,34,1106,34,194,468,0.415,44,114,0.386,150,354,0.424,116,144,0.806,27,145,92,46,13,73,107,548
129,2003,Sheri Sam,MIN,G-F,34,953,28,138,360,0.383,24,73,0.329,114,287,0.397,74,105,0.705,46,142,88,38,6,48,70,374
130,2003,Nakia Sanford,WAS,C-F,17,134,0,20,40,0.5,0,0,,20,40,0.5,9,20,0.45,10,26,1,3,2,14,35,49
131,2003,Kelly Schumacher,IND,C,34,480,1,81,169,0.479,4,9,0.444,77,160,0.481,23,27,0.852,40,99,20,7,24,32,63,189
132,2003,Georgia Schweitzer,MIN,G-F,16,118,0,6,17,0.353,3,9,0.333,3,8,0.375,0,0,,7,18,7,3,1,8,6,15
133,2003,K.B. Sharp,NYL,G,30,398,0,28,71,0.394,7,24,0.292,21,47,0.447,31,39,0.795,11,32,37,14,0,26,15,94
134,2003,Gergana Slavtcheva,PHO,G,2,12,0,0,2,0.0,0,2,0.0,0,0,,0,0,,0,0,1,0,0,1,2,0
135,2003,Aiysha Smith,WAS,F,31,422,2,41,120,0.342,5,34,0.147,36,86,0.419,17,34,0.5,21,65,10,11,9,26,44,104
136,2003,Charlotte Smith,CHA,F,27,443,9,31,98,0.316,9,32,0.281,22,66,0.333,24,36,0.667,23,60,18,10,2,24,54,95
137,2003,Charmin Smith,PHO,G,4,17,0,0,2,0.0,0,2,0.0,0,0,,0,0,,1,4,1,0,0,0,2,0
138,2003,Katie Smith,MIN,G,34,1185,34,208,455,0.457,78,200,0.39,130,255,0.51,126,143,0.881,40,138,84,25,6,67,112,620
139,2003,Tangela Smith,SAC,C,34,986,34,188,427,0.44,13,49,0.265,175,378,0.463,41,58,0.707,61,187,52,43,32,56,103,430
140,2003,Michelle Snow,HOU,C,34,1025,34,126,253,0.498,0,1,0.0,126,252,0.5,62,85,0.729,76,263,42,35,62,68,120,314
141,2003,Dawn Staley,CHA,G,34,1086,34,90,216,0.417,28,72,0.389,62,144,0.431,61,73,0.836,14,58,174,49,4,78,76,269
142,2003,Andrea Stinson,CHA,G,34,1000,34,147,321,0.458,23,75,0.307,124,246,0.504,60,79,0.759,28,140,97,48,5,75,70,377
143,2003,Jung Sun-Min,SEA,C,17,118,0,13,32,0.406,0,7,0.0,13,25,0.52,4,4,1.0,1,10,1,5,0,5,13,30
144,2003,Tammy Sutton-Brown,CHA,C,34,864,33,98,233,0.421,0,0,,98,233,0.421,90,131,0.687,73,201,15,19,50,59,132,286
145,2003,Sheryl Swoopes,HOU,F-G,31,1084,30,175,434,0.403,24,79,0.304,151,355,0.425,110,124,0.887,32,143,121,77,26,73,48,484
146,2003,Penny Taylor,CLE,F,34,898,33,143,340,0.421,34,99,0.343,109,241,0.452,78,95,0.821,44,148,80,38,10,60,53,398
147,2003,Nikki Teasley,LAS,G,34,1189,34,112,288,0.389,70,165,0.424,42,123,0.341,98,112,0.875,30,175,214,39,15,108,68,392
148,2003,LaToya Thomas,CLE,F,32,852,25,137,296,0.463,0,6,0.0,137,290,0.472,71,90,0.789,63,164,37,28,13,42,62,345
149,2003,Tina Thompson,HOU,F,28,974,28,176,426,0.413,39,114,0.342,137,312,0.439,81,104,0.779,39,165,47,18,23,69,65,472
150,2003,Erin Thorn,NYL,G,23,181,0,13,42,0.31,8,33,0.242,5,9,0.556,10,10,1.0,3,11,16,4,1,13,8,44
151,2003,Slobodanka Tuvic,PHO,C,17,365,14,45,116,0.388,0,4,0.0,45,112,0.402,37,46,0.804,31,67,12,10,15,32,61,127
152,2003,Mfon Udoka,HOU,F,25,251,3,32,64,0.5,0,1,0.0,32,63,0.508,16,23,0.696,22,51,4,4,2,21,38,80
153,2003,Petra Ujhelyi,DET,C,14,68,0,2,8,0.25,0,0,,2,8,0.25,0,3,0.0,3,12,3,0,1,10,8,4
154,2003,Itoro Umoh-Coleman,HOU,G,3,6,0,0,0,,0,0,,0,0,,0,0,,0,0,1,0,0,1,1,0
155,2003,Michele Van Gorp,MIN,C,31,528,1,70,162,0.432,0,1,0.0,70,161,0.435,35,52,0.673,32,107,17,10,20,56,87,175
156,2003,Kamila Vodichkova,SEA,F-C,28,709,27,101,213,0.474,0,5,0.0,101,208,0.486,82,101,0.812,55,143,31,20,21,53,101,284
157,2003,Ayana Walker,DET,F,34,271,1,24,70,0.343,0,0,,24,70,0.343,8,21,0.381,34,71,10,10,11,19,33,56
158,2003,DeMya Walker,SAC,F,34,740,21,111,242,0.459,2,15,0.133,109,227,0.48,83,143,0.58,61,149,47,25,23,69,95,307
159,2003,Coquese Washington,IND,G,20,348,10,19,67,0.284,14,48,0.292,5,19,0.263,11,13,0.846,2,29,48,14,2,30,32,63
160,2003,Teresa Weatherspoon,NYL,G,34,824,34,37,96,0.385,0,4,0.0,37,92,0.402,24,32,0.75,19,97,149,28,5,62,60,98
161,2003,Tamika Whitmore,NYL,F,33,823,29,110,242,0.455,1,3,0.333,109,239,0.456,50,76,0.658,38,122,25,35,22,57,100,271
162,2003,Adrian Williams-Strong,PHO,C-F,34,985,33,141,351,0.402,0,1,0.0,141,350,0.403,52,85,0.612,68,252,31,57,19,73,95,334
163,2003,Natalie Williams,IND,C,34,1054,34,176,363,0.485,0,1,0.0,176,362,0.486,105,148,0.709,109,255,46,43,21,70,138,457
164,2003,Rita Williams,SEA,G,32,381,0,28,75,0.373,11,43,0.256,17,32,0.531,11,15,0.733,3,22,41,14,0,27,34,78
165,2003,Shaquala Williams,LAS,G,25,229,3,19,53,0.358,1,16,0.063,18,37,0.486,10,14,0.714,11,32,19,6,0,7,25,49
166,2003,Tamika Williams,MIN,F,34,1121,34,129,193,0.668,0,2,0.0,129,191,0.675,45,93,0.484,92,209,44,34,10,58,78,303
167,2003,Sophia Witherspoon,LAS,G,23,235,2,17,53,0.321,10,29,0.345,7,24,0.292,12,14,0.857,6,19,4,7,0,7,17,56
168,2003,Brooke Wyckoff,CON,F,34,755,22,55,142,0.387,20,70,0.286,35,72,0.486,26,36,0.722,48,146,35,33,19,39,109,156
169,2003,Lindsey Yamasaki,NYL,G-F,24,148,1,6,27,0.222,4,14,0.286,2,13,0.154,0,0,,1,12,9,4,0,5,19,16
170,2003,Nevriye Yilmaz,PHO,C,5,34,1,7,15,0.467,0,0,,7,15,0.467,0,2,0.0,3,3,2,0,0,4,7,14
171,2003,Zuzana Zirkova,WAS,G,6,30,0,2,4,0.5,1,2,0.5,1,2,0.5,6,6,1.0,0,2,1,0,0,2,3,11
172,2003,Sonja Henning,TOT,G,24,295,1,11,43,0.256,0,9,0.0,11,34,0.324,2,8,0.25,2,25,29,15,0,13,28,24
173,2003,Tamara Moore,TOT,G,26,176,0,19,42,0.452,0,9,0.0,19,33,0.576,16,19,0.842,6,28,12,9,6,16,14,54
174,2003,Lynn Pride,TOT,G-F,17,94,0,7,19,0.368,0,0,,7,19,0.368,4,8,0.5,11,23,1,3,1,11,20,18
175,2003,Stacey Thomas,TOT,F,30,269,1,20,62,0.323,7,27,0.259,13,35,0.371,14,27,0.519,15,43,15,20,9,16,24,61
176,2003,Tonya Massaline,TOT,F,24,222,0,20,63,0.317,6,20,0.3,14,43,0.326,7,7,1.0,12,21,8,5,0,10,12,53
0,2004,Svetlana Abrosimova,MIN,F,22,462,11,49,139,0.353,20,53,0.377,29,86,0.337,28,46,0.609,17,74,45,30,2,43,42,146
1,2004,Chantelle Anderson,SAC,C,30,231,0,25,64,0.391,0,0,,25,64,0.391,27,37,0.73,14,34,5,3,6,25,46,77
2,2004,Mery Andrade,CHA,F,12,65,0,3,7,0.429,0,1,0.0,3,6,0.5,3,3,1.0,1,4,7,0,1,3,12,9
3,2004,Elena Baranova,NYL,F,34,1048,33,146,315,0.463,53,115,0.461,93,200,0.465,49,53,0.925,33,246,67,37,58,80,88,394
4,2004,Adia Barnes,SEA,F,34,402,2,21,69,0.304,3,6,0.5,18,63,0.286,22,31,0.71,33,63,31,23,2,24,38,67
5,2004,Alana Beard,WAS,G-F,34,1025,34,159,380,0.418,21,56,0.375,138,324,0.426,107,149,0.718,28,143,91,69,34,80,98,446
6,2004,Lucienne Berthieu,HOU,F-C,16,134,0,12,34,0.353,0,0,,12,34,0.353,13,18,0.722,12,27,4,6,2,9,28,37
7,2004,Tully Bevilaqua,SEA,G,34,358,0,24,60,0.4,11,26,0.423,13,34,0.382,20,29,0.69,6,26,29,38,2,26,48,79
8,2004,Agnieszka Bibrzycka,SAS,G-F,24,465,9,55,151,0.364,26,84,0.31,29,67,0.433,23,26,0.885,5,28,40,21,7,32,38,159
9,2004,Sue Bird,SEA,G,34,1136,34,151,326,0.463,64,146,0.438,87,180,0.483,73,85,0.859,22,106,184,51,5,87,48,439
10,2004,Tera Bjorklund,CHA,C,4,13,0,1,3,0.333,0,0,,1,3,0.333,0,0,,0,0,0,0,0,1,1,2
11,2004,Debbie Black,CON,G,31,347,4,26,56,0.464,0,1,0.0,26,55,0.473,3,4,0.75,13,36,47,19,0,15,35,55
12,2004,Octavia Blue,HOU,F,13,155,3,16,42,0.381,0,4,0.0,16,38,0.421,12,13,0.923,12,21,5,1,0,7,10,44
13,2004,Ruthie Bolton,SAC,G,34,469,4,57,154,0.37,32,79,0.405,25,75,0.333,14,19,0.737,17,49,31,23,0,15,45,160
14,2004,Coretta Brown,IND,G,26,398,0,37,108,0.343,20,56,0.357,17,52,0.327,10,16,0.625,10,34,41,7,1,31,31,104
15,2004,Kiesha Brown,WAS,G,26,371,0,35,88,0.398,13,28,0.464,22,60,0.367,21,24,0.875,9,50,42,13,2,33,21,104
16,2004,Jessica Brungo,CON,F,33,314,0,18,59,0.305,10,38,0.263,8,21,0.381,4,5,0.8,10,37,27,4,4,12,21,50
17,2004,Rebekkah Brunson,SAC,F,34,494,1,59,140,0.421,0,0,,59,140,0.421,33,46,0.717,42,122,19,23,13,29,48,151
18,2004,Janell Burse,SEA,C,29,514,0,51,119,0.429,0,0,,51,119,0.429,39,67,0.582,51,96,19,23,36,41,84,141
19,2004,Tasha Butts,MIN,F,30,423,0,24,80,0.3,10,37,0.27,14,43,0.326,18,25,0.72,21,62,25,13,7,23,37,76
20,2004,Edna Campbell,SAC,G,22,332,22,29,76,0.382,16,39,0.41,13,37,0.351,0,2,0.0,3,19,16,5,2,15,24,74
21,2004,Dominique Canty,HOU,G,32,770,12,63,150,0.42,0,2,0.0,63,148,0.426,51,72,0.708,40,84,64,32,1,45,61,177
22,2004,Amisha Carter,DET,F,2,13,0,0,0,,0,0,,0,0,,1,2,0.5,0,4,0,2,0,3,5,1
23,2004,Swin Cash,DET,F,32,1105,32,180,384,0.469,8,23,0.348,172,361,0.476,158,219,0.721,78,208,135,44,29,81,84,526
24,2004,Tamika Catchings,IND,F,34,1149,33,180,468,0.385,56,167,0.335,124,301,0.412,152,178,0.854,79,249,115,67,38,77,90,568
25,2004,Kaayla Chones,WAS,C,13,115,1,11,27,0.407,0,0,,11,27,0.407,6,11,0.545,8,17,4,1,4,11,13,28
26,2004,Kayte Christensen,PHO,F,32,407,1,19,49,0.388,0,0,,19,49,0.388,12,19,0.632,27,69,23,21,7,26,89,50
27,2004,Shameka Christon,NYL,G,33,560,4,67,189,0.354,24,82,0.293,43,107,0.402,33,51,0.647,19,68,23,9,9,32,71,191
28,2004,Monique Coker,LAS,F-C,3,14,0,1,1,1.0,1,1,1.0,0,0,,0,0,,1,1,3,0,1,3,2,3
29,2004,Stacey Dales,WAS,F,31,782,26,87,228,0.382,40,119,0.336,47,109,0.431,40,55,0.727,17,64,78,20,3,37,61,254
30,2004,Helen Darling,MIN,G,33,707,22,43,130,0.331,12,55,0.218,31,75,0.413,42,63,0.667,11,67,115,30,4,74,83,140
31,2004,Anna DeForge,PHO,G,34,1152,34,165,396,0.417,70,181,0.387,95,215,0.442,88,102,0.863,23,123,107,51,8,68,51,488
32,2004,Jennifer Derevjanik,CON,G,23,140,0,7,26,0.269,3,12,0.25,4,14,0.286,2,2,1.0,1,9,14,8,0,10,20,19
33,2004,Tai Dillard,SAS,G,23,205,0,16,54,0.296,5,18,0.278,11,36,0.306,0,1,0.0,2,14,19,4,1,14,18,37
34,2004,Tamecka Dixon,LAS,G,32,913,21,119,269,0.442,5,11,0.455,114,258,0.442,68,87,0.782,32,110,112,36,1,71,86,311
35,2004,Bethany Donaphin,NYL,F-C,26,479,16,49,106,0.462,0,0,,49,106,0.462,33,61,0.541,30,71,16,11,8,21,60,131
36,2004,Katie Douglas,CON,G-F,34,1120,34,125,321,0.389,53,153,0.346,72,168,0.429,61,77,0.792,33,132,90,50,13,52,73,364
37,2004,Margo Dydek,SAS,C,34,682,24,90,208,0.433,1,2,0.5,89,206,0.432,44,58,0.759,30,168,60,20,48,64,70,225
38,2004,Simone Edwards,SEA,C,23,257,3,20,55,0.364,0,0,,20,55,0.364,8,19,0.421,25,56,5,8,3,13,25,48
39,2004,Teresa Edwards,MIN,G-F,34,697,34,74,200,0.37,25,85,0.294,49,115,0.426,21,30,0.7,29,90,79,47,8,93,37,194
40,2004,Barbara Farris,DET,F-C,26,422,0,41,80,0.513,0,0,,41,80,0.513,36,54,0.667,28,61,7,8,2,26,46,118
41,2004,Allison Feaster,CHA,F,33,1052,32,132,332,0.398,45,143,0.315,87,189,0.46,79,91,0.868,22,84,60,27,6,68,61,388
42,2004,Marie Ferdinand-Harris,SAS,G,17,509,17,67,162,0.414,10,27,0.37,57,135,0.422,55,64,0.859,18,54,29,32,2,35,34,199
43,2004,Cheryl Ford,DET,F,31,912,31,118,287,0.411,0,0,,118,287,0.411,93,158,0.589,104,297,34,41,25,54,118,329
44,2004,Trina Frierson,SEA,F,5,22,0,2,9,0.222,0,1,0.0,2,8,0.25,3,3,1.0,3,5,0,0,0,1,7,7
45,2004,Candace Futrell,CON,G,20,144,0,11,38,0.289,7,17,0.412,4,21,0.19,13,16,0.813,7,19,10,5,1,7,20,42
46,2004,Adrienne Goodson,SAS,F,34,1068,34,142,317,0.448,4,16,0.25,138,301,0.458,84,102,0.824,89,235,60,28,2,67,77,372
47,2004,Shaunzinski Gortman,WAS,G,4,24,0,0,0,,0,0,,0,0,,0,0,,0,4,2,0,1,2,0,0
48,2004,Michelle Greco,SEA,G,13,73,0,10,18,0.556,0,2,0.0,10,16,0.625,9,13,0.692,3,10,8,3,0,8,6,29
49,2004,Yolanda Griffith,SAC,C-F,34,1031,34,177,341,0.519,0,1,0.0,177,340,0.521,140,186,0.753,122,246,42,75,41,59,99,494
50,2004,Lady Grooms,SAC,F,28,235,0,19,66,0.288,0,0,,19,66,0.288,11,12,0.917,10,18,11,7,2,2,14,49
51,2004,Gordana Grubin,HOU,G,5,24,0,0,3,0.0,0,0,,0,3,0.0,2,2,1.0,0,1,0,0,0,3,2,2
52,2004,Becky Hammon,NYL,G,34,1130,34,153,354,0.432,57,170,0.335,96,184,0.522,97,116,0.836,17,118,150,58,2,118,73,460
53,2004,Vanessa Hayden,MIN,C,29,350,1,66,159,0.415,0,0,,66,159,0.415,21,38,0.553,23,84,7,7,29,34,65,153
54,2004,Jessie Hicks,SAS,C-F,27,371,10,52,111,0.468,0,0,,52,111,0.468,23,38,0.605,23,57,18,17,13,34,57,127
55,2004,Doneeka Lewis,LAS,G,24,245,3,16,52,0.308,4,17,0.235,12,35,0.343,7,10,0.7,3,22,16,10,2,17,9,43
56,2004,Ebony Hoffman,IND,F,30,334,13,26,83,0.313,5,17,0.294,21,66,0.318,3,4,0.75,34,87,21,15,5,27,51,60
57,2004,Chamique Holdsclaw,WAS,F,23,801,22,162,403,0.402,7,17,0.412,155,386,0.402,106,132,0.803,51,191,56,39,18,57,67,437
58,2004,Kedra Holland-Corn,HOU,G,27,703,21,59,159,0.371,31,97,0.32,28,62,0.452,28,41,0.683,19,66,53,40,3,46,51,177
59,2004,Niele Ivey,IND,G,15,179,1,11,37,0.297,8,24,0.333,3,13,0.231,4,6,0.667,2,10,18,4,3,6,20,34
60,2004,Deanna Jackson,IND,F,34,804,32,92,251,0.367,0,12,0.0,92,239,0.385,52,73,0.712,57,113,53,29,6,52,82,236
61,2004,Lauren Jackson,SEA,F-C,31,1070,31,220,460,0.478,52,115,0.452,168,345,0.487,142,175,0.811,64,207,51,31,62,67,93,634
62,2004,Tamicha Jackson,WAS,G,25,405,12,57,135,0.422,10,25,0.4,47,110,0.427,11,16,0.688,7,37,45,20,1,28,21,135
63,2004,Amber Jacobs,MIN,G,32,391,0,31,100,0.31,19,60,0.317,12,40,0.3,20,22,0.909,3,36,47,13,0,45,36,101
64,2004,LaTonya Johnson,HOU,F,6,36,0,2,7,0.286,2,6,0.333,0,1,0.0,0,2,0.0,0,1,1,2,0,2,3,6
65,2004,Pollyanna Johns Kimbrough,HOU,C,19,157,0,3,17,0.176,0,0,,3,17,0.176,16,21,0.762,16,29,1,4,3,8,21,22
66,2004,Shannon Johnson,SAS,G,31,954,30,89,234,0.38,27,76,0.355,62,158,0.392,82,107,0.766,14,82,136,48,4,99,69,287
67,2004,Tiffani Johnson,HOU,C,33,660,11,59,118,0.5,0,0,,59,118,0.5,24,32,0.75,30,122,27,9,17,31,72,142
68,2004,Vickie Johnson,NYL,G-F,34,1119,34,121,293,0.413,17,60,0.283,104,233,0.446,62,70,0.886,37,121,124,25,4,71,75,321
69,2004,Asjha Jones,CON,F,34,699,1,96,239,0.402,2,6,0.333,94,233,0.403,41,48,0.854,51,118,39,20,18,53,82,235
70,2004,Chandi Jones,DET,G,31,397,8,37,103,0.359,8,32,0.25,29,71,0.408,25,31,0.806,8,34,45,18,5,40,41,107
71,2004,Merlakia Jones,DET,G,33,517,2,76,205,0.371,4,15,0.267,72,190,0.379,24,32,0.75,23,69,21,19,2,26,41,180
72,2004,Sheila Lambert,HOU,G,34,788,25,75,177,0.424,7,27,0.259,68,150,0.453,40,51,0.784,19,68,88,26,4,82,46,197
73,2004,Amanda Lassiter,MIN,F,33,563,12,47,135,0.348,27,89,0.303,20,46,0.435,6,9,0.667,15,80,37,21,22,40,74,127
74,2004,Kara Lawson,SAC,G,34,827,10,103,245,0.42,51,134,0.381,52,111,0.468,37,44,0.841,12,77,68,21,8,53,41,294
75,2004,Betty Lennox,SEA,G,32,920,32,139,330,0.421,22,83,0.265,117,247,0.474,58,68,0.853,28,159,79,34,3,77,89,358
76,2004,Lisa Leslie,LAS,C,34,1150,34,223,451,0.494,6,22,0.273,217,429,0.506,146,205,0.712,60,336,88,50,98,110,130,598
77,2004,Tynesha Lewis,CHA,G,34,617,2,91,210,0.433,20,50,0.4,71,160,0.444,44,58,0.759,23,57,44,27,7,44,47,246
78,2004,Stacey Lovelace,MIN,C,34,388,0,49,122,0.402,3,17,0.176,46,105,0.438,20,24,0.833,25,66,20,18,9,45,47,121
79,2004,Mwadi Mabika,LAS,G,31,965,31,159,383,0.415,38,94,0.404,121,289,0.419,89,108,0.824,39,122,75,36,3,48,88,445
80,2004,Laura Macchi,LAS,F,25,410,15,52,106,0.491,7,26,0.269,45,80,0.563,41,55,0.745,23,61,14,21,6,29,56,152
81,2004,Hamchetou Maiga-Ba,SAC,F,34,480,0,62,132,0.47,0,0,,62,132,0.47,16,29,0.552,35,71,25,29,6,49,63,140
82,2004,Raffaella Masciadri,LAS,F,17,116,0,10,25,0.4,4,11,0.364,6,14,0.429,4,10,0.4,1,5,8,1,0,5,23,28
83,2004,Kelly Mazzante,CHA,G,34,339,0,31,92,0.337,13,52,0.25,18,40,0.45,4,6,0.667,9,33,9,7,2,20,22,79
84,2004,Stephanie White,IND,G-F,22,450,12,27,72,0.375,13,39,0.333,14,33,0.424,24,34,0.706,8,28,52,24,5,30,30,91
85,2004,Nikki McCray,PHO,G,27,371,9,30,67,0.448,5,11,0.455,25,56,0.446,4,7,0.571,10,29,13,7,0,18,35,69
86,2004,Teana Miller,CHA,C,9,77,0,14,27,0.519,0,0,,14,27,0.519,7,14,0.5,9,18,0,2,6,5,21,35
87,2004,Taj McWilliams-Franklin,CON,F-C,34,1133,34,168,352,0.477,0,12,0.0,168,340,0.494,77,128,0.602,83,244,63,48,45,73,96,413
88,2004,Chasity Melvin,WAS,C-F,34,825,16,104,256,0.406,0,0,,104,256,0.406,85,111,0.766,63,131,37,15,18,52,89,293
89,2004,Giuliana Mendiola,SAC,G,6,39,0,4,8,0.5,2,5,0.4,2,3,0.667,0,0,,2,5,3,0,0,3,2,10
90,2004,Coco Miller,WAS,G,33,637,8,72,167,0.431,5,19,0.263,67,148,0.453,11,14,0.786,35,63,43,18,3,27,60,160
91,2004,Kelly Miller,IND,G,34,1096,34,126,326,0.387,46,112,0.411,80,214,0.374,50,57,0.877,28,108,106,37,5,74,81,348
92,2004,DeLisha Milton-Jones,LAS,F,19,604,19,65,161,0.404,11,37,0.297,54,124,0.435,45,62,0.726,35,90,31,23,10,48,63,186
93,2004,Tamara Moore,PHO,G,32,387,0,27,61,0.443,3,10,0.3,24,51,0.471,25,29,0.862,7,28,53,26,9,34,46,82
94,2004,Astou Ndiaye-Diatta,IND,F,10,74,0,5,19,0.263,0,0,,5,19,0.263,2,4,0.5,2,11,4,1,3,8,7,12
95,2004,Deanna Nolan,DET,G-F,34,1138,34,166,435,0.382,33,114,0.289,133,321,0.414,99,124,0.798,29,134,112,66,12,90,75,464
96,2004,Nicole Ohlde,MIN,F-C,34,1018,34,136,308,0.442,0,2,0.0,136,306,0.444,125,177,0.706,83,194,60,16,45,74,103,397
97,2004,Murriel Page,WAS,F,33,809,19,81,175,0.463,0,3,0.0,81,172,0.471,22,40,0.55,40,140,36,25,16,30,85,184
98,2004,Wendy Palmer,CON,F,33,786,33,108,253,0.427,13,41,0.317,95,212,0.448,68,85,0.8,47,182,30,23,5,40,77,297
99,2004,Ticha Penicheiro,SAC,G,33,970,32,63,178,0.354,23,68,0.338,40,110,0.364,50,70,0.714,14,102,163,64,2,72,64,199
100,2004,Jocelyn Penn,SAS,F,1,3,0,2,2,1.0,0,0,,2,2,1.0,0,0,,0,1,0,0,0,0,0,4
101,2004,Jia Perkins,CHA,G,4,17,0,0,5,0.0,0,0,,0,5,0.0,3,4,0.75,1,3,1,3,0,1,2,3
102,2004,Tari Phillips,NYL,F-C,13,311,13,33,95,0.347,0,0,,33,95,0.347,21,46,0.457,28,70,16,14,10,33,41,87
103,2004,Plenette Pierson,PHO,F,31,803,25,112,253,0.443,0,3,0.0,112,250,0.448,66,109,0.606,46,131,26,26,17,49,102,290
104,2004,Elaine Powell,DET,G,30,760,26,52,138,0.377,0,0,,52,138,0.377,29,50,0.58,31,84,134,36,8,61,67,133
105,2004,Nicole Powell,CHA,F,31,384,0,50,121,0.413,24,58,0.414,26,63,0.413,8,10,0.8,10,71,16,15,4,22,37,132
106,2004,Felicia Ragland,HOU,G,34,517,10,44,120,0.367,19,49,0.388,25,71,0.352,11,13,0.846,19,67,38,25,3,32,48,118
107,2004,Semeka Randall,SAS,G,29,462,8,53,143,0.371,0,5,0.0,53,138,0.384,30,48,0.625,26,60,20,22,4,28,41,136
108,2004,Kristen Rasmussen,IND,F,33,692,4,56,135,0.415,10,27,0.37,46,108,0.426,30,38,0.789,41,113,47,21,14,35,51,152
109,2004,Ruth Riley,DET,C,34,1037,34,153,343,0.446,1,2,0.5,152,341,0.446,71,87,0.816,68,199,50,31,53,82,121,378
110,2004,Ashley Robinson,PHO,C,19,130,0,7,14,0.5,0,1,0.0,7,13,0.538,3,7,0.429,4,13,2,8,10,4,22,17
111,2004,Crystal Robinson,NYL,F,28,890,27,122,279,0.437,55,144,0.382,67,135,0.496,40,43,0.93,19,83,58,24,8,33,77,339
112,2004,Nykesha Sales,CON,F-G,34,1096,34,210,486,0.432,41,129,0.318,169,357,0.473,56,77,0.727,33,135,97,75,8,76,98,517
113,2004,Sheri Sam,SEA,G-F,34,1018,32,117,284,0.412,11,42,0.262,106,242,0.438,65,76,0.855,42,139,82,53,6,63,108,310
114,2004,Isabel Sanchez,DET,G,10,62,0,6,14,0.429,2,5,0.4,4,9,0.444,8,11,0.727,3,5,3,2,0,11,6,22
115,2004,Nakia Sanford,WAS,C-F,31,653,29,63,126,0.5,0,0,,63,126,0.5,43,75,0.573,53,154,18,18,16,37,99,169
116,2004,Kelly Schumacher,IND,C,32,601,7,92,196,0.469,5,13,0.385,87,183,0.475,35,45,0.778,36,104,25,10,31,52,67,224
117,2004,Olympia Scott,CHA,C,34,398,0,27,67,0.403,0,1,0.0,27,66,0.409,19,32,0.594,28,65,10,9,13,36,78,73
118,2004,K.B. Sharp,NYL,G,30,240,0,9,37,0.243,0,12,0.0,9,25,0.36,11,12,0.917,5,21,33,6,1,20,7,29
119,2004,Gwen Slaughter,MIN,F,3,7,0,0,1,0.0,0,0,,0,1,0.0,2,2,1.0,0,1,0,0,1,0,0,2
120,2004,Aiysha Smith,WAS,F,29,403,3,42,103,0.408,9,16,0.563,33,87,0.379,22,34,0.647,26,69,15,17,12,21,38,115
121,2004,Charlotte Smith,CHA,F,34,977,34,99,206,0.481,29,58,0.5,70,148,0.473,53,73,0.726,50,139,40,18,13,55,109,280
122,2004,Katie Smith,MIN,G,23,800,23,137,318,0.431,60,139,0.432,77,179,0.43,98,109,0.899,17,84,52,23,6,51,63,432
123,2004,Tangela Smith,SAC,C,34,908,33,165,401,0.411,5,29,0.172,160,372,0.43,45,56,0.804,46,138,50,38,25,53,86,380
124,2004,Michelle Snow,HOU,C,31,893,31,104,229,0.454,0,0,,104,229,0.454,68,113,0.602,62,239,31,28,35,71,89,276
125,2004,Dawn Staley,CHA,G,34,1143,34,106,246,0.431,24,59,0.407,82,187,0.439,66,87,0.759,12,58,171,43,2,74,83,302
126,2004,Kate Starbird,IND,F-G,12,117,0,6,23,0.261,3,10,0.3,3,13,0.231,5,6,0.833,6,9,11,6,0,9,7,20
127,2004,Stacy Stephens,DET,C,7,36,1,2,6,0.333,0,0,,2,6,0.333,0,2,0.0,2,9,3,0,0,2,7,4
128,2004,Mandisa Stevenson,SAS,F-C,29,259,0,15,45,0.333,1,1,1.0,14,44,0.318,7,8,0.875,11,35,5,6,4,11,32,38
129,2004,Andrea Stinson,CHA,G,34,777,34,79,191,0.414,11,37,0.297,68,154,0.442,34,44,0.773,25,119,49,27,7,41,60,203
130,2004,Tammy Sutton-Brown,CHA,C,34,970,34,106,224,0.473,0,0,,106,224,0.473,113,162,0.698,63,211,15,31,71,71,111,325
131,2004,Sheryl Swoopes,HOU,F-G,31,1070,31,181,429,0.422,20,65,0.308,161,364,0.442,77,90,0.856,38,153,91,47,16,59,56,459
132,2004,Diana Taurasi,PHO,G,34,1130,34,209,503,0.416,62,188,0.33,147,315,0.467,98,129,0.76,28,149,132,43,25,90,117,578
133,2004,Lindsay Taylor,PHO,C,5,26,0,1,5,0.2,1,3,0.333,0,2,0.0,0,0,,0,3,2,1,1,1,7,3
134,2004,Penny Taylor,PHO,F,33,1076,33,150,310,0.484,41,96,0.427,109,214,0.509,93,108,0.861,51,160,82,52,14,81,108,434
135,2004,Nikki Teasley,LAS,G,34,1105,34,108,278,0.388,68,165,0.412,40,113,0.354,52,68,0.765,29,116,207,42,7,103,89,336
136,2004,Christi Thomas,LAS,F-C,31,547,8,66,143,0.462,5,11,0.455,61,132,0.462,28,41,0.683,43,120,23,18,14,27,80,165
137,2004,LaToya Thomas,SAS,F,31,964,30,171,350,0.489,3,8,0.375,168,342,0.491,95,113,0.841,48,138,42,25,11,56,99,440
138,2004,Stacey Thomas,DET,F,1,1,0,0,0,,0,0,,0,0,,0,0,,0,0,0,0,0,0,0,0
139,2004,Alicia Thompson,SEA,F,23,182,2,24,54,0.444,3,16,0.188,21,38,0.553,1,2,0.5,8,24,9,6,0,7,9,52
140,2004,Tina Thompson,HOU,F,26,943,26,180,448,0.402,44,108,0.407,136,340,0.4,116,147,0.789,44,157,48,22,23,69,68,520
141,2004,Erin Thorn,NYL,G,17,156,1,12,45,0.267,9,31,0.29,3,14,0.214,1,2,0.5,0,8,8,4,1,9,5,34
142,2004,Iciss Tillis,DET,F-C,31,287,1,35,74,0.473,6,18,0.333,29,56,0.518,7,12,0.583,13,39,13,9,8,23,23,83
143,2004,Slobodanka Tuvic,PHO,C,33,691,26,37,99,0.374,0,1,0.0,37,98,0.378,17,24,0.708,25,123,32,25,37,41,115,91
144,2004,Mfon Udoka,LAS,F,3,19,0,0,2,0.0,0,0,,0,2,0.0,1,4,0.25,2,3,0,0,0,1,5,1
145,2004,Michele Van Gorp,MIN,C,8,66,0,9,19,0.474,0,1,0.0,9,18,0.5,4,8,0.5,6,13,1,0,1,7,8,22
146,2004,Kamila Vodichkova,SEA,F-C,34,873,34,94,241,0.39,1,2,0.5,93,239,0.389,84,108,0.778,65,168,55,32,12,73,110,273
147,2004,Ayana Walker,DET,F,18,148,1,8,28,0.286,0,0,,8,28,0.286,2,6,0.333,10,26,6,1,4,5,13,18
148,2004,DeMya Walker,SAC,F,34,884,34,111,267,0.416,0,10,0.0,111,257,0.432,62,103,0.602,72,143,86,26,13,86,109,284
149,2004,Ann Wauters,NYL,C,13,271,4,29,66,0.439,1,3,0.333,28,63,0.444,23,29,0.793,10,40,21,4,8,21,28,82
150,2004,Teresa Weatherspoon,LAS,G,34,292,0,8,25,0.32,1,3,0.333,7,22,0.318,0,0,,6,29,32,12,1,26,27,17
151,2004,Lindsay Whalen,CON,G,31,946,30,83,183,0.454,20,57,0.351,63,126,0.5,89,122,0.73,21,90,148,39,0,94,72,275
152,2004,DeTrina White,NYL,F,31,420,2,37,68,0.544,0,0,,37,68,0.544,8,17,0.471,51,118,9,8,10,36,37,82
153,2004,Tamika Whitmore,LAS,F,34,595,5,77,173,0.445,7,16,0.438,70,157,0.446,49,72,0.681,38,106,17,12,5,34,73,210
154,2004,Le'coe Willingham,CON,F,23,175,0,24,38,0.632,0,1,0.0,24,37,0.649,20,26,0.769,22,43,7,8,2,12,16,68
155,2004,Natalie Williams,IND,C,34,956,34,133,293,0.454,0,4,0.0,133,289,0.46,83,119,0.697,93,235,62,40,23,65,122,349
156,2004,Tamika Williams,MIN,F,34,978,33,102,189,0.54,1,4,0.25,101,185,0.546,49,87,0.563,82,205,38,39,5,66,65,254
157,2004,Toccara Williams,SAS,G,26,417,4,16,46,0.348,1,2,0.5,15,44,0.341,22,29,0.759,7,39,43,35,5,31,36,55
158,2004,Shereka Wright,PHO,F,24,243,0,13,42,0.31,6,13,0.462,7,29,0.241,25,32,0.781,17,27,8,3,1,15,19,57
159,2004,Nevriye Yilmaz,SAS,C,7,77,0,6,24,0.25,1,7,0.143,5,17,0.294,6,6,1.0,3,10,2,3,1,4,15,19
160,2004,La'Keshia Frett,TOT,F,26,347,2,47,98,0.48,0,0,,47,98,0.48,23,37,0.622,17,50,18,10,7,24,29,117
161,2004,Gwen Jackson,TOT,F,33,426,4,46,93,0.495,1,6,0.167,45,87,0.517,24,32,0.75,31,81,15,6,4,15,34,117
162,2004,Jae Kingi-Cross,TOT,G,18,143,0,6,18,0.333,3,7,0.429,3,11,0.273,8,11,0.727,5,14,13,5,2,9,11,23
163,2004,Adrian Williams-Strong,TOT,C-F,23,294,8,42,105,0.4,0,0,,42,105,0.4,13,21,0.619,16,49,13,19,6,27,35,97
0,2005,Svetlana Abrosimova,MIN,F,31,777,31,109,276,0.395,33,82,0.402,76,194,0.392,53,73,0.726,29,107,60,48,6,80,86,304
1,2005,Mactabene Amachree,WAS,F,3,3,0,0,1,0.0,0,0,,0,1,0.0,2,2,1.0,0,0,0,0,0,0,0,2
2,2005,Chantelle Anderson,SAS,C,34,669,19,83,178,0.466,0,0,,83,178,0.466,37,46,0.804,28,90,11,8,15,55,106,203
3,2005,Janeth Arcain,HOU,G,34,1079,34,128,304,0.421,3,16,0.188,125,288,0.434,83,94,0.883,20,93,53,55,6,56,85,342
4,2005,Elena Baranova,NYL,F,33,953,33,104,236,0.441,33,85,0.388,71,151,0.47,47,55,0.855,39,227,59,25,46,59,79,288
5,2005,Suzy Batkovic-Brown,SEA,C,29,461,0,76,174,0.437,2,7,0.286,74,167,0.443,45,58,0.776,26,94,26,17,24,32,85,199
6,2005,Jacqueline Batteast,MIN,F,8,46,0,0,6,0.0,0,0,,0,6,0.0,0,0,,0,5,3,0,1,3,4,0
7,2005,Ashley Battle,SEA,F,2,8,0,1,2,0.5,0,0,,1,2,0.5,0,0,,0,2,0,0,0,1,1,2
8,2005,Alana Beard,WAS,G-F,30,1015,30,155,408,0.38,32,101,0.317,123,307,0.401,80,105,0.762,25,130,90,45,9,63,87,422
9,2005,Jenni Benningfield,IND,F,10,52,0,3,8,0.375,0,2,0.0,3,6,0.5,3,4,0.75,3,6,4,1,1,4,5,9
10,2005,Tully Bevilaqua,IND,G,31,873,31,63,162,0.389,44,116,0.379,19,46,0.413,24,44,0.545,12,63,80,60,0,51,69,194
11,2005,Sue Bird,SEA,G,30,1020,30,130,294,0.442,45,103,0.437,85,191,0.445,59,69,0.855,21,72,176,29,6,87,46,364
12,2005,Kara Braxton,DET,C-F,33,455,2,97,210,0.462,0,1,0.0,97,209,0.464,33,60,0.55,42,100,14,18,13,52,78,227
13,2005,Coretta Brown,IND,G,6,23,0,2,5,0.4,2,5,0.4,0,0,,0,0,,0,2,3,1,0,3,1,6
14,2005,Jessica Brungo,CON,F,12,48,0,1,9,0.111,0,4,0.0,1,5,0.2,0,0,,1,6,2,0,0,2,4,2
15,2005,Rebekkah Brunson,SAC,F,34,722,16,105,246,0.427,0,0,,105,246,0.427,55,92,0.598,75,187,16,28,15,42,61,265
16,2005,Janell Burse,SEA,C,34,859,34,127,243,0.523,0,0,,127,243,0.523,86,123,0.699,81,199,23,19,40,78,139,340
17,2005,Edna Campbell,SAS,G,28,248,2,21,67,0.313,5,19,0.263,16,48,0.333,1,1,1.0,2,14,14,7,0,15,20,48
18,2005,Dominique Canty,HOU,G,33,997,32,95,238,0.399,0,4,0.0,95,234,0.406,80,110,0.727,25,108,101,29,2,67,75,270
19,2005,Jamie Carey,CON,G,15,85,0,7,19,0.368,4,13,0.308,3,6,0.5,0,0,,2,6,7,2,0,4,9,18
20,2005,Amisha Carter,NYL,F,3,13,0,0,1,0.0,0,0,,0,1,0.0,0,0,,0,2,0,0,0,1,4,0
21,2005,Swin Cash,DET,F,21,458,21,48,126,0.381,2,10,0.2,46,116,0.397,21,32,0.656,42,88,43,12,6,47,44,119
22,2005,Iziane Castro Marques,SEA,F-G,33,879,32,93,242,0.384,24,72,0.333,69,170,0.406,59,73,0.808,23,97,49,18,4,59,73,269
23,2005,Tamika Catchings,IND,F,34,1174,34,157,410,0.383,35,123,0.285,122,287,0.425,152,193,0.788,69,264,143,90,16,91,96,501
24,2005,Kaayla Chones,WAS,C,12,61,0,6,14,0.429,0,0,,6,14,0.429,2,3,0.667,2,6,1,1,0,4,9,14
25,2005,Kayte Christensen,PHO,F,11,108,1,7,15,0.467,0,0,,7,15,0.467,4,7,0.571,9,22,7,7,5,10,25,18
26,2005,Shameka Christon,NYL,G,34,809,9,111,270,0.411,24,89,0.27,87,181,0.481,65,76,0.855,25,92,41,33,19,50,100,311
27,2005,Edniesha Curry,LAS,G,13,113,0,7,23,0.304,6,16,0.375,1,7,0.143,3,6,0.5,4,11,12,7,1,10,16,23
28,2005,Helen Darling,CHA,G,31,600,11,27,88,0.307,10,32,0.313,17,56,0.304,43,58,0.741,5,47,83,41,0,51,73,107
29,2005,Anna DeForge,PHO,G,33,1131,33,142,364,0.39,47,144,0.326,95,220,0.432,102,120,0.85,31,114,80,41,7,81,66,433
30,2005,Jennifer Derevjanik,CON,G,34,359,1,8,22,0.364,1,7,0.143,7,15,0.467,7,16,0.438,10,30,40,11,2,26,47,24
31,2005,Tai Dillard,SAS,G,10,51,0,4,16,0.25,0,3,0.0,4,13,0.308,1,4,0.25,1,6,3,2,0,3,5,9
32,2005,Tamecka Dixon,LAS,G,30,607,23,63,154,0.409,0,5,0.0,63,149,0.423,34,40,0.85,24,67,77,24,2,40,73,160
33,2005,Katie Douglas,CON,G-F,32,998,32,119,288,0.413,31,110,0.282,88,178,0.494,82,106,0.774,45,130,94,48,4,54,57,351
34,2005,Margo Dydek,CON,C,31,671,30,87,162,0.537,1,2,0.5,86,160,0.538,50,65,0.769,27,195,38,8,71,47,62,225
35,2005,Simone Edwards,SEA,C,28,201,0,24,41,0.585,0,0,,24,41,0.585,7,12,0.583,9,31,3,4,2,4,13,55
36,2005,Shyra Ely-Gash,SAS,F,31,528,11,50,132,0.379,9,31,0.29,41,101,0.406,30,39,0.769,11,62,27,7,4,33,42,139
37,2005,Barbara Farris,DET,F-C,34,444,1,25,73,0.342,0,0,,25,73,0.342,33,54,0.611,31,84,19,8,1,43,55,83
38,2005,Allison Feaster,CHA,F,21,666,21,61,162,0.377,37,86,0.43,24,76,0.316,33,39,0.846,9,37,51,14,2,38,52,192
39,2005,Sui Feifei,SAC,G,5,24,0,1,6,0.167,1,1,1.0,0,5,0.0,4,4,1.0,0,1,3,0,0,2,3,7
40,2005,Marie Ferdinand-Harris,SAS,G,31,999,31,132,358,0.369,20,65,0.308,112,293,0.382,104,134,0.776,40,116,68,46,5,70,74,388
41,2005,Cheryl Ford,DET,F,33,932,33,120,279,0.43,0,0,,120,279,0.43,73,150,0.487,113,322,26,33,46,69,143,313
42,2005,La'Keshia Frett,NYL,F,33,361,1,42,88,0.477,0,0,,42,88,0.477,14,19,0.737,15,38,18,12,4,18,52,98
43,2005,Yolanda Griffith,SAC,C-F,34,962,33,173,357,0.485,0,0,,173,357,0.485,123,174,0.707,87,223,52,42,31,68,98,469
44,2005,Gordana Grubin,LAS,G,9,41,0,0,8,0.0,0,2,0.0,0,6,0.0,1,4,0.25,1,6,5,1,0,2,4,1
45,2005,Becky Hammon,NYL,G,34,1165,34,145,336,0.432,65,178,0.365,80,158,0.506,118,131,0.901,20,114,146,60,2,107,77,473
46,2005,Lisa Harrison,PHO,F,27,297,2,15,34,0.441,0,1,0.0,15,33,0.455,11,14,0.786,13,39,10,5,1,12,33,41
47,2005,Kristi Harrower,MIN,G,34,832,34,53,151,0.351,22,68,0.324,31,83,0.373,28,36,0.778,11,82,96,38,1,54,37,156
48,2005,Vanessa Hayden,MIN,C,31,595,25,103,238,0.433,0,0,,103,238,0.433,40,72,0.556,48,163,23,15,68,63,110,246
49,2005,Kristin Haynie,SAC,G,30,434,0,40,117,0.342,5,32,0.156,35,85,0.412,19,23,0.826,19,62,43,33,1,35,41,104
50,2005,Doneeka Lewis,LAS,G,32,669,11,65,157,0.414,31,69,0.449,34,88,0.386,17,25,0.68,8,47,77,18,7,48,35,178
51,2005,Roneeka Hodges,HOU,G,26,188,0,13,47,0.277,5,26,0.192,8,21,0.381,2,2,1.0,9,17,7,3,0,3,8,33
52,2005,Ebony Hoffman,IND,F,33,497,0,47,116,0.405,1,2,0.5,46,114,0.404,25,30,0.833,34,97,16,21,10,23,59,120
53,2005,Chamique Holdsclaw,LAS,F,33,1183,33,216,450,0.48,3,13,0.231,213,437,0.487,126,160,0.788,86,223,104,38,16,99,94,561
54,2005,Sandora Irvin,PHO,F,12,122,0,14,44,0.318,4,8,0.5,10,36,0.278,12,15,0.8,16,34,5,5,6,2,20,44
55,2005,Dalma Ivanyi,SAS,G,30,577,14,25,67,0.373,20,45,0.444,5,22,0.227,5,8,0.625,5,50,68,26,0,53,48,75
56,2005,Deanna Jackson,IND,F,34,472,0,56,139,0.403,0,3,0.0,56,136,0.412,50,68,0.735,37,77,23,17,12,32,55,162
57,2005,Gwen Jackson,PHO,F,11,121,2,13,26,0.5,2,4,0.5,11,22,0.5,3,6,0.5,8,23,3,0,3,10,12,31
58,2005,Lauren Jackson,SEA,F-C,34,1176,34,206,450,0.458,34,118,0.288,172,332,0.518,151,181,0.834,96,313,57,36,67,59,100,597
59,2005,Tamicha Jackson,WAS,G,8,68,0,4,26,0.154,1,9,0.111,3,17,0.176,0,2,0.0,1,6,10,5,0,4,5,9
60,2005,Amber Jacobs,MIN,G,33,478,0,40,104,0.385,20,53,0.377,20,51,0.392,21,29,0.724,4,19,68,19,4,46,34,121
61,2005,Shannon Johnson,SAS,G,34,1104,33,88,241,0.365,28,90,0.311,60,151,0.397,113,136,0.831,17,91,158,46,5,113,78,317
62,2005,Temeka Johnson,WAS,G,34,973,34,125,273,0.458,13,43,0.302,112,230,0.487,52,66,0.788,13,104,177,44,1,88,99,315
63,2005,Vickie Johnson,NYL,G-F,34,1023,34,129,272,0.474,30,84,0.357,99,188,0.527,65,84,0.774,37,118,92,23,2,44,56,353
64,2005,Asjha Jones,CON,F,33,705,4,133,275,0.484,2,5,0.4,131,270,0.485,33,56,0.589,54,121,40,10,7,51,70,301
65,2005,Susan King Borchardt,MIN,G,3,17,0,0,1,0.0,0,0,,0,1,0.0,3,4,0.75,0,1,1,0,1,0,2,3
66,2005,Laurie Koehn,WAS,G,30,229,0,37,79,0.468,35,75,0.467,2,4,0.5,4,5,0.8,4,11,10,2,0,6,15,113
67,2005,Cathrine Kraayeveld,NYL,F,17,196,0,23,55,0.418,9,24,0.375,14,31,0.452,14,15,0.933,13,27,5,4,8,17,21,69
68,2005,Sheila Lambert,DET,G,12,152,5,14,45,0.311,1,7,0.143,13,38,0.342,4,5,0.8,2,17,21,8,1,24,11,33
69,2005,Amanda Lassiter,MIN,F,31,388,3,38,115,0.33,24,72,0.333,14,43,0.326,7,11,0.636,10,46,23,14,4,29,55,107
70,2005,Kara Lawson,SAC,G,24,508,1,65,148,0.439,36,81,0.444,29,67,0.433,26,31,0.839,7,33,37,13,3,22,28,192
71,2005,Betty Lennox,SEA,G,28,800,26,123,314,0.392,24,78,0.308,99,236,0.419,76,87,0.874,21,124,57,35,5,75,82,346
72,2005,Lisa Leslie,LAS,C,34,1096,34,204,464,0.44,7,34,0.206,197,430,0.458,102,174,0.586,70,248,87,67,71,100,122,517
73,2005,Stacey Lovelace,MIN,C,34,594,2,70,173,0.405,26,63,0.413,44,110,0.4,43,54,0.796,35,107,31,24,11,37,57,209
74,2005,Sancho Lyttle,HOU,F,33,460,0,59,101,0.584,0,0,,59,101,0.584,22,40,0.55,35,125,17,20,3,23,45,140
75,2005,Mwadi Mabika,LAS,G,17,367,14,39,122,0.32,11,49,0.224,28,73,0.384,10,20,0.5,8,27,29,15,0,14,43,99
76,2005,Laura Macchi,LAS,F,13,148,1,21,53,0.396,9,28,0.321,12,25,0.48,12,17,0.706,6,18,7,8,1,13,23,63
77,2005,Hamchetou Maiga-Ba,SAC,F,34,408,0,59,131,0.45,0,0,,59,131,0.45,11,35,0.314,31,67,30,24,6,42,69,129
78,2005,Kristen Mann,MIN,F,24,185,0,30,60,0.5,0,9,0.0,30,51,0.588,11,16,0.688,11,35,11,8,1,7,16,71
79,2005,Nuria Martinez,MIN,G,1,2,0,0,1,0.0,0,1,0.0,0,0,,0,0,,0,0,0,0,0,0,0,0
80,2005,Raffaella Masciadri,LAS,F,33,463,1,44,104,0.423,19,46,0.413,25,58,0.431,15,20,0.75,20,47,23,15,1,21,51,122
81,2005,Caity Matter,CHA,G,10,56,0,3,13,0.231,1,7,0.143,2,6,0.333,2,2,1.0,0,3,6,1,0,2,4,9
82,2005,Katie Mattera,SAS,C,34,673,14,104,222,0.468,0,0,,104,222,0.468,90,128,0.703,57,175,6,9,44,62,90,298
83,2005,Kelly Mazzante,CHA,G,27,226,2,21,72,0.292,14,46,0.304,7,26,0.269,8,10,0.8,14,31,7,9,0,7,9,64
84,2005,Janel McCarville,CHA,F-C,28,311,3,17,50,0.34,0,0,,17,50,0.34,16,25,0.64,32,76,11,12,7,22,39,50
85,2005,Nikki McCray,SAS,G,23,302,5,15,62,0.242,1,20,0.05,14,42,0.333,7,11,0.636,7,20,16,11,0,18,26,38
86,2005,Teana Miller,CHA,C,31,362,1,44,91,0.484,0,0,,44,91,0.484,25,36,0.694,29,65,7,14,18,26,71,113
87,2005,Taj McWilliams-Franklin,CON,F-C,34,1083,34,180,364,0.495,4,18,0.222,176,346,0.509,107,136,0.787,78,248,65,37,25,59,80,471
88,2005,Chasity Melvin,WAS,C-F,34,1050,34,150,305,0.492,4,16,0.25,146,289,0.505,93,138,0.674,82,199,25,31,14,61,113,397
89,2005,Miao Lijie,SAC,G,18,135,0,9,30,0.3,6,20,0.3,3,10,0.3,7,7,1.0,0,4,13,5,1,15,13,31
90,2005,Coco Miller,WAS,G,34,500,4,68,160,0.425,9,24,0.375,59,136,0.434,8,10,0.8,24,59,44,26,3,28,53,153
91,2005,Kelly Miller,IND,G,34,1057,34,122,278,0.439,37,114,0.325,85,164,0.518,67,79,0.848,26,86,81,40,2,53,81,348
92,2005,DeLisha Milton-Jones,WAS,F,33,1069,30,138,331,0.417,39,119,0.328,99,212,0.467,79,99,0.798,45,172,58,57,18,75,117,394
93,2005,Loree Moore,NYL,G,24,197,0,9,23,0.391,0,2,0.0,9,21,0.429,4,9,0.444,4,27,19,10,0,25,12,22
94,2005,Tamara Moore,NYL,G,7,48,0,4,6,0.667,1,3,0.333,3,3,1.0,2,2,1.0,0,7,6,0,0,4,6,11
95,2005,Chelsea Newton,SAC,G,34,715,34,60,149,0.403,6,25,0.24,54,124,0.435,22,36,0.611,32,66,55,24,9,37,102,148
96,2005,Bernadette Ngoyisa,SAS,C,26,251,0,46,81,0.568,0,0,,46,81,0.568,19,26,0.731,17,61,5,5,2,25,45,111
97,2005,Marlous Nieuwveen,LAS,C,7,16,0,2,3,0.667,0,0,,2,3,0.667,0,0,,2,2,0,0,0,2,5,4
98,2005,Deanna Nolan,DET,G-F,33,1213,33,184,462,0.398,28,90,0.311,156,372,0.419,128,160,0.8,31,156,121,55,14,100,64,524
99,2005,Nicole Ohlde,MIN,F-C,34,1038,34,133,292,0.455,0,2,0.0,133,290,0.459,116,142,0.817,63,194,78,21,22,84,92,382
100,2005,Murriel Page,WAS,F,34,589,4,47,119,0.395,6,22,0.273,41,97,0.423,8,8,1.0,21,83,25,15,9,23,56,108
101,2005,Yolanda Paige,IND,G,13,78,0,6,22,0.273,1,5,0.2,5,17,0.294,3,4,0.75,2,9,13,2,0,6,1,16
102,2005,Wendy Palmer,SAS,F,34,882,29,125,242,0.517,24,56,0.429,101,186,0.543,52,70,0.743,53,193,33,20,7,42,74,326
103,2005,Ticha Penicheiro,SAC,G,34,927,33,54,172,0.314,8,41,0.195,46,131,0.351,79,100,0.79,8,97,149,48,6,67,64,195
104,2005,Jia Perkins,CHA,G,30,464,11,64,151,0.424,3,9,0.333,61,142,0.43,19,30,0.633,24,44,32,29,9,32,45,150
105,2005,Erin Perperoglou,SAC,F,23,209,0,28,40,0.7,0,0,,28,40,0.7,20,34,0.588,14,29,14,16,5,26,29,76
106,2005,Tari Phillips,HOU,F-C,32,366,1,40,94,0.426,0,0,,40,94,0.426,31,48,0.646,30,79,14,11,8,30,56,111
107,2005,Elaine Powell,DET,G,29,671,21,62,142,0.437,0,2,0.0,62,140,0.443,39,65,0.6,25,80,77,29,4,51,62,163
108,2005,Nicole Powell,SAC,F,34,988,34,120,317,0.379,66,159,0.415,54,158,0.342,58,72,0.806,32,124,62,39,16,44,83,364
109,2005,Felicia Ragland,HOU,G,4,9,0,0,1,0.0,0,0,,0,1,0.0,0,0,,0,0,1,0,0,0,3,0
110,2005,Ruth Riley,DET,C,33,855,33,100,267,0.375,3,12,0.25,97,255,0.38,48,60,0.8,43,156,39,23,46,68,131,251
111,2005,Ashley Robinson,PHO,C,34,658,15,42,129,0.326,0,1,0.0,42,128,0.328,19,38,0.5,48,118,31,20,34,38,108,103
112,2005,Crystal Robinson,NYL,F,32,969,31,85,224,0.379,34,107,0.318,51,117,0.436,30,38,0.789,29,100,58,21,5,38,86,234
113,2005,Nykesha Sales,CON,F-G,34,1074,34,201,482,0.417,49,116,0.422,152,366,0.415,81,108,0.75,36,124,74,61,10,64,96,532
114,2005,Sheri Sam,CHA,G-F,34,1075,33,146,377,0.387,18,56,0.321,128,321,0.399,77,108,0.713,53,145,91,44,2,100,87,387
115,2005,Nakia Sanford,WAS,C-F,27,293,0,29,60,0.483,0,0,,29,60,0.483,30,62,0.484,15,45,6,10,11,17,50,88
116,2005,Kelly Schumacher,IND,C,34,516,14,58,138,0.42,2,11,0.182,56,127,0.441,17,21,0.81,26,68,14,10,24,33,59,135
117,2005,Olympia Scott,SAC,C,18,170,0,14,39,0.359,0,0,,14,39,0.359,10,20,0.5,17,33,5,4,2,22,27,38
118,2005,Charlotte Smith,WAS,F,34,1036,34,87,190,0.458,42,100,0.42,45,90,0.5,30,46,0.652,34,128,71,22,11,46,93,246
119,2005,Jennifer Smith,NYL,C,2,7,0,0,1,0.0,0,0,,0,1,0.0,0,0,,0,0,0,0,0,0,0,0
120,2005,Tangela Smith,CHA,C,31,1063,31,169,405,0.417,0,7,0.0,169,398,0.425,83,104,0.798,45,162,41,51,32,84,105,421
121,2005,Belinda Snell,PHO,G,20,227,0,19,55,0.345,11,37,0.297,8,18,0.444,16,18,0.889,19,36,18,7,1,11,31,65
122,2005,Michelle Snow,HOU,C,33,966,33,152,276,0.551,0,0,,152,276,0.551,92,130,0.708,68,225,40,20,38,65,120,396
123,2005,Maria Stepanova,PHO,C,15,409,14,68,144,0.472,0,0,,68,144,0.472,26,40,0.65,29,80,23,20,38,22,33,162
124,2005,Mandisa Stevenson,SEA,F-C,4,53,1,3,12,0.25,0,1,0.0,3,11,0.273,0,0,,2,6,1,2,0,4,3,6
125,2005,Andrea Stinson,DET,G,18,102,1,8,23,0.348,2,10,0.2,6,13,0.462,4,6,0.667,6,12,13,3,0,4,6,22
126,2005,Jurgita Streimikyte,IND,F,34,686,20,82,178,0.461,3,6,0.5,79,172,0.459,19,27,0.704,37,101,32,29,11,36,75,186
127,2005,Laura Summerton,CON,C,11,43,0,3,9,0.333,0,0,,3,9,0.333,4,5,0.8,5,10,3,2,0,4,11,10
128,2005,Tammy Sutton-Brown,CHA,C,34,887,33,111,218,0.509,0,0,,111,218,0.509,96,141,0.681,64,179,14,30,37,69,138,318
129,2005,Sheryl Swoopes,HOU,F-G,33,1225,33,217,486,0.447,27,75,0.36,190,411,0.462,153,180,0.85,27,119,141,66,26,72,54,614
130,2005,Diana Taurasi,PHO,G,33,1089,33,175,427,0.41,56,179,0.313,119,248,0.48,121,151,0.801,22,138,150,38,28,112,111,527
131,2005,Penny Taylor,PHO,F,29,852,29,121,261,0.464,38,94,0.404,83,167,0.497,102,118,0.864,38,120,94,38,11,77,86,382
132,2005,Nikki Teasley,LAS,G,19,551,19,45,135,0.333,29,94,0.309,16,41,0.39,22,26,0.846,6,53,70,23,4,47,38,141
133,2005,Christi Thomas,LAS,F-C,32,520,0,48,96,0.5,4,12,0.333,44,84,0.524,22,32,0.688,28,104,17,11,19,25,102,122
134,2005,LaToya Thomas,SAS,F,21,505,12,69,161,0.429,3,7,0.429,66,154,0.429,44,49,0.898,18,68,22,7,8,33,42,185
135,2005,Alicia Thompson,SEA,F,30,329,1,32,81,0.395,7,22,0.318,25,59,0.424,12,16,0.75,10,45,14,4,4,18,17,83
136,2005,Tina Thompson,HOU,F,15,439,15,62,150,0.413,12,40,0.3,50,110,0.455,16,21,0.762,17,57,22,12,4,32,32,152
137,2005,Erin Thorn,NYL,G,21,203,0,21,54,0.389,10,29,0.345,11,25,0.44,4,4,1.0,4,14,13,4,0,7,12,56
138,2005,Kamila Vodichkova,PHO,F-C,28,821,25,127,257,0.494,3,7,0.429,124,250,0.496,48,72,0.667,60,196,63,28,22,58,86,305
139,2005,Natalia Vodopyanova,SEA,F,17,98,0,8,22,0.364,1,5,0.2,7,17,0.412,8,12,0.667,3,20,10,3,2,8,9,25
140,2005,DeMya Walker,SAC,F,22,598,19,125,234,0.534,1,1,1.0,124,233,0.532,60,93,0.645,47,117,48,28,13,69,66,311
141,2005,Ann Wauters,NYL,C,28,879,28,151,279,0.541,2,2,1.0,149,277,0.538,79,105,0.752,47,184,41,18,23,71,91,383
142,2005,Kendra Wecker,SAS,F,1,11,0,2,6,0.333,0,3,0.0,2,3,0.667,0,0,,0,0,2,1,0,1,0,4
143,2005,Lindsay Whalen,CON,G,34,1047,34,135,290,0.466,16,46,0.348,119,244,0.488,125,156,0.801,29,128,172,42,2,89,90,411
144,2005,DeTrina White,NYL,F,13,90,0,4,11,0.364,0,0,,4,11,0.364,8,12,0.667,9,22,0,4,3,3,15,16
145,2005,Tan White,IND,G,34,693,3,85,254,0.335,25,81,0.309,60,173,0.347,47,58,0.81,21,53,53,30,7,70,62,242
146,2005,Tamika Whitmore,LAS,F,34,917,34,115,265,0.434,5,19,0.263,110,246,0.447,92,106,0.868,54,143,42,33,14,57,110,327
147,2005,Angelina Williams,PHO,G,16,149,0,15,50,0.3,4,18,0.222,11,32,0.344,6,7,0.857,9,23,9,4,7,11,17,40
148,2005,Le'coe Willingham,CON,F,18,91,0,7,17,0.412,0,0,,7,17,0.412,10,20,0.5,10,17,3,2,0,14,16,24
149,2005,Natalie Williams,IND,C,34,804,34,103,248,0.415,0,0,,103,248,0.415,45,67,0.672,74,186,31,35,12,56,105,251
150,2005,Tamika Williams,MIN,F,34,758,9,86,156,0.551,0,3,0.0,86,153,0.562,25,46,0.543,76,171,39,30,2,41,52,197
151,2005,Shereka Wright,PHO,F,25,346,5,24,59,0.407,11,35,0.314,13,24,0.542,35,52,0.673,18,50,23,14,3,28,13,94
152,2005,Tanisha Wright,SEA,G,34,528,8,49,106,0.462,0,1,0.0,49,105,0.467,24,36,0.667,20,57,53,18,3,40,60,122
153,2005,Brooke Wyckoff,CON,F,34,596,1,35,88,0.398,22,52,0.423,13,36,0.361,13,20,0.65,25,95,35,13,9,28,82,105
154,2005,Francesca Zara,SEA,G,34,413,4,34,85,0.4,5,22,0.227,29,63,0.46,17,21,0.81,11,39,51,16,1,41,29,90
155,2005,Kiesha Brown,TOT,G,6,32,0,1,2,0.5,0,1,0.0,1,1,1.0,0,0,,0,1,2,3,0,4,1,2
156,2005,Adrienne Goodson,TOT,F,33,466,0,59,144,0.41,2,3,0.667,57,141,0.404,22,36,0.611,33,71,21,11,1,34,40,142
157,2005,Niele Ivey,TOT,G,26,254,0,13,47,0.277,5,22,0.227,8,25,0.32,7,7,1.0,8,22,30,12,0,11,31,38
158,2005,Chandi Jones,TOT,G,31,610,9,75,196,0.383,29,69,0.42,46,127,0.362,27,38,0.711,18,64,53,26,5,40,68,206
159,2005,Edwige Lawson-Wade,TOT,G,19,126,0,8,28,0.286,5,15,0.333,3,13,0.231,6,6,1.0,1,9,4,2,1,12,7,27
160,2005,Tynesha Lewis,TOT,G,21,256,1,29,88,0.33,2,15,0.133,27,73,0.37,15,25,0.6,10,25,20,6,4,22,14,75
161,2005,Jessica Moore,TOT,F-C,21,158,0,5,11,0.455,0,0,,5,11,0.455,1,2,0.5,5,13,3,4,0,9,30,11
162,2005,Plenette Pierson,TOT,F,35,762,11,91,231,0.394,1,2,0.5,90,229,0.393,87,125,0.696,46,121,34,24,19,74,93,270
163,2005,Kristen Rasmussen,TOT,F,27,551,19,49,102,0.48,7,18,0.389,42,84,0.5,22,30,0.733,28,81,24,14,16,20,64,127
164,2005,Katie Smith,TOT,G,36,1160,32,140,368,0.38,53,159,0.333,87,209,0.416,97,124,0.782,23,83,87,30,5,71,73,430
165,2005,Dawn Staley,TOT,G,33,905,26,63,159,0.396,21,56,0.375,42,103,0.408,32,40,0.8,9,70,149,36,1,54,70,179
166,2005,Stacey Thomas,TOT,F,18,136,0,2,14,0.143,0,1,0.0,2,13,0.154,8,20,0.4,11,22,8,8,3,3,15,12
167,2005,Ayana Walker,TOT,F,21,333,11,29,68,0.426,0,0,,29,68,0.426,13,20,0.65,20,65,19,8,12,19,26,71
0,2006,Svetlana Abrosimova,MIN,F,34,720,2,99,241,0.411,24,65,0.369,75,176,0.426,41,62,0.661,44,106,54,34,1,61,66,263
1,2006,Chantelle Anderson,SAS,C,23,413,20,59,112,0.527,0,0,,59,112,0.527,35,45,0.778,28,85,15,7,10,29,73,153
2,2006,La'Tangela Atkinson,IND,G-F,33,419,1,38,87,0.437,5,17,0.294,33,70,0.471,18,39,0.462,25,76,22,18,5,34,31,99
3,2006,Seimone Augustus,MIN,G-F,34,1127,34,283,620,0.456,30,85,0.353,253,535,0.473,148,165,0.897,15,128,50,21,18,71,58,744
4,2006,Sherill Baker,NYL,G,34,614,16,97,251,0.386,9,33,0.273,88,218,0.404,48,56,0.857,23,56,35,46,1,50,69,251
5,2006,Mistie Bass,HOU,F,27,273,6,34,64,0.531,0,0,,34,64,0.531,11,34,0.324,29,64,16,11,3,10,32,79
6,2006,Jacqueline Batteast,DET,F,26,174,1,15,54,0.278,2,14,0.143,13,40,0.325,4,7,0.571,13,25,7,2,3,4,21,36
7,2006,Ashley Battle,NYL,F,33,455,2,54,141,0.383,15,46,0.326,39,95,0.411,20,25,0.8,13,62,29,31,3,38,32,143
8,2006,Alana Beard,WAS,G-F,32,1000,32,232,469,0.495,37,102,0.363,195,367,0.531,113,149,0.758,23,149,98,59,25,90,92,614
9,2006,Tully Bevilaqua,IND,G,34,1011,34,76,185,0.411,33,106,0.311,43,79,0.544,38,53,0.717,10,77,79,71,1,54,72,223
10,2006,Agnieszka Bibrzycka,SAS,G-F,32,752,22,130,311,0.418,55,157,0.35,75,154,0.487,46,53,0.868,10,66,48,26,12,47,49,361
11,2006,Sue Bird,SEA,G,34,1066,34,137,333,0.411,56,153,0.366,81,180,0.45,59,68,0.868,24,102,162,61,5,88,60,389
12,2006,Nikki Blue,WAS,G,24,181,0,14,54,0.259,1,12,0.083,13,42,0.31,25,31,0.806,7,20,36,18,0,18,36,54
13,2006,LaToya Bond,CHA,G,34,608,5,63,158,0.399,10,46,0.217,53,112,0.473,57,77,0.74,7,49,73,35,8,80,83,193
14,2006,Kara Braxton,DET,C-F,34,360,1,58,143,0.406,0,2,0.0,58,141,0.411,30,48,0.625,42,117,26,11,11,53,83,146
15,2006,Coretta Brown,CHI,G,15,252,2,16,59,0.271,12,44,0.273,4,15,0.267,4,8,0.5,4,22,26,10,0,18,12,48
16,2006,Edwina Brown,HOU,G-F,4,28,0,1,5,0.2,0,0,,1,5,0.2,2,2,1.0,1,4,1,1,0,2,2,4
17,2006,Kiesha Brown,NYL,G,16,58,0,6,20,0.3,1,4,0.25,5,16,0.313,7,8,0.875,2,8,9,2,0,3,7,20
18,2006,Jessica Brungo,CON,F,4,7,0,0,0,,0,0,,0,0,,0,0,,0,0,0,0,0,1,0,0
19,2006,Rebekkah Brunson,SAC,F,34,603,14,94,204,0.461,0,0,,94,204,0.461,44,75,0.587,77,191,17,21,15,40,65,232
20,2006,Janell Burse,SEA,C,27,741,27,113,221,0.511,1,1,1.0,112,220,0.509,73,109,0.67,63,178,22,17,25,55,91,300
21,2006,Latasha Byears,WAS,G-F,26,332,0,48,107,0.449,0,0,,48,107,0.449,16,20,0.8,37,87,10,12,2,35,58,112
22,2006,Dominique Canty,HOU,G,15,431,15,54,105,0.514,0,3,0.0,54,102,0.529,56,77,0.727,12,52,44,17,0,35,36,164
23,2006,Jamie Carey,CON,G,24,286,0,22,58,0.379,14,40,0.35,8,18,0.444,5,5,1.0,1,16,32,7,0,17,24,63
24,2006,Swin Cash,DET,F,34,991,34,124,323,0.384,1,13,0.077,123,310,0.397,109,143,0.762,63,168,106,20,11,88,85,358
25,2006,Iziane Castro Marques,SEA,F-G,34,657,26,91,194,0.469,25,65,0.385,66,129,0.512,39,59,0.661,16,72,47,23,2,49,58,246
26,2006,Tamika Catchings,IND,F,32,1072,32,162,398,0.407,32,107,0.299,130,291,0.447,165,204,0.809,68,240,119,94,35,79,90,521
27,2006,Kaayla Chones,SEA,C,3,14,0,0,2,0.0,0,0,,0,2,0.0,0,0,,0,0,0,0,0,1,4,0
28,2006,Shameka Christon,NYL,G,34,987,34,136,348,0.391,52,156,0.333,84,192,0.438,99,120,0.825,29,120,44,20,42,81,105,423
29,2006,Katie Cronin,CHI,G-F,11,133,0,9,30,0.3,4,13,0.308,5,17,0.294,2,7,0.286,3,12,2,6,2,11,18,24
30,2006,Monique Currie,CHA,F,34,849,33,87,262,0.332,16,55,0.291,71,207,0.343,149,184,0.81,51,132,87,34,4,62,100,339
31,2006,Stacey Dales,CHI,F,23,453,16,52,147,0.354,25,81,0.309,27,66,0.409,32,46,0.696,6,27,40,9,1,32,39,161
32,2006,Helen Darling,CHA,G,29,614,29,51,138,0.37,18,47,0.383,33,91,0.363,38,55,0.691,13,59,82,35,3,73,76,158
33,2006,Brandi Davis,LAS,G,14,118,0,14,53,0.264,7,33,0.212,7,20,0.35,6,10,0.6,1,13,8,5,1,5,11,41
34,2006,Anna DeForge,IND,G,34,997,34,123,313,0.393,48,127,0.378,75,186,0.403,54,66,0.818,40,146,76,39,9,55,58,348
35,2006,Jennifer Derevjanik,PHO,G,31,467,8,38,75,0.507,4,15,0.267,34,60,0.567,16,26,0.615,11,57,68,23,7,25,42,96
36,2006,Tamecka Dixon,HOU,G,23,591,14,69,171,0.404,1,9,0.111,68,162,0.42,23,28,0.821,19,60,54,13,2,58,63,162
37,2006,Scholanda Dorrell,SAC,G,33,498,21,64,172,0.372,25,85,0.294,39,87,0.448,18,22,0.818,9,36,17,29,4,39,43,171
38,2006,Katie Douglas,CON,G-F,32,1003,32,179,404,0.443,73,173,0.422,106,231,0.459,94,112,0.839,38,121,79,62,4,73,48,525
39,2006,Megan Duffy,MIN,G,31,389,0,33,92,0.359,12,37,0.324,21,55,0.382,27,39,0.692,10,29,36,9,0,24,37,105
40,2006,Candice Dupree,CHI,F,34,1034,31,186,407,0.457,0,5,0.0,186,402,0.463,95,122,0.779,55,188,60,43,25,60,72,467
41,2006,Margo Dydek,CON,C,34,743,34,125,253,0.494,1,4,0.25,124,249,0.498,69,84,0.821,35,206,40,21,85,50,73,320
42,2006,Shyra Ely-Gash,SAS,F,12,135,1,12,44,0.273,2,9,0.222,10,35,0.286,15,26,0.577,5,31,10,2,0,13,17,41
43,2006,Barbara Farris,NYL,F-C,34,944,34,95,221,0.43,0,3,0.0,95,218,0.436,71,98,0.724,56,178,51,21,5,65,105,261
44,2006,Allison Feaster,CHA,F,32,309,1,19,81,0.235,16,64,0.25,3,17,0.176,1,2,0.5,3,20,21,13,2,14,20,55
45,2006,Tye'sha Fluker,CHA,C,31,319,1,30,89,0.337,0,2,0.0,30,87,0.345,16,22,0.727,26,66,9,2,14,21,48,76
46,2006,Cheryl Ford,DET,F,32,919,32,157,315,0.498,0,0,,157,315,0.498,129,199,0.648,130,363,45,38,25,58,114,443
47,2006,Linda Frohlich,IND,F-C,20,169,0,26,68,0.382,8,22,0.364,18,46,0.391,6,8,0.75,14,35,9,5,0,13,27,66
48,2006,Emilie Gomis,NYL,G,2,15,0,0,4,0.0,0,2,0.0,0,2,0.0,3,4,0.75,0,0,0,1,0,1,3,3
49,2006,Shaunzinski Gortman,SEA,G,20,264,0,20,55,0.364,2,12,0.167,18,43,0.419,14,18,0.778,9,48,17,11,2,25,32,56
50,2006,Cisti Greenwalt,SEA,C,5,24,0,0,7,0.0,0,0,,0,7,0.0,2,4,0.5,2,8,0,0,0,0,9,2
51,2006,Yolanda Griffith,SAC,C-F,34,852,34,134,293,0.457,0,1,0.0,134,292,0.459,139,185,0.751,87,219,56,44,16,66,74,407
52,2006,Becky Hammon,NYL,G,22,674,20,107,252,0.425,37,108,0.343,70,144,0.486,72,75,0.96,6,66,81,29,3,65,46,323
53,2006,Vanessa Hayden,MIN,C,33,424,3,68,169,0.402,0,0,,68,169,0.402,41,66,0.621,41,115,19,6,44,44,118,177
54,2006,Kristin Haynie,SAC,G,34,471,0,55,151,0.364,9,30,0.3,46,121,0.38,21,25,0.84,20,67,68,27,2,46,50,140
55,2006,Doneeka Lewis,LAS,G,34,456,3,46,144,0.319,18,61,0.295,28,83,0.337,21,23,0.913,9,42,66,14,4,43,26,131
56,2006,Roneeka Hodges,HOU,G,33,698,8,87,217,0.401,44,120,0.367,43,97,0.443,29,39,0.744,11,65,32,16,4,36,40,247
57,2006,Ebony Hoffman,IND,F,34,854,33,82,208,0.394,0,8,0.0,82,200,0.41,54,70,0.771,73,193,46,37,16,73,104,218
58,2006,Chamique Holdsclaw,LAS,F,25,737,0,148,315,0.47,3,15,0.2,145,300,0.483,76,86,0.884,57,152,56,34,9,57,58,375
59,2006,Kedra Holland-Corn,DET,G,34,401,0,51,142,0.359,28,84,0.333,23,58,0.397,10,16,0.625,12,40,43,23,2,40,29,140
60,2006,Sandora Irvin,PHO,F,7,38,0,2,13,0.154,0,3,0.0,2,10,0.2,3,5,0.6,2,10,1,2,8,3,5,7
61,2006,Dalma Ivanyi,SAS,G,31,322,1,15,56,0.268,8,37,0.216,7,19,0.368,4,6,0.667,7,41,50,12,0,19,38,42
62,2006,Deanna Jackson,CHI,F,22,330,1,49,124,0.395,1,3,0.333,48,121,0.397,33,51,0.647,32,66,13,9,3,22,38,132
63,2006,Lauren Jackson,SEA,F-C,30,853,30,192,359,0.535,29,77,0.377,163,282,0.578,170,189,0.899,68,227,48,24,51,40,90,583
64,2006,Tamicha Jackson,PHO,G,3,54,2,10,28,0.357,0,3,0.0,10,25,0.4,4,6,0.667,1,4,7,6,1,4,7,24
65,2006,Amber Jacobs,MIN,G,34,860,34,96,214,0.449,40,102,0.392,56,112,0.5,47,57,0.825,17,90,115,26,2,90,71,279
66,2006,Tamara James,WAS,G-F,21,156,0,19,49,0.388,3,12,0.25,16,37,0.432,16,18,0.889,9,16,3,4,2,10,13,57
67,2006,Shannon Johnson,SAS,G,32,875,32,104,256,0.406,32,91,0.352,72,165,0.436,78,97,0.804,31,95,117,60,5,75,78,318
68,2006,Temeka Johnson,LAS,G,32,810,30,102,254,0.402,3,26,0.115,99,228,0.434,48,60,0.8,15,97,161,47,1,70,57,255
69,2006,Tiffani Johnson,SEA,C,32,638,8,61,147,0.415,0,0,,61,147,0.415,28,37,0.757,32,125,17,10,17,31,66,150
70,2006,Vickie Johnson,SAS,G-F,34,1004,34,119,317,0.375,23,69,0.333,96,248,0.387,76,90,0.844,55,167,122,28,3,59,61,337
71,2006,Asjha Jones,CON,F,34,777,2,155,334,0.464,5,19,0.263,150,315,0.476,62,79,0.785,59,183,46,23,20,60,74,377
72,2006,Chandi Jones,MIN,G,6,38,0,5,9,0.556,3,4,0.75,2,5,0.4,4,4,1.0,2,5,3,1,0,2,3,17
73,2006,Jae Kingi-Cross,SAS,G,18,115,1,8,18,0.444,2,6,0.333,6,12,0.5,7,9,0.778,3,10,11,6,0,5,8,25
74,2006,Laurie Koehn,WAS,G,32,151,0,23,46,0.5,22,42,0.524,1,4,0.25,3,4,0.75,0,12,8,2,2,5,16,71
75,2006,Anastasia Kostaki,HOU,G,32,262,0,18,57,0.316,6,30,0.2,12,27,0.444,25,35,0.714,3,25,19,7,0,42,41,67
76,2006,Cathrine Kraayeveld,NYL,F,34,903,13,106,239,0.444,31,93,0.333,75,146,0.514,55,72,0.764,46,158,32,16,15,62,71,298
77,2006,Jennifer Lacy,PHO,F,33,504,3,61,128,0.477,0,4,0.0,61,124,0.492,40,58,0.69,42,102,14,12,12,45,102,162
78,2006,Amanda Lassiter,CHI,F,32,781,29,93,254,0.366,49,149,0.329,44,105,0.419,22,31,0.71,25,88,65,42,17,57,89,257
79,2006,Edwige Lawson-Wade,SEA,G,26,211,0,17,45,0.378,5,19,0.263,12,26,0.462,4,6,0.667,2,21,29,15,1,19,20,43
80,2006,Kara Lawson,SAC,G,34,750,6,96,242,0.397,49,123,0.398,47,119,0.395,36,39,0.923,11,65,56,20,4,43,37,277
81,2006,Betty Lennox,SEA,G,34,887,34,191,423,0.452,29,90,0.322,162,333,0.486,54,71,0.761,34,137,73,36,5,98,92,465
82,2006,Lisa Leslie,LAS,C,34,1048,34,257,503,0.511,8,20,0.4,249,483,0.516,158,243,0.65,83,323,108,51,57,126,115,680
83,2006,Yelena Leuchanka,CHA,C,4,38,0,5,10,0.5,0,0,,5,10,0.5,2,4,0.5,2,5,3,0,1,1,5,12
84,2006,Tynesha Lewis,MIN,G,19,202,0,19,55,0.345,1,11,0.091,18,44,0.409,7,10,0.7,10,27,18,12,5,16,16,46
85,2006,Stacey Lovelace,CHI,C,34,628,6,95,229,0.415,19,63,0.302,76,166,0.458,44,56,0.786,48,136,22,19,20,53,69,253
86,2006,Sancho Lyttle,HOU,F,29,381,2,40,87,0.46,0,0,,40,87,0.46,26,42,0.619,40,114,8,25,4,18,61,106
87,2006,Mwadi Mabika,LAS,G,32,677,32,92,244,0.377,32,96,0.333,60,148,0.405,56,63,0.889,17,64,48,19,6,37,77,272
88,2006,Megan Mahoney,CON,F,31,351,1,26,85,0.306,7,29,0.241,19,56,0.339,17,19,0.895,15,66,24,7,1,25,38,76
89,2006,Hamchetou Maiga-Ba,SAC,F,34,535,7,75,158,0.475,0,1,0.0,75,157,0.478,27,48,0.563,35,73,30,32,9,45,80,177
90,2006,Kristen Mann,MIN,F,33,893,33,92,238,0.387,36,96,0.375,56,142,0.394,25,34,0.735,23,113,94,19,7,50,71,245
91,2006,Katie Mattera,SAS,C,34,632,14,100,214,0.467,0,0,,100,214,0.467,65,105,0.619,74,209,14,12,26,69,104,265
92,2006,Kelly Mazzante,CHA,G,34,721,0,105,277,0.379,64,167,0.383,41,110,0.373,28,33,0.848,23,99,64,47,6,48,37,302
93,2006,Janel McCarville,CHA,F-C,30,423,3,54,118,0.458,0,0,,54,118,0.458,28,44,0.636,40,105,25,17,20,28,51,136
94,2006,Nikki McCray,CHI,G,11,83,2,8,22,0.364,1,5,0.2,7,17,0.412,5,7,0.714,2,5,5,7,1,10,8,22
95,2006,Taj McWilliams-Franklin,CON,F-C,32,996,32,164,329,0.498,1,8,0.125,163,321,0.508,81,110,0.736,104,306,80,35,31,78,75,410
96,2006,Chasity Melvin,WAS,C-F,34,1003,34,153,294,0.52,0,2,0.0,153,292,0.524,99,151,0.656,84,224,45,34,26,62,109,405
97,2006,Coco Miller,WAS,G,34,658,4,84,171,0.491,12,30,0.4,72,141,0.511,26,29,0.897,36,91,59,34,4,49,73,206
98,2006,Kelly Miller,PHO,G,27,814,24,109,259,0.421,30,79,0.38,79,180,0.439,48,62,0.774,41,144,94,28,6,73,74,296
99,2006,DeLisha Milton-Jones,WAS,F,23,675,20,125,265,0.472,34,79,0.43,91,186,0.489,51,63,0.81,23,112,48,35,17,67,87,335
100,2006,Liz Moeggenberg,CHI,F,27,273,1,20,63,0.317,4,12,0.333,16,51,0.314,14,30,0.467,27,46,17,10,6,15,14,58
101,2006,Jessica Moore,LAS,F-C,34,655,33,59,136,0.434,0,2,0.0,59,134,0.44,29,38,0.763,35,98,24,22,9,28,79,147
102,2006,Loree Moore,NYL,G,34,952,29,68,201,0.338,35,96,0.365,33,105,0.314,37,51,0.725,31,144,122,61,10,64,89,208
103,2006,Tamara Moore,LAS,G,34,637,33,68,145,0.469,17,49,0.347,51,96,0.531,53,66,0.803,16,71,65,33,8,38,59,206
104,2006,Astou Ndiaye-Diatta,HOU,F,11,127,3,16,35,0.457,0,0,,16,35,0.457,3,6,0.5,10,30,8,1,1,10,14,35
105,2006,Emmeline Ndongue,LAS,C,17,111,0,7,27,0.259,0,0,,7,27,0.259,6,13,0.462,15,26,3,7,8,6,23,20
106,2006,Chelsea Newton,CHI,G,27,648,11,52,155,0.335,13,49,0.265,39,106,0.368,59,80,0.738,19,71,58,36,7,40,69,176
107,2006,Christelle N'Garsanet,NYL,C,15,92,0,8,29,0.276,0,2,0.0,8,27,0.296,11,25,0.44,11,18,5,5,2,8,10,27
108,2006,Bernadette Ngoyisa,CHI,C,30,626,23,122,231,0.528,0,0,,122,231,0.528,58,98,0.592,65,170,28,14,7,60,89,302
109,2006,Deanna Nolan,DET,G-F,34,1090,34,172,425,0.405,39,113,0.345,133,312,0.426,85,100,0.85,32,153,124,47,11,86,79,468
110,2006,Nicole Ohlde,MIN,F-C,34,872,34,120,265,0.453,0,1,0.0,120,264,0.455,87,131,0.664,61,190,54,20,25,74,99,327
111,2006,Irina Osipova,DET,C,2,12,0,0,0,,0,0,,0,0,,2,2,1.0,1,1,0,0,0,1,1,2
112,2006,Murriel Page,LAS,F,34,689,4,66,140,0.471,0,3,0.0,66,137,0.482,35,46,0.761,40,121,33,17,9,30,63,167
113,2006,Sabrina Palie,DET,G,11,51,0,5,25,0.2,2,5,0.4,3,20,0.15,0,0,,4,4,6,1,1,10,9,12
114,2006,Wendy Palmer,SEA,F,5,120,2,16,33,0.485,1,3,0.333,15,30,0.5,14,19,0.737,13,38,3,5,3,10,17,47
115,2006,Ticha Penicheiro,SAC,G,34,848,34,58,171,0.339,6,31,0.194,52,140,0.371,61,77,0.792,10,91,116,58,2,67,56,183
116,2006,Jia Perkins,CHI,G,30,839,27,105,299,0.351,18,65,0.277,87,234,0.372,54,67,0.806,33,107,97,43,13,56,72,282
117,2006,Erin Perperoglou,SAC,F,34,665,12,117,218,0.537,0,2,0.0,117,216,0.542,96,128,0.75,78,134,35,33,14,55,92,330
118,2006,Bridget Pettis,PHO,G,11,67,0,5,19,0.263,1,8,0.125,4,11,0.364,3,6,0.5,5,9,10,3,0,2,11,14
119,2006,Erin Phillips,CON,G,34,615,13,57,145,0.393,24,70,0.343,33,75,0.44,44,50,0.88,20,73,80,29,2,38,38,182
120,2006,Tari Phillips,HOU,F-C,21,223,2,20,52,0.385,0,0,,20,52,0.385,19,29,0.655,12,47,4,9,5,23,37,59
121,2006,Plenette Pierson,DET,F,34,566,0,82,180,0.456,0,3,0.0,82,177,0.463,56,80,0.7,44,132,24,18,14,37,84,220
122,2006,Cappie Pondexter,PHO,G,32,1067,32,219,495,0.442,47,126,0.373,172,369,0.466,139,163,0.853,37,107,98,37,4,45,84,624
123,2006,Nicole Powell,SAC,F,34,891,34,116,309,0.375,55,156,0.353,61,153,0.399,40,49,0.816,25,131,61,42,15,47,82,327
124,2006,Brooke Queenan,CON,F,4,10,0,0,1,0.0,0,0,,0,1,0.0,2,2,1.0,0,0,0,0,0,1,0,2
125,2006,Kristen Rasmussen,PHO,F,34,908,32,64,125,0.512,6,14,0.429,58,111,0.523,12,20,0.6,72,208,72,28,27,33,98,146
126,2006,Ruth Riley,DET,C,34,876,34,115,252,0.456,3,9,0.333,112,243,0.461,16,18,0.889,36,165,52,18,49,54,110,249
127,2006,Crystal Robinson,WAS,F,27,723,27,74,184,0.402,26,92,0.283,48,92,0.522,25,31,0.806,18,70,49,33,0,27,83,199
128,2006,Nykesha Sales,CON,F-G,22,609,20,109,254,0.429,32,80,0.4,77,174,0.443,36,50,0.72,21,82,60,26,6,29,43,286
129,2006,Sheri Sam,CHA,G-F,34,989,34,137,343,0.399,21,78,0.269,116,265,0.438,64,102,0.627,53,172,90,55,3,73,78,359
130,2006,Nakia Sanford,WAS,C-F,34,888,19,112,216,0.519,0,0,,112,216,0.519,77,125,0.616,69,203,36,28,21,72,118,301
131,2006,Kelly Schumacher,NYL,C,21,539,21,58,141,0.411,2,8,0.25,56,133,0.421,45,63,0.714,38,116,23,3,25,35,68,163
132,2006,Olympia Scott,IND,C,21,155,0,23,53,0.434,0,1,0.0,23,52,0.442,4,8,0.5,8,33,7,7,2,15,29,50
133,2006,K.B. Sharp,IND,G,23,153,0,8,35,0.229,3,15,0.2,5,20,0.25,3,3,1.0,3,9,23,7,0,8,3,22
134,2006,Charlotte Smith,IND,F,18,173,2,12,39,0.308,8,22,0.364,4,17,0.235,3,4,0.75,9,24,7,3,1,13,21,35
135,2006,Crystal Smith,PHO,G,22,197,0,21,47,0.447,7,19,0.368,14,28,0.5,11,12,0.917,4,22,22,17,0,18,24,60
136,2006,Katie Smith,DET,G,34,1140,34,123,302,0.407,59,161,0.366,64,141,0.454,93,102,0.912,19,92,112,25,4,65,78,398
137,2006,Kim Smith,SAC,F,31,313,0,28,84,0.333,13,32,0.406,15,52,0.288,5,9,0.556,11,39,20,9,0,22,33,74
138,2006,Tangela Smith,CHA,C,34,971,34,178,423,0.421,31,85,0.365,147,338,0.435,58,78,0.744,48,180,50,41,29,70,100,445
139,2006,Belinda Snell,PHO,G,30,250,0,35,90,0.389,20,63,0.317,15,27,0.556,10,10,1.0,11,39,19,15,3,17,28,100
140,2006,Michelle Snow,HOU,C,34,994,34,178,349,0.51,0,0,,178,349,0.51,86,129,0.667,78,269,47,33,38,88,121,442
141,2006,Dawn Staley,HOU,G,34,1024,34,84,200,0.42,53,124,0.427,31,76,0.408,29,36,0.806,14,75,133,35,5,76,50,250
142,2006,Tiffany Stansbury,LAS,F-C,4,22,0,3,8,0.375,0,0,,3,8,0.375,0,0,,6,7,2,1,2,2,4,6
143,2006,Mandisa Stevenson,PHO,F-C,2,18,0,1,5,0.2,1,1,1.0,0,4,0.0,0,0,,1,2,0,1,1,2,3,3
144,2006,Ann Strother,PHO,G-F,8,39,0,6,14,0.429,4,10,0.4,2,4,0.5,0,0,,2,5,2,1,2,0,3,16
145,2006,Laura Summerton,CON,C,33,359,3,32,74,0.432,3,15,0.2,29,59,0.492,16,27,0.593,12,36,19,3,2,20,38,83
146,2006,Tammy Sutton-Brown,CHA,C,30,802,30,118,242,0.488,0,0,,118,242,0.488,99,155,0.639,70,176,20,26,55,71,105,335
147,2006,Sheryl Swoopes,HOU,F-G,31,1111,31,180,436,0.413,25,90,0.278,155,346,0.448,97,127,0.764,34,183,115,64,9,74,46,482
148,2006,Diana Taurasi,PHO,G,34,1152,34,298,660,0.452,121,305,0.397,177,355,0.499,143,183,0.781,25,122,139,42,27,79,100,860
149,2006,Penny Taylor,PHO,F,20,536,8,98,220,0.445,24,65,0.369,74,155,0.477,57,66,0.864,32,113,51,29,9,29,57,277
150,2006,Nikki Teasley,WAS,G,34,980,34,118,318,0.371,52,151,0.344,66,167,0.395,76,92,0.826,13,89,183,44,11,77,81,364
151,2006,Zane Tamane,WAS,C,16,102,0,14,26,0.538,0,0,,14,26,0.538,1,2,0.5,11,27,1,3,3,4,18,29
152,2006,Kasha Terry,IND,C-F,10,54,0,11,19,0.579,0,0,,11,19,0.579,1,5,0.2,4,14,0,0,3,8,14,23
153,2006,Christi Thomas,LAS,F-C,27,541,1,65,133,0.489,4,20,0.2,61,113,0.54,30,47,0.638,43,143,26,20,14,42,80,164
154,2006,LaToya Thomas,SAS,F,19,369,0,56,124,0.452,0,0,,56,124,0.452,45,59,0.763,27,82,22,14,7,27,49,157
155,2006,Tina Thompson,HOU,F,21,696,21,139,304,0.457,40,96,0.417,99,208,0.476,74,92,0.804,31,118,47,20,13,52,53,392
156,2006,Shona Thorburn,MIN,G,22,143,0,5,27,0.185,1,8,0.125,4,19,0.211,5,8,0.625,4,18,19,4,2,14,11,16
157,2006,Erin Thorn,NYL,G,27,378,1,55,132,0.417,28,65,0.431,27,67,0.403,28,31,0.903,9,38,33,6,1,20,22,166
158,2006,Iciss Tillis,NYL,F-C,25,256,0,32,89,0.36,6,29,0.207,26,60,0.433,16,22,0.727,21,55,11,10,4,21,46,86
159,2006,Barbara Turner,SEA,G-F,34,622,9,71,159,0.447,10,40,0.25,61,119,0.513,64,77,0.831,26,86,48,13,6,47,56,216
160,2006,Daliborka Vilipic,LAS,F-C,2,12,0,0,2,0.0,0,0,,0,2,0.0,0,0,,0,2,0,0,1,1,2,0
161,2006,Kamila Vodichkova,PHO,F-C,28,736,27,111,250,0.444,0,7,0.0,111,243,0.457,50,65,0.769,46,187,41,28,19,53,89,272
162,2006,Ayana Walker,CHA,F,25,182,0,17,37,0.459,0,0,,17,37,0.459,12,21,0.571,11,31,3,10,10,4,31,46
163,2006,DeMya Walker,SAC,F,23,435,8,79,181,0.436,0,0,,79,181,0.436,55,84,0.655,55,92,32,15,7,36,53,213
164,2006,Kendra Wecker,SAS,F,34,578,11,75,214,0.35,19,56,0.339,56,158,0.354,21,27,0.778,22,84,47,11,3,32,42,190
165,2006,Lindsay Whalen,CON,G,33,861,33,88,226,0.389,8,62,0.129,80,164,0.488,112,124,0.903,17,122,153,34,2,79,56,296
166,2006,Tan White,IND,G,34,736,0,113,304,0.372,19,88,0.216,94,216,0.435,57,76,0.75,32,82,52,27,9,51,66,302
167,2006,Tamika Whitmore,IND,F,34,1058,34,199,435,0.457,15,38,0.395,184,397,0.463,115,140,0.821,53,165,61,46,12,94,91,528
168,2006,Brittany Wilkins,SAC,C,4,15,0,3,7,0.429,0,0,,3,7,0.429,0,0,,0,0,1,0,0,2,5,6
169,2006,Adrian Williams-Strong,MIN,C-F,32,486,0,60,134,0.448,0,1,0.0,60,133,0.451,37,69,0.536,40,149,8,25,8,19,60,157
170,2006,Angelina Williams,DET,G,21,130,0,14,43,0.326,2,8,0.25,12,35,0.343,11,17,0.647,3,13,12,7,6,15,9,41
171,2006,Le'coe Willingham,CON,F,29,209,0,25,53,0.472,6,10,0.6,19,43,0.442,7,13,0.538,20,55,17,5,0,15,23,63
172,2006,Lisa Willis,LAS,G,24,319,0,35,91,0.385,19,52,0.365,16,39,0.41,22,31,0.71,13,43,10,26,0,17,25,111
173,2006,Tamika Williams,MIN,F,31,671,30,65,147,0.442,1,9,0.111,64,138,0.464,16,36,0.444,73,174,21,16,1,37,44,147
174,2006,Tanisha Wright,SEA,G,33,507,0,42,119,0.353,2,14,0.143,40,105,0.381,38,45,0.844,19,60,41,11,2,52,53,124
175,2006,Brooke Wyckoff,CHI,F,15,343,13,16,66,0.242,10,43,0.233,6,23,0.261,8,10,0.8,15,40,33,14,12,16,40,50
176,2006,Sophia Young-Malcolm,SAS,F,34,1057,34,154,370,0.416,0,4,0.0,154,366,0.421,100,137,0.73,85,257,50,57,13,45,70,408
177,2006,Shanna Zolman,SAS,G,34,549,0,83,219,0.379,48,127,0.378,35,92,0.38,12,18,0.667,7,41,34,11,4,38,21,226
178,2006,Ambrosia Anderson,TOT,F,4,10,0,0,1,0.0,0,0,,0,1,0.0,0,0,,1,4,0,1,0,1,0,0
179,2006,Kayte Christensen,TOT,F,17,140,0,9,22,0.409,0,0,,9,22,0.409,3,4,0.75,11,33,6,3,1,16,35,21
180,2006,Elaine Powell,TOT,G,25,370,3,29,76,0.382,0,5,0.0,29,71,0.408,25,38,0.658,14,38,52,16,3,35,37,83
181,2006,Ashley Robinson,TOT,C,29,324,5,18,54,0.333,1,2,0.5,17,52,0.327,5,16,0.313,34,79,13,8,16,22,53,42
0,2007,Svetlana Abrosimova,MIN,F,34,843,29,132,298,0.443,45,101,0.446,87,197,0.442,36,43,0.837,53,150,85,44,4,68,86,345
1,2007,Chantelle Anderson,SAS,C,11,86,1,10,20,0.5,0,0,,10,20,0.5,8,12,0.667,6,20,3,1,5,5,11,28
2,2007,La'Tangela Atkinson,SAC,G-F,28,226,0,22,47,0.468,0,2,0.0,22,45,0.489,14,19,0.737,13,44,15,10,5,33,15,58
3,2007,Seimone Augustus,MIN,G-F,34,1093,34,296,583,0.508,26,62,0.419,270,521,0.518,151,173,0.873,37,136,79,41,21,83,58,769
4,2007,Alison Bales,IND,C,17,169,0,24,42,0.571,0,0,,24,42,0.571,7,8,0.875,12,45,2,4,13,7,14,55
5,2007,Mistie Bass,HOU,F,19,101,0,9,32,0.281,0,1,0.0,9,31,0.29,4,16,0.25,14,28,5,5,6,11,16,22
6,2007,Ashley Battle,NYL,F,34,757,5,89,244,0.365,29,93,0.312,60,151,0.397,45,58,0.776,32,126,56,35,2,48,50,252
7,2007,Alana Beard,WAS,G-F,33,1169,33,224,539,0.416,47,146,0.322,177,393,0.45,127,150,0.847,25,139,99,64,24,94,105,622
8,2007,Tully Bevilaqua,IND,G,34,901,34,66,150,0.44,33,89,0.371,33,61,0.541,15,22,0.682,15,75,92,56,2,53,88,180
9,2007,Sue Bird,SEA,G,29,919,29,118,276,0.428,45,133,0.338,73,143,0.51,22,26,0.846,8,57,143,43,8,67,46,303
10,2007,Nikki Blue,WAS,G,30,420,1,35,108,0.324,6,27,0.222,29,81,0.358,31,37,0.838,13,63,48,22,5,37,55,107
11,2007,Lindsay Bowen,NYL,G,6,37,1,3,10,0.3,3,6,0.5,0,4,0.0,0,0,,0,2,1,0,0,4,0,9
12,2007,Kara Braxton,DET,C-F,31,545,20,84,188,0.447,0,0,,84,188,0.447,39,58,0.672,54,166,16,14,16,62,91,207
13,2007,Rebekkah Brunson,SAC,F,33,932,29,141,298,0.473,0,4,0.0,141,294,0.48,96,140,0.686,130,295,24,44,31,58,78,378
14,2007,Janell Burse,SEA,C,29,709,29,93,209,0.445,0,1,0.0,93,208,0.447,70,101,0.693,67,154,22,13,28,58,86,256
15,2007,Latasha Byears,HOU,G-F,30,327,0,65,110,0.591,0,0,,65,110,0.591,21,36,0.583,37,75,16,23,5,37,60,151
16,2007,Dominique Canty,CHI,G,30,776,27,87,241,0.361,4,16,0.25,83,225,0.369,81,115,0.704,19,64,123,30,4,57,42,259
17,2007,Jamie Carey,CON,G,33,419,0,37,101,0.366,32,71,0.451,5,30,0.167,6,8,0.75,1,30,30,4,0,16,30,112
18,2007,Swin Cash,DET,F,31,959,31,126,307,0.41,0,3,0.0,126,304,0.414,92,121,0.76,54,189,79,19,13,81,70,344
19,2007,Iziane Castro Marques,SEA,F-G,34,963,34,139,331,0.42,60,156,0.385,79,175,0.451,81,101,0.802,19,96,95,35,4,64,70,419
20,2007,Tamika Catchings,IND,F,21,678,21,108,259,0.417,23,74,0.311,85,185,0.459,109,133,0.82,54,189,98,66,22,62,64,348
21,2007,Cori Chambers,CON,G,1,1,0,0,0,,0,0,,0,0,,0,0,,0,0,0,0,0,2,0,0
22,2007,Kayte Christensen,CHI,F,23,212,7,20,48,0.417,0,0,,20,48,0.417,8,18,0.444,17,43,7,10,5,21,59,48
23,2007,Shameka Christon,NYL,G,33,1065,32,118,328,0.36,39,119,0.328,79,209,0.378,93,117,0.795,34,149,70,34,19,82,99,368
24,2007,Claire Coggins,CHI,G,20,196,1,19,77,0.247,10,50,0.2,9,27,0.333,1,4,0.25,3,16,8,5,1,19,28,49
25,2007,Stacey Dales,CHI,F,31,845,30,109,314,0.347,68,201,0.338,41,113,0.363,33,39,0.846,14,55,83,20,0,57,53,319
26,2007,Helen Darling,SAS,G,33,684,19,46,120,0.383,15,41,0.366,31,79,0.392,27,35,0.771,7,69,103,45,1,53,84,134
27,2007,Jessica Davenport,NYL,C,33,382,13,61,137,0.445,0,1,0.0,61,136,0.449,54,66,0.818,22,88,9,7,29,44,65,176
28,2007,Dee Davis,HOU,G,3,19,0,2,6,0.333,2,3,0.667,0,3,0.0,0,0,,0,0,0,0,0,5,2,6
29,2007,Anna DeForge,IND,G,34,795,34,112,268,0.418,43,105,0.41,69,163,0.423,29,32,0.906,28,111,52,26,4,46,36,296
30,2007,Jennifer Derevjanik,PHO,G,23,200,0,13,30,0.433,1,10,0.1,12,20,0.6,9,11,0.818,5,23,24,6,1,16,18,36
31,2007,Erika de Souza,CON,F-C,32,391,2,63,118,0.534,0,0,,63,118,0.534,10,21,0.476,37,97,14,7,29,35,55,136
32,2007,Tamecka Dixon,HOU,G,18,490,0,90,205,0.439,5,17,0.294,85,188,0.452,31,36,0.861,12,57,57,24,6,38,42,216
33,2007,Shay Doron,NYL,G,7,35,2,4,11,0.364,1,1,1.0,3,10,0.3,1,2,0.5,0,3,0,3,0,1,2,10
34,2007,Scholanda Dorrell,SAC,G,34,525,0,69,170,0.406,8,32,0.25,61,138,0.442,50,70,0.714,23,48,30,37,10,46,55,196
35,2007,Katie Douglas,CON,G-F,34,1133,34,207,484,0.428,68,201,0.338,139,283,0.491,95,122,0.779,49,158,125,65,10,95,67,577
36,2007,Megan Duffy,MIN,G,5,48,0,1,9,0.111,1,8,0.125,0,1,0.0,4,4,1.0,2,5,7,1,0,4,7,7
37,2007,Candice Dupree,CHI,F,33,1078,33,210,471,0.446,0,5,0.0,210,466,0.451,124,160,0.775,79,254,46,29,41,81,82,544
38,2007,Margo Dydek,CON,C,32,643,30,91,187,0.487,2,5,0.4,89,182,0.489,30,38,0.789,37,209,31,12,66,51,75,214
39,2007,Shyra Ely-Gash,SEA,F,29,282,0,20,62,0.323,5,15,0.333,15,47,0.319,20,31,0.645,10,39,11,8,1,19,28,65
40,2007,Barbara Farris,NYL,F-C,28,237,0,20,58,0.345,0,0,,20,58,0.345,13,16,0.813,16,43,13,6,1,19,32,53
41,2007,Marie Ferdinand-Harris,SAS,G,34,481,12,61,170,0.359,6,27,0.222,55,143,0.385,36,40,0.9,33,81,28,19,3,37,55,164
42,2007,Marta Fernandez,LAS,G,34,891,20,107,282,0.379,12,49,0.245,95,233,0.408,71,89,0.798,12,72,101,36,14,90,31,297
43,2007,Cheryl Ford,DET,F,15,460,15,71,143,0.497,0,0,,71,143,0.497,53,83,0.639,48,168,22,28,11,42,54,195
44,2007,Linda Frohlich,SAC,F-C,10,51,0,4,13,0.308,2,3,0.667,2,10,0.2,4,4,1.0,2,9,2,1,1,12,10,14
45,2007,Katie Gearlds,SEA,G-F,33,437,0,44,114,0.386,22,64,0.344,22,50,0.44,22,25,0.88,16,53,24,12,6,20,22,132
46,2007,Gillian Goring,WAS,C,21,156,0,19,45,0.422,0,1,0.0,19,44,0.432,16,21,0.762,16,41,3,5,12,4,28,54
47,2007,Erin Grant,HOU,G,17,211,2,9,23,0.391,0,2,0.0,9,21,0.429,7,10,0.7,7,19,37,7,0,11,20,25
48,2007,Yolanda Griffith,SAC,C-F,32,738,32,107,213,0.502,0,0,,107,213,0.502,75,114,0.658,63,147,47,33,12,65,97,289
49,2007,Kamesha Hairston,CON,F,17,148,0,10,41,0.244,3,12,0.25,7,29,0.241,9,12,0.75,14,30,6,7,0,9,25,32
50,2007,Becky Hammon,SAS,G,28,934,27,179,402,0.445,74,183,0.404,105,219,0.479,95,102,0.931,8,77,140,23,5,114,51,527
51,2007,Lindsey Harding,MIN,G,20,602,20,86,243,0.354,8,35,0.229,78,208,0.375,53,78,0.679,15,87,78,20,6,47,44,233
52,2007,Kristin Haynie,SAC,G,34,545,2,48,136,0.353,22,45,0.489,26,91,0.286,8,10,0.8,8,37,70,18,6,68,43,126
53,2007,Doneeka Lewis,SEA,G,7,33,0,4,13,0.308,0,3,0.0,4,10,0.4,2,2,1.0,0,2,6,1,0,6,2,10
54,2007,Roneeka Hodges,HOU,G,29,331,4,31,111,0.279,20,67,0.299,11,44,0.25,20,22,0.909,8,30,27,13,0,20,21,102
55,2007,Ebony Hoffman,IND,F,34,582,10,57,128,0.445,2,5,0.4,55,123,0.447,28,34,0.824,40,137,26,21,18,41,69,144
56,2007,Chamique Holdsclaw,LAS,F,5,150,5,31,63,0.492,2,3,0.667,29,60,0.483,15,18,0.833,9,28,15,6,3,26,14,79
57,2007,Sandora Irvin,SAS,F,23,128,0,13,42,0.31,0,4,0.0,13,38,0.342,1,2,0.5,16,40,7,3,10,11,20,27
58,2007,Lauren Jackson,SEA,F-C,31,1020,31,258,497,0.519,49,122,0.402,209,375,0.557,174,197,0.883,80,300,40,31,63,56,93,739
59,2007,Tiffany Jackson-Jones,NYL,F,34,474,0,64,154,0.416,0,0,,64,154,0.416,45,79,0.57,31,104,19,23,12,49,66,173
60,2007,Amber Jacobs,MIN,G,29,328,0,34,102,0.333,17,65,0.262,17,37,0.459,8,13,0.615,4,20,40,9,0,41,31,93
61,2007,Tamara James,WAS,G-F,31,401,9,52,134,0.388,18,50,0.36,34,84,0.405,45,53,0.849,15,49,34,25,4,28,43,167
62,2007,Cathy Joens,CHI,G-F,19,271,0,31,79,0.392,22,45,0.489,9,34,0.265,11,13,0.846,6,33,32,17,1,13,18,95
63,2007,Shannon Johnson,DET,G,33,559,8,57,166,0.343,29,70,0.414,28,96,0.292,50,61,0.82,18,61,56,20,2,40,68,193
64,2007,Temeka Johnson,LAS,G,11,206,11,29,88,0.33,1,3,0.333,28,85,0.329,11,16,0.688,4,29,30,8,1,31,17,70
65,2007,Vickie Johnson,SAS,G-F,30,852,29,95,214,0.444,21,49,0.429,74,165,0.448,32,39,0.821,51,144,104,34,8,36,46,243
66,2007,Asjha Jones,CON,F,30,942,30,193,430,0.449,1,12,0.083,192,418,0.459,72,94,0.766,65,183,75,25,23,91,90,459
67,2007,Laurie Koehn,WAS,G,28,109,0,13,36,0.361,12,33,0.364,1,3,0.333,2,2,1.0,0,8,5,0,0,3,8,40
68,2007,Cathrine Kraayeveld,NYL,F,34,967,34,129,298,0.433,53,129,0.411,76,169,0.45,55,70,0.786,38,154,51,32,20,84,84,366
69,2007,Jennifer Lacy,PHO,F,20,94,0,12,29,0.414,1,3,0.333,11,26,0.423,10,18,0.556,10,19,2,3,0,10,26,35
70,2007,Ivory Latta,DET,G,31,221,1,34,87,0.391,22,49,0.449,12,38,0.316,3,7,0.429,4,19,20,8,2,16,24,93
71,2007,Kara Lawson,SAC,G,34,774,0,128,340,0.376,45,133,0.338,83,207,0.401,74,88,0.841,24,80,67,29,8,49,49,375
72,2007,Betty Lennox,SEA,G,34,937,34,155,362,0.428,34,99,0.343,121,263,0.46,110,121,0.909,47,160,92,36,5,91,75,454
73,2007,Yelena Leuchanka,WAS,C,6,29,0,1,6,0.167,0,0,,1,6,0.167,2,2,1.0,2,3,3,2,0,3,7,4
74,2007,Camille Smith,SAS,F,34,711,7,54,131,0.412,3,11,0.273,51,120,0.425,21,40,0.525,57,152,23,30,11,40,70,132
75,2007,Stacey Lovelace,WAS,C,9,105,0,9,21,0.429,2,7,0.286,7,14,0.5,4,8,0.5,6,13,2,4,0,7,13,24
76,2007,Sancho Lyttle,HOU,F,31,506,25,77,156,0.494,0,0,,77,156,0.494,29,51,0.569,66,164,30,37,20,40,62,183
77,2007,Mwadi Mabika,LAS,G,33,762,23,94,258,0.364,36,116,0.31,58,142,0.408,43,57,0.754,16,126,72,28,4,73,90,267
78,2007,Megan Mahoney,CON,F,18,121,0,7,28,0.25,1,6,0.167,6,22,0.273,16,22,0.727,7,14,8,4,1,11,18,31
79,2007,Hamchetou Maiga-Ba,HOU,F,34,1008,34,122,269,0.454,1,5,0.2,121,264,0.458,65,78,0.833,39,137,77,57,3,70,113,310
80,2007,Evanthia Maltsi,CON,G-F,26,482,7,53,140,0.379,32,77,0.416,21,63,0.333,9,12,0.75,16,66,39,20,2,26,39,147
81,2007,Kristen Mann,MIN,F,34,882,17,96,256,0.375,37,106,0.349,59,150,0.393,29,37,0.784,39,122,43,31,7,27,81,258
82,2007,Katie Mattera,DET,C,34,447,12,69,131,0.527,0,0,,69,131,0.527,39,53,0.736,55,166,7,7,25,40,77,177
83,2007,Kelly Mazzante,PHO,G,34,488,3,64,165,0.388,39,114,0.342,25,51,0.49,15,15,1.0,11,56,38,26,2,20,28,182
84,2007,Janel McCarville,NYL,F-C,32,677,21,136,249,0.546,0,1,0.0,136,248,0.548,60,72,0.833,45,152,36,39,20,79,72,332
85,2007,Teana Miller,PHO,C,2,5,0,0,0,,0,0,,0,0,,0,2,0.0,0,1,0,0,1,0,1,0
86,2007,Taj McWilliams-Franklin,LAS,F-C,29,851,27,125,255,0.49,3,13,0.231,122,242,0.504,68,88,0.773,69,170,49,34,30,50,75,321
87,2007,Coco Miller,WAS,G,30,455,2,47,116,0.405,10,25,0.4,37,91,0.407,16,16,1.0,20,49,25,19,2,29,45,120
88,2007,Kelly Miller,PHO,G,34,1040,34,115,240,0.479,27,70,0.386,88,170,0.518,64,82,0.78,47,168,156,42,5,86,94,321
89,2007,Tausha Mills,DET,C,5,51,1,6,21,0.286,0,0,,6,21,0.286,3,4,0.75,10,18,2,0,0,6,11,15
90,2007,DeLisha Milton-Jones,WAS,F,34,1141,34,165,473,0.349,28,119,0.235,137,354,0.387,98,116,0.845,45,217,55,52,38,121,107,456
91,2007,Liz Moeggenberg,CHI,F,23,206,0,17,41,0.415,1,6,0.167,16,35,0.457,2,5,0.4,26,31,6,3,2,10,15,37
92,2007,Adriana Moises,PHO,G,4,31,0,2,5,0.4,1,1,1.0,1,4,0.25,2,2,1.0,3,7,3,3,0,10,2,7
93,2007,Jessica Moore,LAS,F-C,28,440,17,48,120,0.4,0,0,,48,120,0.4,27,42,0.643,36,87,18,6,6,33,64,123
94,2007,Loree Moore,NYL,G,34,1163,33,119,289,0.412,55,135,0.407,64,154,0.416,34,58,0.586,40,138,163,75,5,99,93,327
95,2007,Navonda Moore,MIN,G,19,87,0,7,26,0.269,1,8,0.125,6,18,0.333,6,8,0.75,3,15,4,3,0,7,21,21
96,2007,Tamara Moore,HOU,G,15,289,9,21,57,0.368,4,15,0.267,17,42,0.405,12,12,1.0,8,25,44,16,2,32,38,58
97,2007,Bernice Mosby,WAS,F,28,279,0,30,62,0.484,0,1,0.0,30,61,0.492,23,28,0.821,25,78,10,8,6,19,22,83
98,2007,Shay Murphy,MIN,G,32,436,0,54,145,0.372,18,66,0.273,36,79,0.456,39,46,0.848,50,104,17,19,8,20,48,165
99,2007,Astou Ndiaye-Diatta,SEA,F,4,58,0,5,14,0.357,0,1,0.0,5,13,0.385,0,0,,4,7,0,1,1,5,6,10
100,2007,Chelsea Newton,SAC,G,34,696,34,74,197,0.376,11,33,0.333,63,164,0.384,60,78,0.769,28,62,46,31,6,42,96,219
101,2007,Deanna Nolan,DET,G-F,34,1175,34,221,480,0.46,46,117,0.393,175,363,0.482,65,79,0.823,35,148,132,49,12,82,69,553
102,2007,Nicole Ohlde,MIN,F-C,34,922,34,128,342,0.374,0,0,,128,342,0.374,136,161,0.845,69,208,56,17,20,82,127,392
103,2007,Murriel Page,LAS,F,34,627,8,71,170,0.418,2,10,0.2,69,160,0.431,19,24,0.792,33,111,45,14,9,25,68,163
104,2007,Wendy Palmer,SEA,F,34,474,3,55,132,0.417,3,21,0.143,52,111,0.468,43,55,0.782,44,145,17,15,7,36,75,156
105,2007,Ticha Penicheiro,SAC,G,32,757,32,59,188,0.314,3,14,0.214,56,174,0.322,60,73,0.822,18,83,144,49,1,60,59,181
106,2007,Jia Perkins,CHI,G,33,762,5,153,330,0.464,39,90,0.433,114,240,0.475,41,53,0.774,30,110,75,50,7,51,65,386
107,2007,Erin Perperoglou,SAS,F,18,499,11,66,143,0.462,9,34,0.265,57,109,0.523,62,76,0.816,33,109,40,35,13,44,60,203
108,2007,Tari Phillips,HOU,F-C,6,35,0,3,10,0.3,0,0,,3,10,0.3,4,4,1.0,2,5,1,3,0,5,9,10
109,2007,Plenette Pierson,DET,F,34,858,0,149,312,0.478,0,5,0.0,149,307,0.485,98,130,0.754,70,197,59,26,29,79,110,396
110,2007,Cappie Pondexter,PHO,G,31,966,31,193,448,0.431,36,108,0.333,157,340,0.462,110,135,0.815,15,112,123,29,8,69,59,532
111,2007,Elaine Powell,DET,G,32,323,12,22,54,0.407,0,0,,22,54,0.407,16,23,0.696,11,34,44,12,2,29,33,60
112,2007,Nicole Powell,SAC,F,34,986,34,147,391,0.376,62,163,0.38,85,228,0.373,80,83,0.964,65,191,58,48,12,64,63,436
113,2007,Armintie Herrington,CHI,G,34,893,34,95,232,0.409,1,3,0.333,94,229,0.41,78,151,0.517,83,204,99,40,7,59,67,269
114,2007,Noelle Quinn,MIN,G,34,670,19,37,124,0.298,7,38,0.184,30,86,0.349,15,24,0.625,18,89,148,29,13,67,40,96
115,2007,Kristen Rasmussen,CON,F,33,522,3,41,99,0.414,15,27,0.556,26,72,0.361,17,21,0.81,35,91,29,11,5,35,54,114
116,2007,Stephanie Raymond,CHI,G,20,180,0,20,61,0.328,14,44,0.318,6,17,0.353,7,13,0.538,2,14,27,4,0,18,11,61
117,2007,Kathrin Ress,MIN,F,28,348,1,31,78,0.397,2,4,0.5,29,74,0.392,21,29,0.724,39,71,16,8,4,37,69,85
118,2007,Ruth Riley,SAS,C,30,773,29,72,194,0.371,5,27,0.185,67,167,0.401,27,29,0.931,32,148,37,27,59,69,114,176
119,2007,Ashley Robinson,SEA,C,33,409,5,22,63,0.349,0,1,0.0,22,62,0.355,4,15,0.267,30,100,14,16,25,26,57,48
120,2007,Crystal Robinson,WAS,F,2,44,2,1,6,0.167,0,2,0.0,1,4,0.25,0,0,,0,2,2,2,1,1,4,2
121,2007,Nykesha Sales,CON,F-G,26,762,25,123,314,0.392,23,71,0.324,100,243,0.412,72,82,0.878,33,105,82,36,11,57,59,341
122,2007,Sheri Sam,IND,G-F,33,591,4,63,186,0.339,9,33,0.273,54,153,0.353,29,42,0.69,35,97,42,29,6,39,58,164
123,2007,Amy Sanders,DET,G,6,9,0,0,2,0.0,0,0,,0,2,0.0,2,4,0.5,0,2,0,0,0,2,3,2
124,2007,Nakia Sanford,WAS,C-F,34,994,31,123,232,0.53,0,0,,123,232,0.53,129,194,0.665,100,242,23,27,28,88,141,375
125,2007,Kelly Schumacher,PHO,C,34,543,0,57,125,0.456,3,7,0.429,54,118,0.458,34,46,0.739,29,147,12,17,25,34,66,151
126,2007,Olympia Scott,PHO,C,8,32,0,1,7,0.143,0,0,,1,7,0.143,6,8,0.75,2,4,2,3,1,3,6,8
127,2007,K.B. Sharp,IND,G,34,454,0,40,97,0.412,8,28,0.286,32,69,0.464,21,29,0.724,10,32,49,13,0,26,17,109
128,2007,Ashley Shields,HOU,G,26,304,0,38,138,0.275,7,18,0.389,31,120,0.258,54,73,0.74,14,33,20,10,1,44,25,137
129,2007,Crystal Smith,HOU,G,27,683,23,62,156,0.397,27,70,0.386,35,86,0.407,19,21,0.905,12,53,72,34,3,56,50,170
130,2007,Katie Smith,DET,G,34,1166,34,128,355,0.361,61,196,0.311,67,159,0.421,133,157,0.847,18,128,124,42,3,59,81,450
131,2007,Kim Smith,SAC,F,3,6,0,0,0,,0,0,,0,0,,0,0,,0,2,0,0,0,1,1,0
132,2007,Tangela Smith,PHO,C,34,1072,34,165,399,0.414,20,61,0.328,145,338,0.429,78,99,0.788,54,220,44,40,56,56,101,428
133,2007,Tyresa Smith,DET,F,1,7,0,0,2,0.0,0,0,,0,2,0.0,1,2,0.5,1,2,0,1,0,0,0,1
134,2007,Belinda Snell,PHO,G,30,343,2,37,106,0.349,26,79,0.329,11,27,0.407,7,11,0.636,12,46,44,20,4,18,31,107
135,2007,Michelle Snow,HOU,C,34,892,34,140,284,0.493,0,0,,140,284,0.493,86,112,0.768,78,230,47,18,35,91,107,366
136,2007,Sidney Spencer,LAS,G,34,828,22,118,300,0.393,54,123,0.439,64,177,0.362,37,42,0.881,48,138,42,27,11,35,86,327
137,2007,Tiffany Stansbury,MIN,F-C,30,437,14,55,120,0.458,0,0,,55,120,0.458,20,39,0.513,50,130,15,13,11,29,78,130
138,2007,Ann Strother,IND,G-F,12,69,0,10,31,0.323,6,15,0.4,4,16,0.25,2,2,1.0,6,9,3,0,0,2,5,28
139,2007,Tammy Sutton-Brown,IND,C,34,860,33,149,307,0.485,0,0,,149,307,0.485,111,155,0.716,66,184,30,35,47,85,115,409
140,2007,Sheryl Swoopes,HOU,F-G,3,106,3,9,25,0.36,1,7,0.143,8,18,0.444,4,4,1.0,3,17,11,5,1,9,3,23
141,2007,Diana Taurasi,PHO,G,32,1025,32,206,468,0.44,95,259,0.367,111,209,0.531,106,127,0.835,18,135,137,45,34,84,106,613
142,2007,Penny Taylor,PHO,F,34,1010,34,198,397,0.499,34,90,0.378,164,307,0.534,175,198,0.884,73,214,98,51,22,77,120,605
143,2007,Nikki Teasley,WAS,G,33,746,33,51,152,0.336,28,85,0.329,23,67,0.343,42,45,0.933,19,73,109,23,6,62,80,172
144,2007,Kasha Terry,IND,C-F,9,54,0,3,12,0.25,0,0,,3,12,0.25,3,4,0.75,5,14,1,2,3,11,18,9
145,2007,Carla Thomas,CHI,F,17,122,0,15,38,0.395,0,1,0.0,15,37,0.405,13,14,0.929,11,28,3,1,4,7,22,43
146,2007,Christi Thomas,LAS,F-C,34,640,19,114,237,0.481,6,17,0.353,108,220,0.491,53,70,0.757,66,179,18,22,9,46,119,287
147,2007,LaToya Thomas,LAS,F,27,487,7,77,174,0.443,16,38,0.421,61,136,0.449,38,46,0.826,27,61,32,9,7,29,63,208
148,2007,Tina Thompson,HOU,F,34,1234,34,208,495,0.42,52,130,0.4,156,365,0.427,171,205,0.834,65,229,94,29,23,112,62,639
149,2007,Shona Thorburn,SEA,G,2,8,0,1,2,0.5,0,0,,1,2,0.5,0,0,,0,1,0,0,0,2,0,2
150,2007,Erin Thorn,NYL,G,29,883,29,104,245,0.424,48,123,0.39,56,122,0.459,25,34,0.735,17,87,73,25,1,48,40,281
151,2007,Barbara Turner,HOU,G-F,22,263,2,29,72,0.403,7,30,0.233,22,42,0.524,27,41,0.659,9,42,20,8,4,21,25,92
152,2007,Ayana Walker,DET,F,2,43,1,3,7,0.429,0,0,,3,7,0.429,1,3,0.333,0,6,1,1,2,6,8,7
153,2007,DeMya Walker,SAC,F,5,105,5,17,42,0.405,0,0,,17,42,0.405,10,14,0.714,17,25,6,3,3,15,11,44
154,2007,Martina Weber,NYL,C,2,4,0,0,1,0.0,0,0,,0,1,0.0,0,0,,0,1,0,0,0,1,0,0
155,2007,Kendra Wecker,SAS,F,14,73,1,6,20,0.3,0,4,0.0,6,16,0.375,4,6,0.667,4,8,4,3,1,3,7,16
156,2007,Lindsay Whalen,CON,G,34,1040,34,156,333,0.468,18,86,0.209,138,247,0.559,124,158,0.785,33,162,169,73,3,75,85,454
157,2007,Tan White,IND,G,34,841,9,136,352,0.386,43,127,0.339,93,225,0.413,53,63,0.841,25,90,65,36,10,100,76,368
158,2007,Tamika Whitmore,IND,F,34,880,25,139,335,0.415,21,70,0.3,118,265,0.445,71,93,0.763,45,170,51,20,11,84,86,370
159,2007,Adrian Williams-Strong,SAC,C-F,34,609,2,85,179,0.475,0,0,,85,179,0.475,41,52,0.788,61,152,28,22,6,57,65,211
160,2007,Le'coe Willingham,CON,F,28,320,5,20,52,0.385,0,4,0.0,20,48,0.417,18,25,0.72,27,77,11,8,6,19,44,58
161,2007,Tamika Williams,MIN,F,21,149,2,12,20,0.6,0,0,,12,20,0.6,7,11,0.636,16,40,6,2,0,9,18,31
162,2007,Tanisha Wright,SEA,G,34,547,5,50,125,0.4,6,22,0.273,44,103,0.427,33,39,0.846,17,43,69,31,2,55,56,139
163,2007,Brooke Wyckoff,CHI,F,34,520,7,32,85,0.376,24,67,0.358,8,18,0.444,10,13,0.769,24,108,47,20,18,27,81,98
164,2007,Sophia Young-Malcolm,SAS,F,33,1106,33,214,448,0.478,0,5,0.0,214,443,0.483,125,167,0.749,72,193,51,49,12,61,100,553
165,2007,Shanna Zolman,SAS,G,34,548,1,107,272,0.393,74,181,0.409,33,91,0.363,26,29,0.897,4,46,27,14,2,40,35,314
166,2007,Sherill Baker,TOT,G,27,505,11,65,194,0.335,8,34,0.235,57,160,0.356,70,84,0.833,17,70,77,36,2,65,59,208
167,2007,Kiesha Brown,TOT,G,30,356,0,41,108,0.38,19,43,0.442,22,65,0.338,41,48,0.854,10,44,50,13,4,27,26,142
168,2007,Monique Currie,TOT,F,33,832,24,106,241,0.44,14,41,0.341,92,200,0.46,128,163,0.785,45,133,58,24,7,51,95,354
169,2007,Tye'sha Fluker,TOT,C,21,145,0,17,54,0.315,1,3,0.333,16,51,0.314,5,9,0.556,11,26,3,3,8,12,17,40
170,2007,Chasity Melvin,TOT,C-F,32,935,28,118,259,0.456,1,7,0.143,117,252,0.464,85,129,0.659,73,213,37,38,22,71,101,322
171,2007,Iciss Tillis,TOT,F-C,11,34,1,2,8,0.25,0,2,0.0,2,6,0.333,0,0,,2,8,1,0,0,11,6,4
172,2007,Lisa Willis,TOT,G,24,234,0,28,81,0.346,16,53,0.302,12,28,0.429,7,12,0.583,14,36,13,14,1,34,24,79
0,2008,Svetlana Abrosimova,CON,F,6,107,0,11,36,0.306,2,12,0.167,9,24,0.375,10,12,0.833,3,20,12,8,0,11,13,34
1,2008,Matee Ajavon,HOU,G,34,604,2,94,283,0.332,13,67,0.194,81,216,0.375,72,91,0.791,33,60,59,30,6,54,85,273
2,2008,Charel Allen,SAC,G,6,49,0,7,16,0.438,2,6,0.333,5,10,0.5,0,0,,2,6,3,1,0,6,5,16
3,2008,Jolene Anderson,CON,G,24,367,7,35,126,0.278,16,69,0.232,19,57,0.333,11,15,0.733,11,58,26,7,1,16,17,97
4,2008,Nicky Anosike,MIN,F-C,34,920,34,99,226,0.438,0,1,0.0,99,225,0.44,116,166,0.699,78,231,45,75,43,42,125,314
5,2008,La'Tangela Atkinson,SAC,G-F,5,73,1,6,16,0.375,0,1,0.0,6,15,0.4,2,4,0.5,3,14,8,5,2,10,5,14
6,2008,Morenike Atunrase,SAS,G-F,33,348,0,24,87,0.276,12,41,0.293,12,46,0.261,11,16,0.688,16,48,23,16,13,26,21,71
7,2008,Seimone Augustus,MIN,G-F,31,1042,31,233,496,0.47,20,63,0.317,213,433,0.492,105,118,0.89,28,120,83,32,12,52,46,591
8,2008,Sherill Baker,IND,G,13,110,0,12,37,0.324,0,1,0.0,12,36,0.333,25,34,0.735,7,22,15,9,1,11,15,49
9,2008,Mistie Bass,HOU,F,32,365,0,47,93,0.505,0,1,0.0,47,92,0.511,28,51,0.549,36,77,18,13,9,27,32,122
10,2008,Ashley Battle,NYL,F,34,336,0,37,98,0.378,11,30,0.367,26,68,0.382,36,50,0.72,18,53,24,15,1,28,26,121
11,2008,Alana Beard,WAS,G-F,33,1092,33,187,474,0.395,51,144,0.354,136,330,0.412,107,146,0.733,4,118,117,55,19,106,111,532
12,2008,Kimberly Beck,SEA,G,17,93,0,4,9,0.444,4,6,0.667,0,3,0.0,5,6,0.833,2,12,6,4,2,4,7,17
13,2008,Val Berezhynska,SAS,C,2,6,0,0,2,0.0,0,1,0.0,0,1,0.0,0,0,,0,0,0,0,0,0,2,0
14,2008,Tully Bevilaqua,IND,G,30,876,30,64,158,0.405,30,89,0.337,34,69,0.493,17,28,0.607,12,68,65,59,4,35,73,175
15,2008,Sue Bird,SEA,G,33,1111,33,172,390,0.441,47,137,0.343,125,253,0.494,74,85,0.871,14,84,169,39,3,88,61,465
16,2008,Nikki Blue,WAS,G,26,537,22,33,102,0.324,14,32,0.438,19,70,0.271,19,25,0.76,15,41,73,19,2,42,59,99
17,2008,Shannon Bobbitt,LAS,G,26,552,17,35,127,0.276,20,71,0.282,15,56,0.268,16,22,0.727,16,64,90,25,1,63,40,106
18,2008,LaToya Bond,IND,G,32,325,1,26,90,0.289,9,42,0.214,17,48,0.354,13,16,0.813,7,31,27,15,4,33,56,74
19,2008,Kara Braxton,DET,C-F,33,590,10,107,258,0.415,0,2,0.0,107,256,0.418,81,109,0.743,48,168,27,14,24,54,84,295
20,2008,Kiesha Brown,LAS,G,32,530,17,52,146,0.356,23,67,0.343,29,79,0.367,31,34,0.912,8,59,66,19,0,39,41,158
21,2008,Rebekkah Brunson,SAC,F,30,779,30,135,270,0.5,0,0,,135,270,0.5,57,85,0.671,87,213,13,36,20,51,82,327
22,2008,Latasha Byears,HOU,G-F,11,46,0,8,17,0.471,0,0,,8,17,0.471,2,3,0.667,5,12,1,3,0,1,16,18
23,2008,Dominique Canty,CHI,G,28,737,28,71,180,0.394,1,6,0.167,70,174,0.402,83,124,0.669,24,71,115,28,3,54,74,226
24,2008,Jamie Carey,CON,G,33,499,3,47,111,0.423,34,83,0.41,13,28,0.464,9,10,0.9,4,40,47,8,1,22,24,137
25,2008,Essence Carson,NYL,G,34,646,30,92,245,0.376,8,29,0.276,84,216,0.389,31,46,0.674,25,76,31,32,8,35,49,223
26,2008,Swin Cash,SEA,F,31,927,28,114,293,0.389,1,8,0.125,113,285,0.396,122,158,0.772,46,167,58,21,32,69,72,351
27,2008,Iziane Castro Marques,ATL,F-G,29,671,20,96,272,0.353,29,94,0.309,67,178,0.376,48,59,0.814,10,65,52,27,6,57,39,269
28,2008,Tamika Catchings,IND,F,25,694,17,101,258,0.391,38,88,0.432,63,170,0.371,92,115,0.8,48,157,83,49,11,61,74,332
29,2008,Quianna Chaney,CHI,G,28,241,0,23,83,0.277,12,50,0.24,11,33,0.333,10,12,0.833,4,28,24,15,3,23,19,68
30,2008,Shameka Christon,NYL,G,31,947,31,153,385,0.397,71,175,0.406,82,210,0.39,111,134,0.828,31,94,51,35,17,61,93,488
31,2008,Willnett Crockett,PHO,F,5,41,1,3,8,0.375,0,0,,3,8,0.375,3,5,0.6,4,11,0,4,1,1,14,9
32,2008,Monique Currie,WAS,F,34,972,34,135,337,0.401,24,64,0.375,111,273,0.407,109,132,0.826,32,141,86,30,12,87,121,403
33,2008,Helen Darling,SAS,G,31,580,14,33,123,0.268,12,60,0.2,21,63,0.333,30,38,0.789,13,73,54,33,3,45,67,108
34,2008,Jessica Davenport,NYL,C,14,154,3,28,59,0.475,0,0,,28,59,0.475,9,15,0.6,12,40,4,4,10,18,27,65
35,2008,Anna DeForge,MIN,G,34,847,34,106,271,0.391,47,129,0.364,59,142,0.415,29,38,0.763,24,103,59,27,5,31,52,288
36,2008,Jennifer Derevjanik,PHO,G,17,145,0,5,19,0.263,1,8,0.125,4,11,0.364,3,4,0.75,5,17,27,2,4,10,17,14
37,2008,Erika de Souza,ATL,F-C,12,277,8,48,82,0.585,0,0,,48,82,0.585,16,26,0.615,39,79,8,17,21,20,48,112
38,2008,Tamecka Dixon,HOU,G,24,634,20,89,221,0.403,2,13,0.154,87,208,0.418,36,42,0.857,23,76,44,25,3,48,63,216
39,2008,Scholanda Dorrell,SAC,G,29,535,3,66,163,0.405,11,30,0.367,55,133,0.414,55,79,0.696,10,32,24,32,6,66,53,198
40,2008,Katie Douglas,IND,G-F,33,1134,33,170,458,0.371,57,176,0.324,113,282,0.401,119,149,0.799,41,135,106,53,11,100,54,516
41,2008,Megan Duffy,NYL,G,6,45,0,2,6,0.333,1,4,0.25,1,2,0.5,6,6,1.0,0,2,3,0,0,5,6,11
42,2008,Candice Dupree,CHI,F,34,1119,34,208,455,0.457,1,7,0.143,207,448,0.462,138,177,0.78,74,267,77,35,44,98,78,555
43,2008,Margo Dydek,LAS,C,2,14,0,2,5,0.4,0,0,,2,5,0.4,0,0,,2,3,0,0,0,0,0,4
44,2008,Shyra Ely-Gash,SEA,F,34,389,1,47,115,0.409,4,11,0.364,43,104,0.413,15,24,0.625,30,90,16,12,5,29,56,113
45,2008,Barbara Farris,PHO,F-C,34,553,8,44,93,0.473,0,0,,44,93,0.473,30,43,0.698,38,130,8,20,4,35,87,118
46,2008,Allison Feaster,IND,F,33,301,0,30,89,0.337,23,75,0.307,7,14,0.5,2,2,1.0,9,23,26,5,3,14,23,85
47,2008,Marie Ferdinand-Harris,LAS,G,33,680,25,91,246,0.37,12,44,0.273,79,202,0.391,82,92,0.891,30,85,43,25,4,41,71,276
48,2008,Tye'sha Fluker,CHI,C,26,231,2,25,65,0.385,1,3,0.333,24,62,0.387,19,25,0.76,11,34,10,6,8,18,40,70
49,2008,Cheryl Ford,DET,F,24,637,24,89,185,0.481,0,0,,89,185,0.481,65,116,0.56,74,208,22,24,9,23,70,243
50,2008,Sylvia Fowles,CHI,C,17,430,14,77,148,0.52,0,0,,77,148,0.52,24,41,0.585,28,127,5,18,36,38,32,178
51,2008,A'Quonesia Franklin,SAC,G,34,351,0,19,70,0.271,6,24,0.25,13,46,0.283,9,14,0.643,5,45,59,16,1,26,44,53
52,2008,Kerri Gardin,CON,F,34,540,15,47,133,0.353,21,56,0.375,26,77,0.338,22,41,0.537,38,111,41,29,7,45,56,137
53,2008,Andrea Gardner,WAS,F-C,22,178,0,22,58,0.379,0,0,,22,58,0.379,13,24,0.542,23,50,6,3,0,11,26,57
54,2008,Katie Gearlds,SEA,G-F,34,468,3,59,158,0.373,36,92,0.391,23,66,0.348,17,23,0.739,5,44,21,11,3,15,28,171
55,2008,Kamela Gissendanner,LAS,F,2,14,0,0,4,0.0,0,1,0.0,0,3,0.0,0,0,,2,2,0,0,0,1,2,0
56,2008,Chrissy Givens,DET,G,3,10,0,0,2,0.0,0,0,,0,2,0.0,2,2,1.0,0,0,2,0,0,2,2,2
57,2008,Yolanda Griffith,SEA,C-F,30,658,30,67,145,0.462,0,0,,67,145,0.462,83,128,0.648,77,189,45,43,17,51,110,217
58,2008,Sandrine Gruda,CON,F-C,31,476,1,81,178,0.455,0,0,,81,178,0.455,31,57,0.544,44,110,28,19,26,41,56,193
59,2008,Becky Hammon,SAS,G,33,1101,33,171,438,0.39,77,220,0.35,94,218,0.431,163,174,0.937,13,91,161,43,7,104,60,582
60,2008,Lindsey Harding,MIN,G,24,591,11,51,139,0.367,2,25,0.08,49,114,0.43,50,72,0.694,9,56,76,27,4,55,56,154
61,2008,Laura Harper,SAC,F-C,34,560,1,64,135,0.474,0,0,,64,135,0.474,60,103,0.583,68,137,12,15,20,48,80,188
62,2008,Vanessa Hayden,MIN,C,30,304,0,65,146,0.445,0,0,,65,146,0.445,27,44,0.614,42,105,12,14,14,26,82,157
63,2008,Kristin Haynie,ATL,G,33,486,3,30,95,0.316,10,32,0.313,20,63,0.317,24,32,0.75,15,56,82,30,4,47,41,94
64,2008,Doneeka Lewis,IND,G,8,56,0,7,20,0.35,2,7,0.286,5,13,0.385,0,0,,2,6,2,3,1,6,2,16
65,2008,Roneeka Hodges,HOU,G,15,274,6,41,97,0.423,26,70,0.371,15,27,0.556,2,2,1.0,5,29,18,5,3,8,11,110
66,2008,Ebony Hoffman,IND,F,33,1013,33,141,303,0.465,26,57,0.456,115,246,0.467,34,41,0.829,94,258,61,47,26,79,121,342
67,2008,Sequoia Holmes,HOU,G,17,203,3,16,62,0.258,4,17,0.235,12,45,0.267,16,22,0.727,12,35,11,8,1,14,19,52
68,2008,Amber Holt,CON,F,34,714,34,81,199,0.407,25,76,0.329,56,123,0.455,35,45,0.778,37,105,65,15,5,31,67,222
69,2008,Alexis Hornbuckle,DET,G,34,747,0,63,178,0.354,16,45,0.356,47,133,0.353,42,66,0.636,53,138,71,79,10,49,97,184
70,2008,Charde Houston,MIN,F,33,581,0,116,236,0.492,0,0,,116,236,0.492,60,81,0.741,27,122,28,30,13,55,70,292
71,2008,Sandora Irvin,SAS,F,21,116,0,9,28,0.321,1,4,0.25,8,24,0.333,7,11,0.636,10,36,2,3,5,7,19,26
72,2008,Lauren Jackson,SEA,F-C,21,694,21,149,330,0.452,28,95,0.295,121,235,0.515,99,106,0.934,39,147,26,31,33,40,67,425
73,2008,Tiffany Jackson-Jones,NYL,F,25,496,0,81,157,0.516,0,0,,81,157,0.516,46,73,0.63,47,143,26,24,8,48,46,208
74,2008,Cathy Joens,CHI,G-F,26,272,0,34,91,0.374,24,65,0.369,10,26,0.385,7,8,0.875,5,35,14,5,2,23,26,99
75,2008,Shannon Johnson,HOU,G,33,1014,32,80,211,0.379,31,97,0.32,49,114,0.43,62,83,0.747,31,107,168,52,9,79,84,253
76,2008,Temeka Johnson,LAS,G,23,393,8,35,101,0.347,0,10,0.0,35,91,0.385,26,36,0.722,12,43,71,24,2,37,38,96
77,2008,Vickie Johnson,SAS,G-F,32,892,32,87,198,0.439,11,39,0.282,76,159,0.478,28,36,0.778,39,169,115,26,5,49,42,213
78,2008,Asjha Jones,CON,F,33,963,33,223,461,0.484,5,23,0.217,218,438,0.498,110,139,0.791,73,201,81,20,26,74,85,561
79,2008,Crystal Kelly,SAC,F,33,551,4,62,138,0.449,0,1,0.0,62,137,0.453,119,140,0.85,47,109,15,18,5,41,61,243
80,2008,Laurie Koehn,WAS,G,30,144,0,24,61,0.393,23,55,0.418,1,6,0.167,0,2,0.0,4,11,3,0,0,10,9,71
81,2008,Cathrine Kraayeveld,NYL,F,34,961,34,114,298,0.383,62,165,0.376,52,133,0.391,36,51,0.706,50,209,49,28,26,55,95,326
82,2008,Jennifer Lacy,ATL,F,33,605,22,74,190,0.389,4,21,0.19,70,169,0.414,37,55,0.673,35,89,27,18,6,37,97,189
83,2008,Crystal Langhorne,WAS,F-C,34,529,6,68,109,0.624,0,0,,68,109,0.624,28,51,0.549,53,136,15,15,6,36,54,164
84,2008,Erlana Larkins,NYL,F,27,335,0,48,94,0.511,0,0,,48,94,0.511,33,56,0.589,38,73,18,10,7,35,54,129
85,2008,Ivory Latta,ATL,G,34,960,31,124,343,0.362,55,160,0.344,69,183,0.377,85,106,0.802,13,72,123,45,1,61,83,388
86,2008,Edwige Lawson-Wade,SAS,G,30,280,1,36,80,0.45,22,47,0.468,14,33,0.424,6,9,0.667,9,31,26,12,0,25,29,100
87,2008,Kara Lawson,SAC,G,32,829,32,139,343,0.405,60,139,0.432,79,204,0.387,53,58,0.914,16,82,67,28,2,48,41,391
88,2008,Betty Lennox,ATL,G,34,1010,33,207,499,0.415,63,176,0.358,144,323,0.446,118,138,0.855,36,143,81,45,3,114,92,595
89,2008,Lisa Leslie,LAS,C,33,1059,33,188,406,0.463,4,17,0.235,184,389,0.473,117,177,0.661,84,293,80,49,97,119,117,497
90,2008,Nancy Lieberman,DET,G,1,9,0,0,1,0.0,0,0,,0,1,0.0,0,0,,0,0,2,0,0,2,0,0
91,2008,Sancho Lyttle,HOU,F,27,489,9,92,158,0.582,0,0,,92,158,0.582,38,51,0.745,49,166,24,37,26,33,64,222
92,2008,Mwadi Mabika,HOU,G,20,327,11,30,99,0.303,17,62,0.274,13,37,0.351,15,21,0.714,10,37,17,10,0,12,39,92
93,2008,Hamchetou Maiga-Ba,HOU,F,26,590,22,87,177,0.492,1,2,0.5,86,175,0.491,27,39,0.692,30,84,38,32,8,56,64,202
94,2008,Raffaella Masciadri,LAS,F,29,412,1,47,135,0.348,16,68,0.235,31,67,0.463,16,20,0.8,15,40,16,8,1,16,35,126
95,2008,Katie Mattera,ATL,C,33,462,4,77,144,0.535,0,0,,77,144,0.535,66,88,0.75,43,130,10,3,27,58,91,220
96,2008,Kelly Mazzante,PHO,G,34,641,2,68,205,0.332,56,169,0.331,12,36,0.333,5,6,0.833,15,66,38,24,2,18,44,197
97,2008,Janel McCarville,NYL,F-C,31,816,31,168,314,0.535,0,8,0.0,168,306,0.549,89,115,0.774,52,168,66,45,26,67,78,425
98,2008,Chasity Melvin,CHI,C-F,34,759,18,98,221,0.443,1,3,0.333,97,218,0.445,81,132,0.614,85,172,50,31,10,48,99,278
99,2008,Coco Miller,WAS,G,34,710,6,77,217,0.355,15,53,0.283,62,164,0.378,10,16,0.625,46,85,47,26,5,58,63,179
100,2008,Kelly Miller,PHO,G,34,945,34,107,262,0.408,20,52,0.385,87,210,0.414,49,58,0.845,50,148,135,22,4,84,66,283
101,2008,DeLisha Milton-Jones,LAS,F,31,1016,31,165,344,0.48,29,81,0.358,136,263,0.517,72,93,0.774,64,196,73,34,18,99,109,431
102,2008,Leilani Mitchell,NYL,G,34,518,5,39,105,0.371,19,47,0.404,20,58,0.345,34,42,0.81,14,57,97,17,3,39,43,131
103,2008,Jessica Moore,LAS,F-C,28,309,2,14,43,0.326,0,0,,14,43,0.326,11,16,0.688,17,45,17,4,5,17,48,39
104,2008,Loree Moore,NYL,G,29,809,29,55,161,0.342,24,83,0.289,31,78,0.397,20,24,0.833,30,112,132,44,4,77,71,154
105,2008,Navonda Moore,MIN,G,16,125,0,15,47,0.319,3,9,0.333,12,38,0.316,15,27,0.556,7,15,5,4,3,3,18,48
106,2008,Bernice Mosby,WAS,F,24,183,1,20,51,0.392,0,0,,20,51,0.392,8,12,0.667,17,53,2,2,7,12,20,48
107,2008,Chelsea Newton,SAC,G,26,393,0,38,95,0.4,2,7,0.286,36,88,0.409,39,51,0.765,13,35,28,30,1,25,56,117
108,2008,Bernadette Ngoyisa,IND,C,31,226,1,30,63,0.476,0,0,,30,63,0.476,23,32,0.719,20,53,7,6,7,31,46,83
109,2008,Chioma Nnamaka,ATL,G,12,84,0,6,26,0.231,2,11,0.182,4,15,0.267,2,3,0.667,6,12,2,5,0,4,11,16
110,2008,Deanna Nolan,DET,G-F,34,1144,34,216,465,0.465,43,115,0.374,173,350,0.494,63,73,0.863,26,133,150,42,10,73,68,538
111,2008,Yuko Oga,PHO,G,23,180,0,20,57,0.351,0,10,0.0,20,47,0.426,16,17,0.941,5,17,14,7,0,22,13,56
112,2008,Nicole Ohlde,MIN,F-C,34,559,34,73,161,0.453,0,0,,73,161,0.453,51,65,0.785,44,112,45,10,22,50,88,197
113,2008,Kristen O'Neill,SEA,G-F,11,31,0,0,4,0.0,0,2,0.0,0,2,0.0,0,0,,0,3,1,0,0,1,4,0
114,2008,Danielle Page,CON,F,3,12,0,3,5,0.6,0,0,,3,5,0.6,0,0,,2,6,0,0,0,2,3,6
115,2008,Murriel Page,LAS,F,27,243,1,16,49,0.327,2,8,0.25,14,41,0.341,8,12,0.667,13,35,14,5,1,11,33,42
116,2008,Candace Parker,LAS,F-C,33,1109,33,231,442,0.523,11,26,0.423,220,416,0.529,137,187,0.733,84,313,113,42,75,93,91,610
117,2008,Florina Pascalau,SEA,C,3,9,0,0,1,0.0,0,0,,0,1,0.0,0,0,,1,1,0,0,0,1,1,0
118,2008,Ticha Penicheiro,SAC,G,33,856,33,83,222,0.374,8,28,0.286,75,194,0.387,110,136,0.809,19,99,172,67,4,87,80,284
119,2008,Jia Perkins,CHI,G,34,1083,34,213,485,0.439,45,123,0.366,168,362,0.464,106,119,0.891,45,138,94,63,10,61,76,577
120,2008,Erin Perperoglou,SAS,F,34,907,23,76,178,0.427,28,65,0.431,48,113,0.425,64,83,0.771,33,111,58,36,21,51,98,244
121,2008,Erin Phillips,CON,G,8,86,0,13,28,0.464,6,12,0.5,7,16,0.438,9,11,0.818,9,17,3,4,1,6,7,41
122,2008,Plenette Pierson,DET,F,28,649,0,122,267,0.457,0,2,0.0,122,265,0.46,88,117,0.752,64,136,63,24,34,48,99,332
123,2008,Cappie Pondexter,PHO,G,32,1002,32,234,567,0.413,41,131,0.313,193,436,0.443,170,201,0.846,26,119,135,38,5,93,82,679
124,2008,Elaine Powell,DET,G,16,313,16,24,49,0.49,1,2,0.5,23,47,0.489,9,12,0.75,18,50,35,6,1,18,21,58
125,2008,Nicole Powell,SAC,F,34,944,33,161,437,0.368,78,190,0.411,83,247,0.336,63,75,0.84,41,150,46,40,6,62,78,463
126,2008,Armintie Herrington,CHI,G,34,763,11,84,192,0.438,0,1,0.0,84,191,0.44,65,125,0.52,58,126,59,36,12,49,79,233
127,2008,LaToya Sanders,PHO,F-C,29,377,7,43,96,0.448,0,0,,43,96,0.448,42,51,0.824,52,102,9,10,44,27,71,128
128,2008,Brooke Queenan,CHI,F,8,36,0,1,8,0.125,0,2,0.0,1,6,0.167,0,0,,1,4,2,0,0,5,5,2
129,2008,Allie Quigley,PHO,G,14,100,0,13,39,0.333,2,11,0.182,11,28,0.393,1,2,0.5,6,11,4,6,1,6,9,29
130,2008,Noelle Quinn,MIN,G,32,533,25,47,118,0.398,10,32,0.313,37,86,0.43,12,18,0.667,12,69,81,21,2,46,33,116
131,2008,Kristen Rasmussen,MIN,F,31,393,0,27,72,0.375,8,23,0.348,19,49,0.388,17,23,0.739,32,85,27,12,6,19,48,79
132,2008,Ruth Riley,SAS,C,30,580,3,63,145,0.434,9,28,0.321,54,117,0.462,18,21,0.857,14,108,31,14,41,52,101,153
133,2008,Ashley Robinson,SEA,C,33,329,1,13,43,0.302,0,0,,13,43,0.302,3,10,0.3,29,72,12,12,20,28,62,29
134,2008,Adrianne Ross,SAS,G,4,7,0,0,2,0.0,0,0,,0,2,0.0,2,2,1.0,0,1,0,0,0,0,2,2
135,2008,Leah Rush,CHI,F,2,12,0,0,2,0.0,0,1,0.0,0,1,0.0,3,4,0.75,0,0,0,0,0,2,4,3
136,2008,Sheri Sam,DET,G-F,32,478,15,34,110,0.309,6,21,0.286,28,89,0.315,18,26,0.692,29,91,38,19,3,31,36,92
137,2008,Nakia Sanford,WAS,C-F,34,795,28,90,199,0.452,0,0,,90,199,0.452,49,123,0.398,77,193,40,21,11,83,138,229
138,2008,Olayinka Sanni,DET,F-C,31,325,9,41,82,0.5,0,1,0.0,41,81,0.506,24,37,0.649,26,64,6,11,7,40,59,106
139,2008,Kelly Santos,SEA,F,22,134,1,16,41,0.39,0,0,,16,41,0.39,15,23,0.652,10,28,5,4,2,10,26,47
140,2008,Kelly Schumacher,DET,C,7,89,0,6,16,0.375,0,2,0.0,6,14,0.429,2,2,1.0,4,20,5,2,3,8,13,14
141,2008,Olympia Scott,PHO,C,6,69,0,8,22,0.364,0,0,,8,22,0.364,0,0,,2,19,3,1,6,6,23,16
142,2008,K.B. Sharp,CHI,G,34,598,6,40,90,0.444,9,28,0.321,31,62,0.5,19,29,0.655,7,45,49,13,0,29,27,108
143,2008,Brooke Smith,PHO,F-C,10,134,0,16,28,0.571,0,0,,16,28,0.571,9,13,0.692,10,36,9,2,3,9,29,41
144,2008,Katie Smith,DET,G,34,1152,34,157,410,0.383,76,211,0.36,81,199,0.407,110,124,0.887,10,94,137,32,3,80,70,500
145,2008,Kim Smith,SAC,F,21,143,0,12,47,0.255,1,12,0.083,11,35,0.314,8,12,0.667,5,14,5,7,2,9,22,33
146,2008,Tangela Smith,PHO,C,25,722,25,111,266,0.417,16,46,0.348,95,220,0.432,39,45,0.867,50,176,28,28,29,41,98,277
147,2008,Wanisha Smith,DET,G,1,0,0,0,0,,0,0,,0,0,,0,0,,0,0,0,0,0,0,0,0
148,2008,Michelle Snow,HOU,C,34,856,34,126,237,0.532,1,2,0.5,125,235,0.532,83,119,0.697,74,230,42,18,30,62,111,336
149,2008,Sidney Spencer,LAS,G,33,451,2,63,155,0.406,31,81,0.383,32,74,0.432,17,18,0.944,28,62,18,14,4,23,48,174
150,2008,Ann Strother,ATL,G-F,21,160,0,12,34,0.353,7,19,0.368,5,15,0.333,8,12,0.667,5,13,7,5,3,3,17,39
151,2008,Tammy Sutton-Brown,IND,C,33,956,33,143,289,0.495,0,1,0.0,143,288,0.497,103,153,0.673,63,208,17,20,57,69,113,389
152,2008,Ketia Swanier,CON,G,25,231,6,13,47,0.277,7,30,0.233,6,17,0.353,8,10,0.8,5,29,26,14,1,20,17,41
153,2008,Sheryl Swoopes,SEA,F-G,29,706,25,75,192,0.391,14,63,0.222,61,129,0.473,41,59,0.695,26,126,60,43,9,31,44,205
154,2008,Diana Taurasi,PHO,G,34,1083,34,258,579,0.446,89,247,0.36,169,332,0.509,215,247,0.87,26,172,121,46,46,83,125,820
155,2008,Christi Thomas,LAS,F-C,20,159,0,12,34,0.353,1,6,0.167,11,28,0.393,4,8,0.5,10,40,6,2,8,8,33,29
156,2008,Tina Thompson,HOU,F,30,1074,29,188,455,0.413,56,138,0.406,132,317,0.416,110,128,0.859,48,208,65,33,20,113,74,542
157,2008,Erin Thorn,NYL,G,32,380,5,36,106,0.34,19,71,0.268,17,35,0.486,10,11,0.909,2,20,36,7,2,20,22,101
158,2008,Barbara Turner,CON,G-F,34,663,6,80,192,0.417,44,118,0.373,36,74,0.486,69,89,0.775,23,108,52,12,14,40,62,273
159,2008,Krystal Vaughn,WAS,F,15,78,0,3,19,0.158,0,2,0.0,3,17,0.176,6,10,0.6,4,15,0,2,2,10,6,12
160,2008,DeMya Walker,SAC,F,7,52,0,5,11,0.455,0,0,,5,11,0.455,1,2,0.5,4,6,1,5,0,10,10,11
161,2008,Marcedes Walker,HOU,C,2,11,0,0,4,0.0,0,0,,0,4,0.0,0,2,0.0,5,7,1,0,1,4,3,0
162,2008,Ann Wauters,SAS,C,32,980,31,195,366,0.533,11,31,0.355,184,335,0.549,70,98,0.714,47,239,56,36,38,70,75,471
163,2008,Kendra Wecker,WAS,F,9,48,0,2,17,0.118,1,7,0.143,1,10,0.1,0,0,,4,11,7,3,0,7,5,5
164,2008,Lindsay Whalen,CON,G,31,908,31,141,306,0.461,27,80,0.338,114,226,0.504,126,157,0.803,33,174,166,45,1,58,87,435
165,2008,Erica White,HOU,G,34,426,2,25,88,0.284,1,7,0.143,24,81,0.296,70,78,0.897,14,47,47,23,3,49,60,121
166,2008,Tan White,IND,G,33,894,22,119,325,0.366,39,120,0.325,80,205,0.39,51,60,0.85,27,101,80,43,14,85,88,328
167,2008,Tamika Whitmore,CON,F,34,911,33,160,392,0.408,34,108,0.315,126,284,0.444,75,96,0.781,40,161,47,20,13,68,95,429
168,2008,Khadijah Whittington,IND,F,22,186,0,17,44,0.386,0,0,,17,44,0.386,9,17,0.529,10,34,6,9,11,12,42,43
169,2008,Candice Wiggins,MIN,G,30,824,1,137,340,0.403,37,121,0.306,100,219,0.457,161,197,0.817,39,97,90,54,7,57,113,472
170,2008,Brittany Wilkins,SAS,C,1,0,0,0,0,,0,0,,0,0,,0,0,,0,0,0,0,0,0,0,0
171,2008,Adrian Williams-Strong,SAC,C-F,34,687,33,86,196,0.439,0,0,,86,196,0.439,35,57,0.614,68,167,20,19,8,54,73,207
172,2008,Le'coe Willingham,PHO,F,34,834,27,139,244,0.57,5,27,0.185,134,217,0.618,60,81,0.741,86,202,29,22,7,46,116,343
173,2008,Lisa Willis,NYL,G,34,458,2,59,140,0.421,44,94,0.468,15,46,0.326,29,30,0.967,8,58,14,29,5,31,45,191
174,2008,Tamika Williams,CON,F,34,374,1,30,72,0.417,0,2,0.0,30,70,0.429,24,41,0.585,48,99,13,10,1,26,40,84
175,2008,Tanisha Wright,SEA,G,34,808,14,108,250,0.432,4,24,0.167,104,226,0.46,48,61,0.787,32,116,84,31,8,78,94,268
176,2008,Brooke Wyckoff,CHI,F,34,594,23,25,73,0.342,16,51,0.314,9,22,0.409,9,16,0.563,14,79,47,14,19,35,80,75
177,2008,Sophia Young-Malcolm,SAS,F,33,1054,33,207,433,0.478,0,3,0.0,207,430,0.481,162,206,0.786,52,186,75,53,17,57,86,576
178,2008,Tamera Young,ATL,F,33,745,15,80,240,0.333,13,40,0.325,67,200,0.335,67,97,0.691,44,139,41,30,10,59,97,240
179,2008,Sharnee Zoll,MIN,G,6,30,0,2,8,0.25,1,3,0.333,1,5,0.2,5,6,0.833,1,3,3,1,0,3,2,10
180,2008,Alison Bales,TOT,C,31,515,9,44,110,0.4,3,8,0.375,41,102,0.402,28,40,0.7,27,124,13,20,43,13,55,119
181,2008,Tasha Humphrey,TOT,C,30,509,23,96,206,0.466,26,68,0.382,70,138,0.507,31,39,0.795,35,112,31,17,8,45,91,249
182,2008,Amber Jacobs,TOT,G,11,143,3,6,23,0.261,5,15,0.333,1,8,0.125,3,4,0.75,2,9,17,3,0,16,14,20
183,2008,Camille Smith,TOT,F,32,663,15,96,191,0.503,9,25,0.36,87,166,0.524,46,72,0.639,47,123,36,28,13,60,86,247
184,2008,Stacey Lovelace,TOT,C,22,302,9,38,96,0.396,12,29,0.414,26,67,0.388,13,19,0.684,21,61,16,18,10,22,40,101
185,2008,Kristen Mann,TOT,F,18,254,8,19,48,0.396,4,9,0.444,15,39,0.385,5,5,1.0,10,23,15,9,5,15,23,47
186,2008,Taj McWilliams-Franklin,TOT,F-C,33,1047,33,174,344,0.506,8,26,0.308,166,318,0.522,66,85,0.776,76,238,54,47,30,84,80,422
187,2008,Shay Murphy,TOT,G,17,138,3,14,48,0.292,5,20,0.25,9,28,0.321,4,6,0.667,13,26,8,6,2,11,19,37
188,2008,Ashley Shields,TOT,G,10,56,0,8,29,0.276,3,11,0.273,5,18,0.278,5,8,0.625,0,3,3,2,0,7,6,24
189,2008,Crystal Smith,TOT,G,29,392,4,39,110,0.355,14,38,0.368,25,72,0.347,29,36,0.806,10,28,25,14,2,34,43,121
190,2008,Kasha Terry,TOT,C-F,22,299,8,37,81,0.457,0,0,,37,81,0.457,20,33,0.606,28,69,12,10,11,43,55,94
191,2008,LaToya Thomas,TOT,F,20,187,0,23,53,0.434,5,9,0.556,18,44,0.409,4,9,0.444,10,30,4,3,1,20,19,55
0,2009,Matee Ajavon,WAS,G,34,587,4,85,253,0.336,28,82,0.341,57,171,0.333,74,110,0.673,27,64,37,37,4,50,84,272
1,2009,Nicky Anosike,MIN,F-C,30,896,29,130,265,0.491,1,4,0.25,129,261,0.494,135,194,0.696,73,222,81,81,28,61,88,396
2,2009,La'Tangela Atkinson,SEA,G-F,2,46,1,2,8,0.25,0,1,0.0,2,7,0.286,1,2,0.5,6,18,5,10,1,4,5,5
3,2009,Seimone Augustus,MIN,G-F,6,178,6,49,86,0.57,9,14,0.643,40,72,0.556,19,21,0.905,4,25,9,12,3,13,5,126
4,2009,Sherill Baker,DET,G,1,11,0,2,3,0.667,0,0,,2,3,0.667,3,3,1.0,1,1,1,1,0,1,1,7
5,2009,Mistie Bass,CHI,F,8,126,5,20,39,0.513,0,2,0.0,20,37,0.541,9,16,0.563,12,27,3,5,3,4,12,49
6,2009,Suzy Batkovic-Brown,SEA,C,20,147,0,21,43,0.488,3,11,0.273,18,32,0.563,2,8,0.25,9,29,4,5,6,24,29,47
7,2009,Ashley Battle,NYL,F,34,548,3,63,148,0.426,19,46,0.413,44,102,0.431,32,46,0.696,17,85,40,31,2,52,48,177
8,2009,Alana Beard,WAS,G-F,31,985,30,188,438,0.429,32,107,0.299,156,331,0.471,84,114,0.737,19,123,68,72,18,100,97,492
9,2009,Tully Bevilaqua,IND,G,34,861,32,68,181,0.376,37,107,0.346,31,74,0.419,36,54,0.667,12,79,97,62,8,48,76,209
10,2009,Sue Bird,SEA,G,31,1101,31,154,377,0.408,54,150,0.36,100,227,0.441,35,41,0.854,12,78,179,47,3,81,50,397
11,2009,Chante Black,CON,C,33,428,8,35,92,0.38,0,1,0.0,35,91,0.385,27,43,0.628,41,107,6,13,27,25,54,97
12,2009,Nikki Blue,WAS,G,16,91,0,7,24,0.292,3,9,0.333,4,15,0.267,7,10,0.7,2,10,12,7,0,13,12,24
13,2009,Shannon Bobbitt,LAS,G,33,353,3,26,85,0.306,8,37,0.216,18,48,0.375,11,13,0.846,11,33,46,15,1,28,34,71
14,2009,Whitney Boddie,SAC,G,4,9,0,1,1,1.0,0,0,,1,1,1.0,0,0,,0,0,0,1,0,1,1,2
15,2009,DeWanna Bonner,PHO,F-G,34,724,0,127,278,0.457,2,13,0.154,125,265,0.472,125,154,0.812,70,196,13,23,25,34,70,381
16,2009,Kara Braxton,DET,C-F,28,504,2,106,201,0.527,0,0,,106,201,0.527,40,62,0.645,66,167,41,19,18,51,79,252
17,2009,Kiesha Brown,CON,G,34,393,0,47,123,0.382,18,54,0.333,29,69,0.42,18,22,0.818,9,55,38,13,3,29,35,130
18,2009,Rebekkah Brunson,SAC,F,27,665,17,124,255,0.486,0,1,0.0,124,254,0.488,83,106,0.783,67,190,9,40,16,45,57,331
19,2009,Janell Burse,SEA,C,34,541,8,74,145,0.51,0,0,,74,145,0.51,59,80,0.738,31,107,10,21,31,35,71,207
20,2009,Dominique Canty,CHI,G,34,776,34,74,194,0.381,4,11,0.364,70,183,0.383,82,119,0.689,18,63,109,28,5,57,96,234
21,2009,Essence Carson,NYL,G,34,859,34,131,321,0.408,34,102,0.333,97,219,0.443,44,48,0.917,24,72,46,37,10,54,76,340
22,2009,Swin Cash,SEA,F,32,1094,29,139,355,0.392,10,31,0.323,129,324,0.398,102,128,0.797,62,214,82,28,16,91,98,390
23,2009,Iziane Castro Marques,ATL,F-G,34,915,33,184,445,0.413,49,142,0.345,135,303,0.446,71,91,0.78,20,75,67,36,2,83,75,488
24,2009,Tamika Catchings,IND,F,34,1084,34,157,407,0.386,40,122,0.328,117,285,0.411,158,181,0.873,86,245,107,99,18,88,92,512
25,2009,Shameka Christon,NYL,G,32,1014,31,154,383,0.402,78,204,0.382,76,179,0.425,128,148,0.865,29,156,56,28,27,56,102,514
26,2009,Kristi Cirone,CON,G,4,23,0,2,5,0.4,1,3,0.333,1,2,0.5,2,3,0.667,0,5,4,2,0,0,3,7
27,2009,Marissa Coleman,WAS,G-F,28,525,0,54,159,0.34,29,80,0.363,25,79,0.316,34,45,0.756,22,76,22,20,9,34,44,171
28,2009,Monique Currie,WAS,F,34,728,34,78,217,0.359,20,52,0.385,58,165,0.352,102,127,0.803,38,146,61,29,14,57,83,278
29,2009,Helen Darling,SAS,G,34,642,13,27,109,0.248,13,44,0.295,14,65,0.215,37,55,0.673,14,61,100,30,5,40,79,104
30,2009,Jessica Davenport,IND,C,26,181,0,29,55,0.527,0,0,,29,55,0.527,14,20,0.7,15,40,6,7,14,21,38,72
31,2009,Tanae Davis-Cain,DET,G,1,4,0,1,5,0.2,0,3,0.0,1,2,0.5,0,1,0.0,2,2,0,0,0,0,0,2
32,2009,Anna DeForge,DET,G,7,113,7,5,18,0.278,0,4,0.0,5,14,0.357,0,0,,6,20,10,4,0,7,7,10
33,2009,Erika de Souza,ATL,F-C,34,928,34,170,322,0.528,0,0,,170,322,0.528,62,95,0.653,119,309,38,32,44,70,117,402
34,2009,Tamecka Dixon,IND,G,32,424,1,55,134,0.41,4,10,0.4,51,124,0.411,18,21,0.857,10,51,37,12,3,27,45,132
35,2009,Scholanda Dorrell,SAC,G,34,633,29,79,193,0.409,8,25,0.32,71,168,0.423,59,87,0.678,19,53,27,33,7,54,70,225
36,2009,Katie Douglas,IND,G-F,31,1003,31,188,459,0.41,66,189,0.349,122,270,0.452,105,122,0.861,24,120,85,56,7,75,45,547
37,2009,Candice Dupree,CHI,F,34,1186,34,204,476,0.429,24,62,0.387,180,414,0.435,102,130,0.785,76,268,75,35,41,81,54,534
38,2009,Shyra Ely-Gash,CHI,F,34,497,9,84,201,0.418,23,60,0.383,61,141,0.433,41,51,0.804,22,88,20,12,8,36,55,232
39,2009,Lauren Ervin,CON,F,8,56,0,8,17,0.471,0,0,,8,17,0.471,0,2,0.0,4,13,0,1,0,2,5,16
40,2009,Barbara Farris,DET,F-C,13,110,3,2,9,0.222,0,0,,2,9,0.222,13,16,0.813,3,18,5,5,0,9,17,17
41,2009,Marie Ferdinand-Harris,LAS,G,28,339,6,58,135,0.43,4,22,0.182,54,113,0.478,31,37,0.838,17,41,24,15,2,22,44,151
42,2009,Cheryl Ford,DET,F,29,755,29,97,227,0.427,0,3,0.0,97,224,0.433,55,100,0.55,71,215,25,28,13,49,105,249
43,2009,Sylvia Fowles,CHI,C,24,692,20,103,172,0.599,0,0,,103,172,0.599,64,99,0.646,52,188,19,21,35,76,72,270
44,2009,A'Quonesia Franklin,SEA,G,2,20,0,0,4,0.0,0,2,0.0,0,2,0.0,0,0,,0,2,1,1,0,1,2,0
45,2009,Megan Frazee,SAS,F,29,326,0,52,126,0.413,14,37,0.378,38,89,0.427,27,39,0.692,27,84,15,8,5,21,43,145
46,2009,Kerri Gardin,CON,F,33,596,23,58,159,0.365,10,39,0.256,48,120,0.4,54,89,0.607,54,143,39,25,24,38,57,180
47,2009,Katie Gearlds,SEA,G-F,20,243,0,29,74,0.392,21,52,0.404,8,22,0.364,3,4,0.75,4,26,11,6,3,12,14,82
48,2009,Yolanda Griffith,IND,C-F,3,41,0,6,12,0.5,0,0,,6,12,0.5,7,9,0.778,4,7,0,0,2,3,6,19
49,2009,Sandrine Gruda,CON,F-C,26,810,25,151,323,0.467,0,0,,151,323,0.467,48,86,0.558,66,165,35,23,41,68,86,350
50,2009,Becky Hammon,SAS,G,31,1049,31,200,447,0.447,76,206,0.369,124,241,0.515,128,142,0.901,25,103,156,49,12,111,54,604
51,2009,Lindsey Harding,WAS,G,34,1194,34,163,375,0.435,20,62,0.323,143,313,0.457,89,119,0.748,24,135,154,43,13,101,68,435
52,2009,Laura Harper,SAC,F-C,33,460,11,45,116,0.388,0,0,,45,116,0.388,60,82,0.732,54,113,20,13,22,42,65,150
53,2009,Kristi Harrower,LAS,G,31,520,26,40,111,0.36,8,39,0.205,32,72,0.444,9,11,0.818,17,57,69,16,0,27,32,97
54,2009,Vanessa Hayden,LAS,C,25,269,1,39,95,0.411,0,0,,39,95,0.411,16,25,0.64,27,67,6,4,22,19,49,94
55,2009,Roneeka Hodges,MIN,G,33,902,27,115,276,0.417,68,171,0.398,47,105,0.448,30,33,0.909,20,99,64,21,15,36,54,328
56,2009,Ebony Hoffman,IND,F,34,1005,34,122,313,0.39,25,72,0.347,97,241,0.402,69,77,0.896,56,199,52,57,12,82,106,338
57,2009,Chamique Holdsclaw,ATL,F,25,708,25,132,319,0.414,6,30,0.2,126,289,0.436,78,93,0.839,29,109,56,34,7,74,60,348
58,2009,Quanitra Hollingsworth,MIN,C,34,434,1,50,120,0.417,0,0,,50,120,0.417,64,91,0.703,47,110,5,12,8,34,65,164
59,2009,Amber Holt,CON,F,23,380,7,40,123,0.325,13,50,0.26,27,73,0.37,44,53,0.83,13,74,44,9,2,14,39,137
60,2009,Alexis Hornbuckle,DET,G,32,850,21,81,213,0.38,25,64,0.391,56,149,0.376,26,48,0.542,46,158,86,42,9,69,93,213
61,2009,Charde Houston,MIN,F,34,792,33,175,376,0.465,23,69,0.333,152,307,0.495,72,99,0.727,44,186,59,43,21,64,107,445
62,2009,Lauren Jackson,SEA,F-C,26,843,26,168,363,0.463,49,114,0.43,119,249,0.478,114,143,0.797,48,182,22,38,45,43,97,499
63,2009,Tiffany Jackson-Jones,NYL,F,34,495,9,67,149,0.45,0,0,,67,149,0.45,46,64,0.719,35,116,24,21,13,43,55,180
64,2009,Briann January,IND,G,33,683,4,64,192,0.333,25,87,0.287,39,105,0.371,74,87,0.851,23,63,77,36,3,57,78,227
65,2009,Anete Jekabsone-Zogota,CON,G,27,644,16,97,234,0.415,39,99,0.394,58,135,0.43,22,28,0.786,12,78,59,9,0,48,61,255
66,2009,Shannon Johnson,SEA,G,34,618,6,36,107,0.336,18,61,0.295,18,46,0.391,47,55,0.855,14,62,52,27,7,52,56,137
67,2009,Temeka Johnson,PHO,G,34,901,34,125,281,0.445,36,87,0.414,89,194,0.459,42,50,0.84,8,120,157,29,4,76,79,328
68,2009,Vickie Johnson,SAS,G-F,32,737,32,80,185,0.432,21,56,0.375,59,129,0.457,23,27,0.852,23,108,77,16,4,39,40,204
69,2009,Asjha Jones,CON,F,23,727,23,159,339,0.469,5,16,0.313,154,323,0.477,61,80,0.763,43,136,56,20,13,49,79,384
70,2009,Cathrine Kraayeveld,NYL,F,34,888,26,105,264,0.398,60,144,0.417,45,120,0.375,37,49,0.755,32,155,32,22,13,66,76,307
71,2009,Jennifer Lacy,ATL,F,32,362,0,35,107,0.327,4,19,0.211,31,88,0.352,22,33,0.667,32,70,9,9,7,24,57,96
72,2009,Crystal Langhorne,WAS,F-C,34,1013,22,163,284,0.574,0,2,0.0,163,282,0.578,82,119,0.689,101,268,29,34,13,76,74,408
73,2009,Erlana Larkins,NYL,F,18,137,0,14,33,0.424,0,0,,14,33,0.424,16,23,0.696,11,31,8,9,4,16,19,44
74,2009,Ivory Latta,ATL,G,24,350,0,45,110,0.409,18,50,0.36,27,60,0.45,38,46,0.826,3,16,34,13,1,26,32,146
75,2009,Edwige Lawson-Wade,SAS,G,33,583,12,58,151,0.384,41,113,0.363,17,38,0.447,15,18,0.833,9,66,74,29,1,29,53,172
76,2009,Kara Lawson,SAC,G,25,604,5,76,200,0.38,37,110,0.336,39,90,0.433,31,33,0.939,11,53,63,16,1,35,24,220
77,2009,Shalee Lehning,ATL,G,34,707,20,36,93,0.387,6,30,0.2,30,63,0.476,24,31,0.774,19,79,127,18,3,54,44,102
78,2009,Betty Lennox,LAS,G,30,640,13,111,268,0.414,25,83,0.301,86,185,0.465,59,66,0.894,33,136,54,26,4,70,70,306
79,2009,Lisa Leslie,LAS,C,23,638,21,144,278,0.518,1,6,0.167,143,272,0.526,65,90,0.722,56,151,49,16,33,59,75,354
80,2009,Camille Smith,SEA,F,34,1044,34,124,263,0.471,7,27,0.259,117,236,0.496,86,126,0.683,75,222,35,39,13,67,118,341
81,2009,Sancho Lyttle,ATL,F,34,931,31,184,363,0.507,0,1,0.0,184,362,0.508,75,101,0.743,72,254,51,68,22,64,105,443
82,2009,Hamchetou Maiga-Ba,SAC,F,34,676,5,124,255,0.486,0,1,0.0,124,254,0.488,55,77,0.714,34,89,37,31,8,52,76,303
83,2009,Kristen Mann,WAS,F,16,95,0,10,28,0.357,4,18,0.222,6,10,0.6,1,1,1.0,2,14,6,3,0,3,9,25
84,2009,Kelly Mazzante,PHO,G,31,433,2,36,99,0.364,31,88,0.352,5,11,0.455,3,3,1.0,7,40,17,10,3,10,42,106
85,2009,Rashanda McCants,MIN,F,34,482,1,56,150,0.373,11,38,0.289,45,112,0.402,22,39,0.564,30,68,26,15,10,36,74,145
86,2009,Janel McCarville,NYL,F-C,32,848,32,151,301,0.502,1,3,0.333,150,298,0.503,90,107,0.841,63,175,88,41,44,86,79,393
87,2009,Angel McCoughtry,ATL,F-G,34,735,10,160,336,0.476,15,51,0.294,145,285,0.509,100,135,0.741,35,105,71,74,12,72,92,435
88,2009,Taj McWilliams-Franklin,DET,F-C,34,1032,34,139,283,0.491,3,15,0.2,136,268,0.507,51,68,0.75,65,225,98,33,16,66,86,332
89,2009,Chasity Melvin,WAS,C-F,34,756,33,84,188,0.447,0,1,0.0,84,187,0.449,33,61,0.541,79,158,36,34,29,50,101,201
90,2009,Britany Miller,DET,C,1,8,0,0,1,0.0,0,0,,0,1,0.0,0,0,,0,0,0,1,0,0,1,0
91,2009,Coco Miller,ATL,G,34,407,5,50,122,0.41,8,27,0.296,42,95,0.442,23,26,0.885,20,50,33,12,2,31,37,131
92,2009,Kelly Miller,MIN,G,34,675,25,54,149,0.362,22,66,0.333,32,83,0.386,20,22,0.909,19,74,67,24,2,50,56,150
93,2009,DeLisha Milton-Jones,LAS,F,33,1043,33,129,322,0.401,24,82,0.293,105,240,0.438,56,74,0.757,51,157,71,41,8,74,84,338
94,2009,Leilani Mitchell,NYL,G,34,436,2,30,100,0.3,14,52,0.269,16,48,0.333,6,6,1.0,8,41,76,9,2,26,46,80
95,2009,Anna Montanana,MIN,F,16,169,1,14,36,0.389,5,15,0.333,9,21,0.429,2,2,1.0,15,26,19,9,0,12,17,35
96,2009,Renee Montgomery,MIN,G,34,764,9,102,250,0.408,42,121,0.347,60,129,0.465,60,72,0.833,15,66,72,25,9,66,37,306
97,2009,Jessica Moore,IND,F-C,31,613,9,57,121,0.471,0,1,0.0,57,120,0.475,34,46,0.739,40,96,14,19,6,32,85,148
98,2009,Loree Moore,NYL,G,34,941,32,78,233,0.335,26,100,0.26,52,133,0.391,33,48,0.688,19,125,133,66,2,78,55,215
99,2009,Bernice Mosby,WAS,F,24,169,0,17,47,0.362,0,1,0.0,17,46,0.37,12,14,0.857,15,37,3,8,1,16,29,46
100,2009,Shay Murphy,IND,G,24,186,0,34,89,0.382,11,32,0.344,23,57,0.404,21,26,0.808,23,42,10,6,2,9,30,100
101,2009,Chen Nan,CHI,C,26,320,5,46,95,0.484,0,0,,46,95,0.484,5,8,0.625,23,55,6,8,9,29,38,97
102,2009,Chelsea Newton,SAC,G,23,336,0,26,70,0.371,4,12,0.333,22,58,0.379,12,18,0.667,10,30,39,18,3,16,31,68
103,2009,Deanna Nolan,DET,G-F,33,1113,33,214,525,0.408,40,123,0.325,174,402,0.433,91,116,0.784,36,141,116,44,10,73,91,559
104,2009,Nicole Ohlde,PHO,F-C,21,311,0,38,71,0.535,0,0,,38,71,0.535,33,46,0.717,19,59,6,5,20,29,55,109
105,2009,Courtney Paris,SAC,C,33,442,6,68,132,0.515,0,1,0.0,68,131,0.519,24,33,0.727,56,134,22,11,10,20,48,160
106,2009,Candace Parker,LAS,F-C,25,815,24,131,270,0.485,5,24,0.208,126,246,0.512,61,80,0.763,60,244,64,15,53,55,53,328
107,2009,Ticha Penicheiro,SAC,G,30,724,28,45,139,0.324,1,9,0.111,44,130,0.338,57,70,0.814,12,81,155,30,4,64,45,148
108,2009,Jia Perkins,CHI,G,34,931,34,158,379,0.417,30,78,0.385,128,301,0.425,104,123,0.846,28,116,100,73,6,55,78,450
109,2009,Erin Perperoglou,SAS,F,34,579,9,31,96,0.323,7,22,0.318,24,74,0.324,23,34,0.676,22,75,31,24,11,35,57,92
110,2009,Erin Phillips,CON,G,32,740,18,86,225,0.382,34,116,0.293,52,109,0.477,52,64,0.813,30,103,66,43,3,43,52,258
111,2009,Plenette Pierson,DET,F,1,5,0,0,2,0.0,0,0,,0,2,0.0,0,0,,0,0,0,1,1,0,2,0
112,2009,Cappie Pondexter,PHO,G,34,1075,34,236,513,0.46,43,120,0.358,193,393,0.491,133,151,0.881,32,144,171,31,12,86,99,648
113,2009,Nicole Powell,SAC,F,34,1035,34,198,476,0.416,77,212,0.363,121,264,0.458,94,96,0.979,51,200,77,49,8,84,62,567
114,2009,LaToya Sanders,MIN,F-C,17,159,0,13,30,0.433,0,0,,13,30,0.433,11,15,0.733,14,37,8,3,14,14,22,37
115,2009,Allie Quigley,PHO,G,6,32,0,3,8,0.375,2,4,0.5,1,4,0.25,2,2,1.0,1,5,1,0,0,5,6,10
116,2009,Noelle Quinn,LAS,G,34,929,9,115,244,0.471,24,77,0.312,91,167,0.545,30,37,0.811,33,122,118,40,11,51,59,284
117,2009,Ruth Riley,SAS,C,31,650,17,68,147,0.463,4,18,0.222,64,129,0.496,23,26,0.885,35,140,28,14,45,35,90,163
118,2009,Ashley Robinson,SEA,C,26,167,2,5,25,0.2,0,1,0.0,5,24,0.208,2,4,0.5,5,24,2,2,13,10,31,12
119,2009,Nakia Sanford,WAS,C-F,34,663,13,77,164,0.47,0,0,,77,164,0.47,59,102,0.578,55,147,22,26,14,73,109,213
120,2009,Olayinka Sanni,DET,F-C,31,298,1,47,98,0.48,0,0,,47,98,0.48,25,36,0.694,27,57,16,11,5,30,56,119
121,2009,Kelly Schumacher,DET,C,1,10,0,0,0,,0,0,,0,0,,0,0,,0,0,0,0,1,0,2,0
122,2009,K.B. Sharp,CHI,G,27,325,0,23,57,0.404,6,17,0.353,17,40,0.425,18,19,0.947,3,20,25,8,2,23,15,70
123,2009,Brooke Smith,PHO,F-C,21,144,0,7,15,0.467,0,0,,7,15,0.467,7,8,0.875,11,35,3,2,3,7,30,21
124,2009,Katie Smith,DET,G,27,894,27,128,294,0.435,57,132,0.432,71,162,0.438,56,61,0.918,13,63,76,21,2,62,69,369
125,2009,Tangela Smith,PHO,C,34,920,34,137,304,0.451,42,93,0.452,95,211,0.45,20,23,0.87,35,183,27,34,57,37,107,336
126,2009,Belinda Snell,SAS,G,30,553,6,61,182,0.335,42,137,0.307,19,45,0.422,23,29,0.793,21,70,37,27,3,29,50,187
127,2009,Michelle Snow,ATL,C,34,503,2,67,140,0.479,0,2,0.0,67,138,0.486,51,67,0.761,40,145,17,15,17,39,73,185
128,2009,Sidney Spencer,NYL,G,33,340,0,34,88,0.386,22,57,0.386,12,31,0.387,9,9,1.0,7,38,15,6,1,9,24,99
129,2009,Tammy Sutton-Brown,IND,C,27,680,25,95,204,0.466,0,0,,95,204,0.466,76,102,0.745,44,158,23,15,40,49,76,266
130,2009,Ketia Swanier,PHO,G,33,388,0,33,88,0.375,11,33,0.333,22,55,0.4,16,18,0.889,7,53,54,15,3,46,34,93
131,2009,Diana Taurasi,PHO,G,31,976,31,200,434,0.461,79,194,0.407,121,240,0.504,152,170,0.894,18,178,109,36,43,82,95,631
132,2009,Penny Taylor,PHO,F,14,283,1,50,108,0.463,10,25,0.4,40,83,0.482,43,48,0.896,12,34,32,18,2,31,32,153
133,2009,Christi Thomas,MIN,F-C,11,66,0,1,21,0.048,0,7,0.0,1,14,0.071,1,2,0.5,5,15,3,3,5,6,15,3
134,2009,Tina Thompson,LAS,F,34,1182,34,152,395,0.385,52,141,0.369,100,254,0.394,85,98,0.867,46,199,78,26,24,94,71,441
135,2009,Erin Thorn,CHI,G,34,577,0,72,170,0.424,37,92,0.402,35,78,0.449,30,33,0.909,13,53,53,20,0,31,32,211
136,2009,Kristi Toliver,CHI,G,27,386,0,72,159,0.453,40,90,0.444,32,69,0.464,21,23,0.913,6,37,51,10,3,44,33,205
137,2009,Barbara Turner,CON,G-F,7,144,0,8,39,0.205,4,25,0.16,4,14,0.286,8,10,0.8,4,15,14,5,0,4,12,28
138,2009,Kia Vaughn,NYL,C,34,396,1,73,148,0.493,0,2,0.0,73,146,0.5,17,34,0.5,35,88,8,6,3,32,57,163
139,2009,Ashley Walker,SEA,F-C,13,90,0,7,28,0.25,1,6,0.167,6,22,0.273,8,10,0.8,6,23,4,2,2,7,20,23
140,2009,DeMya Walker,SAC,F,34,821,30,119,250,0.476,0,1,0.0,119,249,0.478,53,73,0.726,54,157,65,27,16,92,112,291
141,2009,Ann Wauters,SAS,C,17,463,16,92,168,0.548,1,6,0.167,91,162,0.562,35,52,0.673,29,95,19,13,6,44,39,220
142,2009,Lindsay Whalen,CON,G,34,1000,34,141,328,0.43,22,83,0.265,119,245,0.486,115,129,0.891,40,156,156,43,5,63,87,419
143,2009,Erica White,IND,G,2,18,0,1,6,0.167,0,3,0.0,1,3,0.333,0,0,,0,2,4,1,1,0,1,2
144,2009,Tan White,CON,G,30,659,15,97,247,0.393,49,130,0.377,48,117,0.41,42,50,0.84,21,82,66,35,9,37,73,285
145,2009,Tamika Whitmore,CON,F,24,376,1,37,127,0.291,7,23,0.304,30,104,0.288,24,33,0.727,21,52,25,9,3,20,34,105
146,2009,Khadijah Whittington,IND,F,3,25,0,6,10,0.6,0,0,,6,10,0.6,0,0,,2,5,2,0,0,0,2,12
147,2009,Candice Wiggins,MIN,G,34,1017,34,135,360,0.375,42,131,0.321,93,229,0.406,134,150,0.893,30,100,88,41,7,81,99,446
148,2009,Le'coe Willingham,PHO,F,34,713,34,136,255,0.533,1,8,0.125,135,247,0.547,67,79,0.848,64,143,35,22,9,46,91,340
149,2009,Lisa Willis,SAC,G,2,5,0,0,2,0.0,0,1,0.0,0,1,0.0,0,0,,0,0,0,0,0,1,1,0
150,2009,Christina Wirth,IND,F,21,121,0,8,29,0.276,5,14,0.357,3,15,0.2,1,1,1.0,3,15,13,3,1,3,12,22
151,2009,Lindsay Wisdom-Hylton,LAS,F,29,197,0,28,61,0.459,1,1,1.0,27,60,0.45,12,19,0.632,14,41,8,3,8,15,12,69
152,2009,Tanisha Wright,SEA,G,33,1072,33,150,324,0.463,8,30,0.267,142,294,0.483,96,106,0.906,44,117,129,50,10,85,119,404
153,2009,Brooke Wyckoff,CHI,F,27,531,23,28,74,0.378,20,51,0.392,8,23,0.348,7,8,0.875,17,73,38,10,20,29,61,83
154,2009,Sophia Young-Malcolm,SAS,F,33,1113,33,219,482,0.454,17,55,0.309,202,427,0.473,145,189,0.767,69,215,54,44,16,62,67,600
155,2009,Shavonte Zellous,DET,G,34,802,4,118,297,0.397,15,49,0.306,103,248,0.415,155,181,0.856,25,106,62,27,17,77,111,406
156,2009,Shanna Zolman,SAS,G,19,176,1,35,76,0.461,20,45,0.444,15,31,0.484,5,6,0.833,0,10,6,2,0,5,11,95
157,2009,Kristin Haynie,TOT,G,29,317,3,33,88,0.375,8,28,0.286,25,60,0.417,17,21,0.81,8,40,29,27,1,25,27,91
158,2009,Tasha Humphrey,TOT,C,28,407,4,62,166,0.373,22,71,0.31,40,95,0.421,24,31,0.774,13,72,11,13,9,20,69,170
159,2009,Crystal Kelly,TOT,F,34,367,4,33,79,0.418,0,1,0.0,33,78,0.423,63,75,0.84,26,53,12,11,3,33,56,129
160,2009,Katie Mattera,TOT,C,15,102,0,16,25,0.64,0,0,,16,25,0.64,8,15,0.533,9,28,1,1,9,19,22,40
161,2009,Armintie Herrington,TOT,G,33,421,0,32,84,0.381,0,0,,32,84,0.381,29,50,0.58,32,75,30,15,3,27,44,93
162,2009,Nikki Teasley,TOT,G,21,456,17,27,69,0.391,17,47,0.362,10,22,0.455,10,12,0.833,3,31,59,15,5,28,44,81
163,2009,Tamera Young,TOT,F,21,201,6,25,73,0.342,3,13,0.231,22,60,0.367,27,35,0.771,16,44,12,13,5,20,27,80
0,2010,Svetlana Abrosimova,SEA,F,34,686,1,97,234,0.415,38,101,0.376,59,133,0.444,25,44,0.568,24,104,69,40,3,61,72,257
1,2010,Jessica Adair,MIN,C,1,14,0,1,1,1.0,0,0,,1,1,1.0,3,4,0.75,4,8,0,0,0,0,4,5
2,2010,Matee Ajavon,WAS,G,34,497,0,66,191,0.346,9,49,0.184,57,142,0.401,58,75,0.773,16,53,47,38,2,52,60,199
3,2010,Nicky Anosike,MIN,F-C,31,928,30,83,223,0.372,0,0,,83,223,0.372,119,154,0.773,82,212,60,62,32,66,93,285
4,2010,Jayne Appel-Marinelli,SAS,C,28,306,0,38,71,0.535,1,3,0.333,37,68,0.544,19,34,0.559,21,71,13,7,5,19,40,96
5,2010,Seimone Augustus,MIN,G-F,25,832,25,176,410,0.429,36,107,0.336,140,303,0.462,34,51,0.667,9,81,47,17,7,35,33,422
6,2010,Alison Bales,ATL,C,34,529,3,42,97,0.433,5,12,0.417,37,85,0.435,43,54,0.796,32,128,28,24,39,23,61,132
7,2010,Mistie Bass,CHI,F,34,642,20,68,129,0.527,0,2,0.0,68,127,0.535,30,48,0.625,54,131,36,19,15,39,49,166
8,2010,Ashley Battle,SAS,F,5,35,0,4,12,0.333,0,5,0.0,4,7,0.571,0,0,,4,9,1,0,0,3,5,8
9,2010,Tully Bevilaqua,IND,G,34,659,27,46,120,0.383,26,77,0.338,20,43,0.465,14,24,0.583,18,73,54,48,4,40,64,132
10,2010,Sue Bird,SEA,G,33,1005,33,135,311,0.434,59,148,0.399,76,163,0.466,36,42,0.857,7,88,190,50,5,60,45,365
11,2010,Abby Bishop,SEA,F,16,109,0,16,45,0.356,6,24,0.25,10,21,0.476,6,11,0.545,11,20,4,2,1,12,26,44
12,2010,Chante Black,TUL,C,34,712,23,80,149,0.537,0,0,,80,149,0.537,17,49,0.347,85,222,22,18,54,43,72,177
13,2010,Nikki Blue,NYL,G,15,77,0,6,21,0.286,1,6,0.167,5,15,0.333,5,7,0.714,1,6,13,4,0,9,12,18
14,2010,DeWanna Bonner,PHO,F-G,32,813,4,132,284,0.465,19,53,0.358,113,231,0.489,100,119,0.84,67,196,40,22,37,41,58,383
15,2010,Kiesha Brown,TUL,G,27,481,8,56,144,0.389,18,46,0.391,38,98,0.388,23,28,0.821,9,53,64,15,0,40,37,153
16,2010,Rebekkah Brunson,MIN,F,30,915,30,117,273,0.429,0,1,0.0,117,272,0.43,106,160,0.663,120,310,23,36,29,49,91,340
17,2010,Dominique Canty,CHI,G,34,884,34,105,244,0.43,2,11,0.182,103,233,0.442,95,137,0.693,34,87,115,33,7,76,89,307
18,2010,Essence Carson,NYL,G,34,325,0,50,123,0.407,4,25,0.16,46,98,0.469,22,32,0.688,14,54,25,14,8,26,23,126
19,2010,Swin Cash,SEA,F,34,1046,34,161,370,0.435,35,86,0.407,126,284,0.444,113,140,0.807,65,203,68,19,17,98,106,470
20,2010,Iziane Castro Marques,ATL,F-G,34,984,34,220,496,0.444,46,156,0.295,174,340,0.512,89,135,0.659,14,59,89,28,2,95,73,575
21,2010,Tamika Catchings,IND,F,34,1068,34,207,428,0.484,47,105,0.448,160,323,0.495,157,185,0.849,57,242,135,77,30,93,93,618
22,2010,Tina Charles,CON,C,34,1054,34,206,423,0.487,0,1,0.0,206,422,0.488,116,152,0.763,129,398,51,25,57,71,72,528
23,2010,Joy Cheek,IND,F,7,34,0,5,12,0.417,1,3,0.333,4,9,0.444,4,4,1.0,0,3,1,0,0,5,7,15
24,2010,Shameka Christon,CHI,G,10,213,9,28,78,0.359,14,35,0.4,14,43,0.326,15,16,0.938,3,24,24,3,2,9,23,85
25,2010,Marissa Coleman,WAS,G-F,34,663,1,75,189,0.397,41,102,0.402,34,87,0.391,31,41,0.756,25,112,50,29,12,42,67,222
26,2010,Monique Currie,WAS,F,34,891,34,146,335,0.436,37,83,0.446,109,252,0.433,150,171,0.877,43,163,55,49,14,89,120,479
27,2010,Helen Darling,SAS,G,33,391,1,18,60,0.3,6,22,0.273,12,38,0.316,22,34,0.647,11,34,47,20,1,32,51,64
28,2010,Jessica Davenport,IND,C,33,469,0,96,168,0.571,1,7,0.143,95,161,0.59,50,69,0.725,27,93,15,14,27,40,65,243
29,2010,Erika de Souza,ATL,F-C,34,872,34,190,333,0.571,0,0,,190,333,0.571,41,75,0.547,96,283,30,27,40,62,109,421
30,2010,Scholanda Dorrell,TUL,G,34,836,33,145,361,0.402,23,76,0.303,122,285,0.428,92,130,0.708,29,80,57,53,12,86,93,405
31,2010,Katie Douglas,IND,G-F,34,1014,34,170,379,0.449,68,174,0.391,102,205,0.498,59,71,0.831,26,117,111,46,13,67,55,467
32,2010,Candice Dupree,PHO,F,34,1014,34,231,348,0.664,0,1,0.0,231,347,0.666,73,78,0.936,75,257,45,35,28,65,84,535
33,2010,Marie Ferdinand-Harris,LAS,G,30,728,24,101,247,0.409,14,48,0.292,87,199,0.437,52,62,0.839,19,80,37,26,5,33,64,268
34,2010,Sylvia Fowles,CHI,C,34,1087,34,228,392,0.582,1,1,1.0,227,391,0.581,149,196,0.76,74,338,51,39,88,82,75,606
35,2010,Megan Frazee,SAS,F,10,101,0,12,32,0.375,1,9,0.111,11,23,0.478,13,19,0.684,7,21,1,0,0,6,10,38
36,2010,Kerri Gardin,CON,F,25,206,0,10,37,0.27,1,11,0.091,9,26,0.346,8,12,0.667,11,29,16,9,3,9,16,29
37,2010,Kalana Greene,NYL,G,33,519,0,64,138,0.464,7,21,0.333,57,117,0.487,15,24,0.625,14,54,31,13,7,36,50,150
38,2010,Kelsey Griffin,CON,F,34,679,19,48,137,0.35,13,48,0.271,35,89,0.393,41,53,0.774,43,160,36,23,17,43,64,150
39,2010,Sandrine Gruda,CON,F-C,28,636,6,111,226,0.491,2,11,0.182,109,215,0.507,98,129,0.76,52,125,33,19,21,45,51,322
40,2010,Becky Hammon,SAS,G,32,1075,32,159,360,0.442,69,177,0.39,90,183,0.492,97,101,0.96,16,93,172,36,8,108,61,484
41,2010,Lindsey Harding,WAS,G,34,1130,34,157,353,0.445,15,52,0.288,142,301,0.472,82,107,0.766,17,103,137,47,6,94,67,411
42,2010,Allison Hightower,CON,G,20,207,1,19,60,0.317,3,18,0.167,16,42,0.381,13,16,0.813,10,25,9,14,2,10,23,54
43,2010,Roneeka Hodges,SAS,G,34,859,19,94,263,0.357,49,159,0.308,45,104,0.433,25,33,0.758,23,108,46,15,10,40,40,262
44,2010,Ebony Hoffman,IND,F,34,815,33,106,267,0.397,26,82,0.317,80,185,0.432,34,40,0.85,44,144,43,40,13,53,91,272
45,2010,Chamique Holdsclaw,SAS,F,29,840,29,162,328,0.494,11,31,0.355,151,297,0.508,58,72,0.806,51,155,58,43,10,65,61,393
46,2010,Quanitra Hollingsworth,MIN,C,25,182,0,14,37,0.378,0,0,,14,37,0.378,15,25,0.6,13,44,4,5,1,21,38,43
47,2010,Sequoia Holmes,PHO,G,15,119,0,8,39,0.205,0,11,0.0,8,28,0.286,11,15,0.733,8,20,6,6,0,10,16,27
48,2010,Amber Holt,TUL,F,33,697,9,98,240,0.408,27,86,0.314,71,154,0.461,65,81,0.802,28,101,59,30,7,37,51,288
49,2010,Charde Houston,MIN,F,34,758,8,153,368,0.416,46,126,0.365,107,242,0.442,50,71,0.704,32,138,46,43,20,68,70,402
50,2010,Ashley Houts,WAS,G,20,110,0,6,16,0.375,3,12,0.25,3,4,0.75,2,2,1.0,4,13,9,6,0,7,9,17
51,2010,Sandora Irvin,CHI,F,18,137,1,14,30,0.467,1,7,0.143,13,23,0.565,6,9,0.667,11,26,3,2,6,10,28,35
52,2010,Lauren Jackson,SEA,F-C,32,993,32,220,476,0.462,54,156,0.346,166,320,0.519,162,178,0.91,89,264,38,30,38,46,91,656
53,2010,Briann January,IND,G,30,657,7,65,175,0.371,21,59,0.356,44,116,0.379,71,86,0.826,20,59,94,37,4,68,75,222
54,2010,Anete Jekabsone-Zogota,CON,G,19,352,14,51,131,0.389,27,77,0.351,24,54,0.444,15,15,1.0,4,40,33,9,5,23,42,144
55,2010,Temeka Johnson,PHO,G,34,928,34,122,297,0.411,30,97,0.309,92,200,0.46,39,49,0.796,19,108,160,32,7,69,84,313
56,2010,Asjha Jones,CON,F,30,774,29,139,310,0.448,6,20,0.3,133,290,0.459,39,46,0.848,48,147,66,13,13,54,66,323
57,2010,Marion Jones,TUL,G,33,311,1,42,80,0.525,2,8,0.25,40,72,0.556,25,42,0.595,29,53,19,18,7,23,33,111
58,2010,Crystal Kelly,SAS,F,26,242,0,22,50,0.44,1,1,1.0,21,49,0.429,34,46,0.739,13,30,7,7,1,23,34,79
59,2010,Cathrine Kraayeveld,CHI,F,34,722,14,63,180,0.35,31,98,0.316,32,82,0.39,21,24,0.875,24,93,43,21,19,48,48,178
60,2010,Alison Lacey,SEA,G,21,144,0,4,35,0.114,3,27,0.111,1,8,0.125,5,5,1.0,3,16,10,6,1,8,19,16
61,2010,Jennifer Lacy,TUL,F,24,402,3,54,141,0.383,17,44,0.386,37,97,0.381,42,56,0.75,26,72,19,19,7,34,56,167
62,2010,Natasha Lacy,TUL,G,16,293,3,38,80,0.475,3,12,0.25,35,68,0.515,22,37,0.595,5,37,56,23,3,38,30,101
63,2010,Crystal Langhorne,WAS,F-C,34,1158,34,221,375,0.589,1,6,0.167,220,369,0.596,112,145,0.772,98,330,39,30,7,90,74,555
64,2010,Ivory Latta,TUL,G,18,517,16,78,185,0.422,30,81,0.37,48,104,0.462,38,49,0.776,7,26,71,18,2,39,32,224
65,2010,Edwige Lawson-Wade,SAS,G,33,724,19,67,181,0.37,43,127,0.339,24,54,0.444,39,43,0.907,17,64,94,35,2,45,71,216
66,2010,Kara Lawson,CON,G,34,854,32,101,247,0.409,46,128,0.359,55,119,0.462,34,38,0.895,8,87,118,14,0,48,49,282
67,2010,Shalee Lehning,ATL,G,33,775,33,48,106,0.453,13,36,0.361,35,70,0.5,14,30,0.467,28,89,159,25,6,61,68,123
68,2010,Betty Lennox,LAS,G,11,128,0,18,46,0.391,13,36,0.361,5,10,0.5,5,6,0.833,4,19,17,2,0,7,24,54
69,2010,Yelena Leuchanka,ATL,C,32,339,0,50,105,0.476,1,5,0.2,49,100,0.49,32,43,0.744,29,83,12,16,8,46,55,133
70,2010,Taylor Lilley,PHO,G,21,227,1,23,58,0.397,14,43,0.326,9,15,0.6,10,11,0.909,3,18,15,11,1,16,18,70
71,2010,Camille Smith,SEA,F,34,838,34,128,256,0.5,8,23,0.348,120,233,0.515,81,114,0.711,72,176,48,55,21,60,106,345
72,2010,Sancho Lyttle,ATL,F,32,930,31,162,335,0.484,0,0,,162,335,0.484,87,120,0.725,102,316,70,55,20,63,96,411
73,2010,Hamchetou Maiga-Ba,MIN,F,34,467,9,43,112,0.384,0,1,0.0,43,111,0.387,22,33,0.667,35,78,31,13,5,36,54,108
74,2010,Kristen Mann,MIN,F,5,15,0,1,6,0.167,1,4,0.25,0,2,0.0,0,0,,0,0,0,0,0,0,0,3
75,2010,Gabriela Marginean,MIN,F,4,12,0,1,5,0.2,0,0,,1,5,0.2,0,0,,3,4,1,1,1,1,2,2
76,2010,Nuria Martinez,MIN,G,15,128,0,6,33,0.182,3,20,0.15,3,13,0.231,12,18,0.667,0,11,11,5,0,12,22,27
77,2010,Janel McCarville,NYL,F-C,34,967,34,127,275,0.462,3,11,0.273,124,264,0.47,41,50,0.82,66,200,74,46,23,86,88,298
78,2010,Angel McCoughtry,ATL,F-G,34,1044,34,246,603,0.408,33,126,0.262,213,477,0.447,191,238,0.803,63,167,105,66,21,108,107,716
79,2010,Taj McWilliams-Franklin,NYL,F-C,34,994,34,140,274,0.511,6,23,0.261,134,251,0.534,76,92,0.826,74,184,69,47,30,52,101,362
80,2010,Chasity Melvin,WAS,C-F,34,659,12,75,173,0.434,0,0,,75,173,0.434,27,42,0.643,70,159,23,24,17,41,71,177
81,2010,Coco Miller,ATL,G,27,198,0,34,85,0.4,5,26,0.192,29,59,0.492,12,14,0.857,6,15,22,5,0,20,28,85
82,2010,Kelly Miller,ATL,G,30,493,1,31,107,0.29,23,70,0.329,8,37,0.216,22,25,0.88,12,56,79,23,2,37,49,107
83,2010,DeLisha Milton-Jones,LAS,F,34,1096,34,193,411,0.47,26,82,0.317,167,329,0.508,110,127,0.866,34,161,86,37,22,96,107,522
84,2010,Leilani Mitchell,NYL,G,34,978,34,105,238,0.441,72,148,0.486,33,90,0.367,35,43,0.814,25,88,130,55,6,51,79,317
85,2010,Chanel Mokango,LAS,F,21,72,0,3,17,0.176,0,2,0.0,3,15,0.2,3,4,0.75,4,13,1,2,10,5,11,9
86,2010,Jacinta Monroe,WAS,F,17,117,0,15,31,0.484,0,1,0.0,15,30,0.5,6,12,0.5,4,16,3,5,8,6,20,36
87,2010,Renee Montgomery,CON,G,34,940,23,158,394,0.401,66,189,0.349,92,205,0.449,71,83,0.855,14,74,138,47,3,78,67,453
88,2010,Jessica Moore,IND,F-C,33,431,0,38,89,0.427,0,1,0.0,38,88,0.432,25,30,0.833,29,69,14,6,4,30,60,101
89,2010,Jene Morris,IND,G,25,196,0,28,66,0.424,14,38,0.368,14,28,0.5,2,3,0.667,3,14,12,8,2,17,28,72
90,2010,Abi Olajuwon,CHI,C,6,30,0,3,6,0.5,0,0,,3,6,0.5,0,0,,3,4,0,1,0,2,3,6
91,2010,Candace Parker,LAS,F-C,10,335,10,81,162,0.5,3,12,0.25,78,150,0.52,41,56,0.732,19,101,22,10,22,32,18,206
92,2010,Ticha Penicheiro,LAS,G,32,843,30,48,117,0.41,1,9,0.111,47,108,0.435,59,72,0.819,17,127,220,43,2,72,57,156
93,2010,Jia Perkins,CHI,G,34,936,34,145,366,0.396,38,109,0.349,107,257,0.416,35,43,0.814,35,98,83,56,6,40,61,363
94,2010,Cappie Pondexter,NYL,G,34,1167,34,254,526,0.483,64,149,0.43,190,377,0.504,157,176,0.892,21,153,165,30,4,81,88,729
95,2010,Nicole Powell,NYL,F,34,895,34,112,288,0.389,66,167,0.395,46,121,0.38,26,31,0.839,33,143,76,34,7,48,67,316
96,2010,Armintie Herrington,ATL,G,34,561,0,53,137,0.387,0,4,0.0,53,133,0.398,60,101,0.594,42,102,62,30,2,36,51,166
97,2010,Epiphanny Prince,CHI,G,34,665,2,117,274,0.427,24,71,0.338,93,203,0.458,76,97,0.784,14,68,92,55,5,60,67,334
98,2010,Noelle Quinn,LAS,G,34,1104,34,137,309,0.443,35,87,0.402,102,222,0.459,38,49,0.776,26,135,96,35,11,47,55,347
99,2010,Brittainey Raven,ATL,G,23,125,0,11,45,0.244,5,18,0.278,6,27,0.222,7,8,0.875,12,21,10,5,1,9,12,34
100,2010,Andrea Riley,LAS,G,29,224,0,27,89,0.303,15,51,0.294,12,38,0.316,31,37,0.838,5,22,29,14,1,24,23,100
101,2010,Ruth Riley,SAS,C,20,261,2,29,54,0.537,1,5,0.2,28,49,0.571,16,20,0.8,6,45,19,5,13,19,39,75
102,2010,Ashley Robinson,SEA,C,30,245,0,19,46,0.413,0,0,,19,46,0.413,3,9,0.333,16,57,15,4,21,17,40,41
103,2010,Nakia Sanford,WAS,C-F,34,608,22,76,159,0.478,0,0,,76,159,0.478,53,76,0.697,51,143,25,25,8,68,100,205
104,2010,Brooke Smith,PHO,F-C,16,131,0,17,23,0.739,0,0,,17,23,0.739,6,7,0.857,6,29,4,1,4,3,16,40
105,2010,Katie Smith,WAS,G,33,1016,33,109,276,0.395,54,149,0.362,55,127,0.433,42,55,0.764,13,70,85,24,5,53,94,314
106,2010,Tangela Smith,PHO,C,34,992,34,118,299,0.395,51,147,0.347,67,152,0.441,27,36,0.75,33,177,30,23,29,37,116,314
107,2010,Belinda Snell,SAS,G,2,38,1,3,9,0.333,1,5,0.2,2,4,0.5,2,2,1.0,1,4,5,0,0,2,0,9
108,2010,Michelle Snow,SAS,C,34,821,33,144,251,0.574,0,1,0.0,144,250,0.576,64,89,0.719,52,210,55,33,25,56,71,352
109,2010,Sidney Spencer,NYL,G,20,168,0,22,43,0.512,8,15,0.533,14,28,0.5,0,0,,2,16,6,6,0,8,12,52
110,2010,Tiffany Stansbury,LAS,F-C,5,14,0,1,3,0.333,0,0,,1,3,0.333,1,2,0.5,0,0,0,1,0,2,1,3
111,2010,Tammy Sutton-Brown,IND,C,34,875,34,103,229,0.45,0,1,0.0,103,228,0.452,70,99,0.707,69,174,29,33,55,55,90,276
112,2010,Ketia Swanier,PHO,G,32,322,0,36,92,0.391,12,31,0.387,24,61,0.393,11,21,0.524,5,38,53,11,1,41,21,95
113,2010,Diana Taurasi,PHO,G,31,998,31,212,497,0.427,80,214,0.374,132,283,0.466,198,217,0.912,12,132,146,38,19,110,110,702
114,2010,Penny Taylor,PHO,F,32,959,32,173,340,0.509,46,104,0.442,127,236,0.538,117,131,0.893,32,141,161,47,9,76,88,509
115,2010,Christi Thomas,CHI,F-C,15,127,0,8,20,0.4,0,1,0.0,8,19,0.421,3,6,0.5,6,26,2,1,3,7,35,19
116,2010,Amanda Thompson,TUL,F,7,49,0,2,14,0.143,0,0,,2,14,0.143,7,10,0.7,2,11,3,3,0,4,8,11
117,2010,Tina Thompson,LAS,F,33,1095,33,198,444,0.446,57,162,0.352,141,282,0.5,95,109,0.872,63,206,60,38,24,77,98,548
118,2010,Erin Thorn,CHI,G,34,683,0,70,170,0.412,42,100,0.42,28,70,0.4,32,36,0.889,12,64,73,20,2,45,39,214
119,2010,Kristi Toliver,LAS,G,34,703,4,105,240,0.438,37,106,0.349,68,134,0.507,44,54,0.815,23,75,44,18,2,50,63,291
120,2010,Kia Vaughn,NYL,C,30,243,0,24,69,0.348,1,1,1.0,23,68,0.338,13,20,0.65,15,42,10,6,6,18,44,62
121,2010,Jana Vesela,SEA,F,29,330,0,35,64,0.547,6,15,0.4,29,49,0.592,16,20,0.8,16,58,18,18,7,26,28,92
122,2010,Ashley Walker,TUL,F-C,2,9,0,0,3,0.0,0,1,0.0,0,2,0.0,0,0,,0,0,0,2,0,2,3,0
123,2010,DeMya Walker,CON,F,31,341,2,44,105,0.419,0,3,0.0,44,102,0.431,38,46,0.826,30,64,25,14,5,40,64,126
124,2010,Lindsay Whalen,MIN,G,33,1110,33,134,327,0.41,15,66,0.227,119,261,0.456,133,148,0.899,31,131,184,46,5,76,85,416
125,2010,Tan White,CON,G,34,857,10,121,288,0.42,49,134,0.366,72,154,0.468,52,65,0.8,8,91,79,54,4,53,92,343
126,2010,Candice Wiggins,MIN,G,8,238,7,30,74,0.405,21,46,0.457,9,28,0.321,29,30,0.967,7,22,17,14,0,19,21,110
127,2010,Le'coe Willingham,SEA,F,33,515,2,70,130,0.538,14,31,0.452,56,99,0.566,28,42,0.667,64,136,22,16,5,30,61,182
128,2010,Lindsay Wisdom-Hylton,LAS,F,32,482,1,60,120,0.5,0,2,0.0,60,118,0.508,24,34,0.706,46,109,14,18,24,22,50,144
129,2010,Monica Wright,MIN,G,34,866,24,139,376,0.37,32,94,0.34,107,282,0.379,68,83,0.819,29,97,50,34,7,67,101,378
130,2010,Tanisha Wright,SEA,G,34,988,34,107,261,0.41,23,56,0.411,84,205,0.41,76,90,0.844,27,112,154,41,9,71,110,313
131,2010,Sophia Young-Malcolm,SAS,F,34,1082,34,216,431,0.501,10,38,0.263,206,393,0.524,79,120,0.658,44,178,81,54,9,70,89,521
132,2010,Tamera Young,CHI,F,32,595,22,76,210,0.362,13,47,0.277,63,163,0.387,52,76,0.684,33,98,50,25,7,49,64,217
133,2010,Shanna Zolman,TUL,G,30,639,16,105,260,0.404,57,135,0.422,48,125,0.384,24,30,0.8,9,42,48,26,2,49,38,291
134,2010,Kara Braxton,TOT,C-F,35,593,16,146,283,0.516,1,4,0.25,145,279,0.52,55,81,0.679,55,163,45,33,22,93,91,348
135,2010,Alexis Hornbuckle,TOT,G,28,510,10,44,129,0.341,14,49,0.286,30,80,0.375,24,30,0.8,21,72,57,41,13,39,71,126
136,2010,Tiffany Jackson-Jones,TOT,F,34,717,17,79,200,0.395,1,1,1.0,78,199,0.392,70,89,0.787,54,172,38,40,9,60,63,229
137,2010,Rashanda McCants,TOT,F,23,374,8,47,124,0.379,16,55,0.291,31,69,0.449,20,34,0.588,25,53,25,15,5,20,52,130
138,2010,Shay Murphy,TOT,G,26,376,1,45,139,0.324,13,47,0.277,32,92,0.348,30,49,0.612,27,81,32,17,2,29,38,133
139,2010,Nicole Ohlde,TOT,F-C,32,523,9,62,140,0.443,0,0,,62,140,0.443,31,45,0.689,22,83,27,11,17,41,67,155
140,2010,Plenette Pierson,TOT,F,33,544,1,125,261,0.479,4,11,0.364,121,250,0.484,67,81,0.827,31,114,38,27,11,59,84,321
141,2010,Allie Quigley,TOT,G,7,43,0,6,12,0.5,2,4,0.5,4,8,0.5,6,8,0.75,0,2,1,2,1,3,4,20
142,2010,Shavonte Zellous,TOT,G,31,485,1,52,161,0.323,8,35,0.229,44,126,0.349,64,85,0.753,15,59,45,14,16,35,62,176
0,2011,Jessica Adair,MIN,C,31,321,1,50,103,0.485,0,0,,50,103,0.485,32,49,0.653,43,90,10,8,18,27,51,132
1,2011,Danielle Adams,SAS,F-C,23,480,0,99,230,0.43,35,100,0.35,64,130,0.492,53,71,0.746,35,98,13,12,15,27,60,286
2,2011,Matee Ajavon,WAS,G,34,1065,33,174,445,0.391,37,134,0.276,137,311,0.441,116,140,0.829,30,80,105,57,9,105,109,501
3,2011,Nicky Anosike,WAS,F-C,34,924,29,75,216,0.347,0,1,0.0,75,215,0.349,89,121,0.736,83,245,47,49,28,59,87,239
4,2011,Jayne Appel-Marinelli,SAS,C,31,452,0,42,89,0.472,1,3,0.333,41,86,0.477,14,25,0.56,40,142,25,17,20,23,68,99
5,2011,Seimone Augustus,MIN,G-F,34,997,34,231,458,0.504,25,60,0.417,206,398,0.518,64,74,0.865,19,120,75,30,15,45,41,551
6,2011,Miranda Ayim,TUL,F,3,42,0,4,9,0.444,0,0,,4,9,0.444,0,2,0.0,4,7,2,2,1,4,7,8
7,2011,Alison Bales,ATL,C,34,687,15,70,144,0.486,6,17,0.353,64,127,0.504,24,32,0.75,35,160,42,15,53,16,56,170
8,2011,Tully Bevilaqua,SAS,G,34,494,25,37,82,0.451,12,42,0.286,25,40,0.625,13,18,0.722,10,48,55,24,2,25,31,99
9,2011,Sue Bird,SEA,G,34,1123,34,183,408,0.449,71,166,0.428,112,242,0.463,63,72,0.875,14,99,165,48,6,80,43,500
10,2011,Angie Bjorklund,CHI,F,7,43,0,2,11,0.182,1,5,0.2,1,6,0.167,3,3,1.0,0,2,2,1,0,2,8,8
11,2011,Shannon Bobbitt,IND,G,31,439,3,41,115,0.357,17,44,0.386,24,71,0.338,23,30,0.767,12,41,54,30,0,37,33,122
12,2011,DeWanna Bonner,PHO,F-G,34,857,5,120,279,0.43,35,102,0.343,85,177,0.48,90,99,0.909,62,238,27,34,36,34,61,365
13,2011,Rebekkah Brunson,MIN,F,34,938,34,137,268,0.511,0,0,,137,268,0.511,74,111,0.667,96,301,40,28,18,51,72,348
14,2011,Liz Cambage,TUL,C,33,659,11,134,262,0.511,0,5,0.0,134,257,0.521,112,141,0.794,54,156,17,28,29,79,95,380
15,2011,Dominique Canty,CHI,G,22,331,8,35,110,0.318,1,7,0.143,34,103,0.33,19,33,0.576,8,27,45,10,2,32,37,90
16,2011,Essence Carson,NYL,G,32,725,5,139,318,0.437,24,62,0.387,115,256,0.449,59,80,0.738,31,90,53,38,20,46,60,361
17,2011,Swin Cash,SEA,F,34,1128,34,151,381,0.396,35,123,0.285,116,258,0.45,115,136,0.846,52,234,81,32,21,94,100,452
18,2011,Iziane Castro Marques,ATL,F-G,34,672,14,99,275,0.36,17,80,0.213,82,195,0.421,44,71,0.62,15,58,57,13,4,54,38,259
19,2011,Tamika Catchings,IND,F,33,1040,33,168,384,0.438,32,92,0.348,136,292,0.466,143,162,0.883,63,233,115,67,30,73,69,511
20,2011,Tina Charles,CON,C,34,1136,34,254,543,0.468,0,3,0.0,254,540,0.47,92,134,0.687,126,374,63,26,60,75,89,600
21,2011,Joy Cheek,WAS,F,3,16,0,1,4,0.25,0,1,0.0,1,3,0.333,1,1,1.0,0,3,0,0,1,2,2,3
22,2011,Felicia Chester,NYL,F,4,27,0,1,3,0.333,0,0,,1,3,0.333,0,2,0.0,4,8,0,1,0,0,4,2
23,2011,Marissa Coleman,WAS,G-F,34,918,28,107,278,0.385,53,144,0.368,54,134,0.403,25,37,0.676,46,164,47,24,14,54,80,292
24,2011,Sydney Colson,NYL,G,16,86,0,7,20,0.35,3,7,0.429,4,13,0.308,5,6,0.833,0,6,10,4,2,17,9,22
25,2011,Monique Currie,WAS,F,4,77,1,15,35,0.429,1,8,0.125,14,27,0.519,16,16,1.0,7,17,4,7,0,10,11,47
26,2011,Jessica Davenport,IND,C,34,717,8,145,274,0.529,0,3,0.0,145,271,0.535,73,104,0.702,50,163,17,27,45,55,77,363
27,2011,Erika de Souza,ATL,F-C,32,877,32,171,343,0.499,0,1,0.0,171,342,0.5,36,55,0.655,83,240,31,38,43,57,94,378
28,2011,Scholanda Dorrell,SAS,G,32,518,22,52,155,0.335,18,53,0.34,34,102,0.333,31,44,0.705,9,49,12,23,7,19,51,153
29,2011,Katie Douglas,IND,G-F,32,940,32,166,357,0.465,66,150,0.44,100,207,0.483,47,70,0.671,31,126,91,41,8,65,48,445
30,2011,Victoria Dunlap,WAS,F,26,219,3,25,57,0.439,1,2,0.5,24,55,0.436,8,17,0.471,17,43,11,18,5,15,19,59
31,2011,Candice Dupree,PHO,F,34,1075,34,198,361,0.548,1,6,0.167,197,355,0.555,98,115,0.852,86,279,61,19,25,67,74,495
32,2011,Shyra Ely-Gash,IND,F,33,355,0,39,109,0.358,5,24,0.208,34,85,0.4,20,29,0.69,19,73,9,6,6,25,46,103
33,2011,Marie Ferdinand-Harris,PHO,G,34,593,2,87,260,0.335,18,54,0.333,69,206,0.335,38,39,0.974,14,51,39,19,7,43,61,230
34,2011,Sylvia Fowles,CHI,C,34,1175,34,263,445,0.591,0,0,,263,445,0.591,154,201,0.766,100,347,22,41,68,96,85,680
35,2011,Kerri Gardin,WAS,F,28,391,5,14,59,0.237,0,8,0.0,14,51,0.275,15,29,0.517,22,75,27,24,13,26,39,43
36,2011,Alexis Gray-Lawson,PHO,G,27,308,0,33,83,0.398,15,43,0.349,18,40,0.45,23,28,0.821,5,20,35,6,0,21,30,104
37,2011,Kalana Greene,CON,G,33,781,33,70,166,0.422,18,46,0.391,52,120,0.433,27,45,0.6,26,125,49,30,12,29,55,185
38,2011,Kelsey Griffin,CON,F,34,441,2,41,115,0.357,4,24,0.167,37,91,0.407,38,52,0.731,45,104,18,25,10,13,42,124
39,2011,Becky Hammon,SAS,G,33,1050,33,176,400,0.44,75,193,0.389,101,207,0.488,99,111,0.892,5,96,192,49,7,119,51,526
40,2011,Lindsey Harding,ATL,G,34,1037,33,141,310,0.455,10,33,0.303,131,277,0.473,66,90,0.733,17,109,162,34,6,81,60,358
41,2011,Amber Harris,MIN,F,27,278,0,33,83,0.398,0,0,,33,83,0.398,23,31,0.742,24,60,11,3,11,13,33,89
42,2011,Allison Hightower,CON,G,25,231,2,19,56,0.339,4,18,0.222,15,38,0.395,9,12,0.75,4,16,13,11,1,7,22,51
43,2011,Doneeka Lewis,TUL,G,5,101,2,12,43,0.279,7,26,0.269,5,17,0.294,0,0,,3,11,14,4,1,13,7,31
44,2011,Roneeka Hodges,SAS,G,28,273,5,36,89,0.404,32,80,0.4,4,9,0.444,5,5,1.0,3,35,14,5,2,4,10,109
45,2011,Ebony Hoffman,LAS,F,34,752,16,97,222,0.437,24,56,0.429,73,166,0.44,38,45,0.844,44,142,37,36,9,51,77,256
46,2011,Quanitra Hollingsworth,NYL,C,31,524,1,54,103,0.524,0,0,,54,103,0.524,36,53,0.679,54,137,10,16,10,44,79,144
47,2011,Amber Holt,TUL,F,26,666,24,61,202,0.302,15,70,0.214,46,132,0.348,38,42,0.905,28,80,62,18,3,34,57,175
48,2011,Alexis Hornbuckle,MIN,G,29,208,0,12,32,0.375,5,17,0.294,7,15,0.467,2,4,0.5,6,33,16,10,3,21,30,31
49,2011,Charde Houston,MIN,F,27,210,0,31,85,0.365,6,23,0.261,25,62,0.403,9,12,0.75,10,47,14,9,2,21,34,77
50,2011,Ify Ibekwe,SEA,F,3,8,0,0,2,0.0,0,0,,0,2,0.0,0,0,,0,3,0,0,0,1,0,0
51,2011,Sandora Irvin,ATL,F,30,248,1,20,59,0.339,0,5,0.0,20,54,0.37,14,20,0.7,32,76,14,6,15,16,48,54
52,2011,Lauren Jackson,SEA,F-C,13,322,13,53,134,0.396,14,45,0.311,39,89,0.438,38,43,0.884,11,64,4,13,11,17,33,158
53,2011,Tiffany Jackson-Jones,TUL,F,34,1152,32,151,331,0.456,0,1,0.0,151,330,0.458,121,156,0.776,100,286,68,40,21,95,94,423
54,2011,Briann January,IND,G,10,286,10,25,70,0.357,7,22,0.318,18,48,0.375,29,35,0.829,5,14,50,15,0,33,33,86
55,2011,Temeka Johnson,PHO,G,30,717,30,74,170,0.435,25,65,0.385,49,105,0.467,19,22,0.864,9,60,132,24,5,57,53,192
56,2011,Asjha Jones,CON,F,34,971,34,198,446,0.444,3,10,0.3,195,436,0.447,54,76,0.711,64,217,64,21,16,64,102,453
57,2011,Marion Jones,TUL,G,14,91,0,4,21,0.19,0,4,0.0,4,17,0.235,2,4,0.5,4,6,3,7,2,5,11,10
58,2011,Ewelina Kobryn,SEA,C,18,123,0,11,30,0.367,2,7,0.286,9,23,0.391,2,3,0.667,5,22,6,5,6,8,16,26
59,2011,Cathrine Kraayeveld,CHI,F,33,681,15,66,167,0.395,52,127,0.409,14,40,0.35,11,15,0.733,24,86,41,21,8,38,40,195
60,2011,Jennifer Lacy,TUL,F,34,653,18,82,204,0.402,28,80,0.35,54,124,0.435,21,30,0.7,29,90,34,20,17,51,86,213
61,2011,Natasha Lacy,LAS,G,29,394,0,57,133,0.429,4,12,0.333,53,121,0.438,27,50,0.54,19,64,48,28,9,35,40,145
62,2011,Crystal Langhorne,WAS,F-C,31,1063,31,227,425,0.534,1,8,0.125,226,417,0.542,108,152,0.711,96,235,51,39,15,102,72,563
63,2011,Ivory Latta,TUL,G,24,684,24,110,266,0.414,34,97,0.351,76,169,0.45,39,47,0.83,10,48,77,29,2,69,57,293
64,2011,Jantel Lavender,LAS,F,33,487,3,92,184,0.5,0,0,,92,184,0.5,33,45,0.733,35,103,15,6,12,28,46,217
65,2011,Kara Lawson,CON,G,33,832,8,111,247,0.449,55,128,0.43,56,119,0.471,65,73,0.89,12,87,96,23,1,46,36,342
66,2011,Shalee Lehning,ATL,G,18,218,0,13,27,0.481,4,9,0.444,9,18,0.5,8,13,0.615,4,24,41,8,2,27,23,38
67,2011,Betty Lennox,TUL,G,9,55,0,4,23,0.174,4,17,0.235,0,6,0.0,5,6,0.833,2,8,5,2,0,6,7,17
68,2011,Camille Smith,SEA,F,33,887,33,129,278,0.464,5,22,0.227,124,256,0.484,55,83,0.663,46,171,54,45,22,75,110,318
69,2011,Sancho Lyttle,ATL,F,22,577,19,90,201,0.448,2,7,0.286,88,194,0.454,39,55,0.709,41,138,47,52,12,44,46,221
70,2011,Kelly Mazzante,ATL,G,6,34,0,1,12,0.083,1,12,0.083,0,0,,0,0,,0,2,0,1,0,1,2,3
71,2011,Angel McCoughtry,ATL,F-G,33,921,30,235,554,0.424,19,72,0.264,216,482,0.448,223,287,0.777,53,173,84,72,32,104,99,712
72,2011,Danielle McCray,CON,F,34,513,23,69,173,0.399,34,87,0.391,35,86,0.407,27,35,0.771,14,77,42,16,4,34,45,199
73,2011,Taj McWilliams-Franklin,MIN,F-C,34,966,33,116,261,0.444,2,9,0.222,114,252,0.452,47,61,0.77,74,205,81,35,24,53,81,281
74,2011,Coco Miller,ATL,G,31,538,5,96,222,0.432,15,45,0.333,81,177,0.458,20,37,0.541,22,59,43,18,1,31,64,227
75,2011,Kelly Miller,WAS,G,34,943,29,86,225,0.382,49,111,0.441,37,114,0.325,30,38,0.789,22,78,95,23,8,61,70,251
76,2011,DeLisha Milton-Jones,LAS,F,34,891,34,154,333,0.462,25,71,0.352,129,262,0.492,64,77,0.831,55,158,67,32,12,83,99,397
77,2011,Leilani Mitchell,NYL,G,34,864,30,69,184,0.375,43,118,0.364,26,66,0.394,8,10,0.8,17,73,100,44,3,43,77,189
78,2011,Jacinta Monroe,TUL,F,4,21,0,0,4,0.0,0,0,,0,4,0.0,0,0,,2,4,1,0,0,2,3,0
79,2011,Alex Montgomery,NYL,G-F,30,271,0,28,85,0.329,8,18,0.444,20,67,0.299,11,17,0.647,15,54,21,10,7,19,33,75
80,2011,Renee Montgomery,CON,G,34,991,34,154,385,0.4,61,159,0.384,93,226,0.412,126,152,0.829,12,73,167,49,3,89,46,495
81,2011,Jessica Moore,CON,F-C,29,199,0,17,40,0.425,0,0,,17,40,0.425,14,18,0.778,10,23,5,5,2,14,19,48
82,2011,Maya Moore,MIN,F,34,951,34,164,374,0.439,58,157,0.369,106,217,0.488,63,80,0.788,57,157,90,48,16,50,92,449
83,2011,Shay Murphy,CHI,G,10,205,0,31,84,0.369,10,25,0.4,21,59,0.356,26,28,0.929,26,48,11,13,4,19,29,98
84,2011,Jenna O'Hea,LAS,F,31,507,5,49,113,0.434,28,63,0.444,21,50,0.42,22,28,0.786,15,47,40,12,5,26,46,148
85,2011,Abi Olajuwon,TUL,C,16,99,0,7,26,0.269,0,0,,7,26,0.269,2,2,1.0,3,12,2,0,2,5,9,16
86,2011,Courtney Paris,ATL,C,28,269,0,40,77,0.519,0,1,0.0,40,76,0.526,16,31,0.516,38,88,10,8,11,8,45,96
87,2011,Candace Parker,LAS,F-C,17,555,16,116,227,0.511,18,43,0.419,98,184,0.533,64,87,0.736,21,146,47,21,27,33,34,314
88,2011,Kayla Pedersen,TUL,F,33,784,20,80,199,0.402,22,68,0.324,58,131,0.443,43,54,0.796,25,120,58,35,12,42,79,225
89,2011,Ticha Penicheiro,LAS,G,34,807,23,72,148,0.486,15,36,0.417,57,112,0.509,46,53,0.868,7,94,162,28,3,71,48,205
90,2011,Jia Perkins,SAS,G,34,852,8,154,368,0.418,40,128,0.313,114,240,0.475,60,71,0.845,22,118,47,44,9,35,48,408
91,2011,Erin Phillips,IND,G,31,689,22,91,197,0.462,26,61,0.426,65,136,0.478,60,72,0.833,16,88,74,30,0,45,52,268
92,2011,Porsha Phillips,SAS,F,31,258,1,23,59,0.39,0,0,,23,59,0.39,9,19,0.474,18,58,9,5,12,9,32,55
93,2011,Plenette Pierson,NYL,F,33,945,33,173,362,0.478,2,10,0.2,171,352,0.486,79,98,0.806,62,172,45,38,30,62,89,427
94,2011,Jeanette Pohlen-Mavunga,IND,G,34,539,2,48,102,0.471,29,62,0.468,19,40,0.475,13,15,0.867,10,47,33,13,4,21,32,138
95,2011,Cappie Pondexter,NYL,G,34,1151,34,212,528,0.402,58,168,0.345,154,360,0.428,109,134,0.813,22,139,160,43,10,93,69,591
96,2011,Nicole Powell,NYL,F,33,935,33,118,288,0.41,54,153,0.353,64,135,0.474,29,32,0.906,32,140,76,45,10,65,74,319
97,2011,Armintie Herrington,ATL,G,34,797,21,108,208,0.519,0,2,0.0,108,206,0.524,73,120,0.608,51,101,96,52,2,49,61,289
98,2011,Epiphanny Prince,CHI,G,34,1001,27,162,432,0.375,50,134,0.373,112,298,0.376,90,112,0.804,23,71,102,79,13,57,76,464
99,2011,LaToya Sanders,LAS,F-C,20,222,0,26,55,0.473,1,1,1.0,25,54,0.463,24,27,0.889,18,47,5,5,13,12,27,77
100,2011,Allie Quigley,SEA,G,7,14,0,1,5,0.2,0,1,0.0,1,4,0.25,2,2,1.0,1,4,1,1,1,1,1,4
101,2011,Noelle Quinn,LAS,G,33,681,23,64,164,0.39,23,58,0.397,41,106,0.387,18,22,0.818,11,59,65,21,2,24,26,169
102,2011,Chastity Reed,TUL,F,11,145,1,17,46,0.37,0,1,0.0,17,45,0.378,4,6,0.667,2,21,8,3,1,12,26,38
103,2011,Andrea Riley,TUL,G,33,626,10,64,204,0.314,24,112,0.214,40,92,0.435,47,55,0.855,5,38,58,32,3,67,77,199
104,2011,Ruth Riley,SAS,C,34,645,34,81,167,0.485,8,14,0.571,73,153,0.477,20,26,0.769,27,130,42,12,30,29,88,190
105,2011,Ashley Robinson,SEA,C,34,583,13,59,122,0.484,0,1,0.0,59,121,0.488,11,22,0.5,41,132,24,22,33,44,91,129
106,2011,Danielle Robinson,SAS,G,34,786,9,98,213,0.46,0,1,0.0,98,212,0.462,84,93,0.903,24,79,132,28,4,60,76,280
107,2011,Nakia Sanford,PHO,C-F,33,476,16,46,95,0.484,0,0,,46,95,0.484,45,60,0.75,50,137,12,7,7,29,73,137
108,2011,Olayinka Sanni,PHO,F-C,14,73,0,10,15,0.667,0,0,,10,15,0.667,2,6,0.333,4,10,0,3,1,13,23,22
109,2011,Katie Smith,SEA,G,34,853,3,88,223,0.395,49,124,0.395,39,99,0.394,30,35,0.857,17,79,68,24,5,45,66,255
110,2011,Tangela Smith,IND,C,33,711,32,88,237,0.371,32,94,0.34,56,143,0.392,30,34,0.882,27,102,49,22,16,42,80,238
111,2011,Belinda Snell,SEA,G,21,134,0,11,28,0.393,8,21,0.381,3,7,0.429,11,13,0.846,3,15,7,3,2,9,18,41
112,2011,Michelle Snow,CHI,C,34,821,30,82,180,0.456,0,2,0.0,82,178,0.461,38,50,0.76,39,213,64,16,44,70,84,202
113,2011,Tammy Sutton-Brown,IND,C,34,645,26,68,139,0.489,0,3,0.0,68,136,0.5,52,70,0.743,41,106,19,36,41,33,65,188
114,2011,Ketia Swanier,PHO,G,29,429,4,27,79,0.342,12,42,0.286,15,37,0.405,11,16,0.688,6,55,66,23,1,50,50,77
115,2011,Sheryl Swoopes,TUL,F-G,33,879,28,101,254,0.398,29,91,0.319,72,163,0.442,40,46,0.87,21,136,76,25,9,45,47,271
116,2011,Carolyn Swords,CHI,C,29,218,4,28,53,0.528,0,0,,28,53,0.528,21,24,0.875,17,51,9,5,7,16,26,77
117,2011,Diana Taurasi,PHO,G,32,965,32,208,463,0.449,81,205,0.395,127,258,0.492,195,216,0.903,13,101,114,24,20,96,113,692
118,2011,Penny Taylor,PHO,F,29,864,29,164,321,0.511,45,112,0.402,119,209,0.569,111,127,0.874,28,141,135,49,11,65,67,484
119,2011,Jasmine Thomas,WAS,G,34,655,6,85,241,0.353,24,77,0.312,61,164,0.372,24,36,0.667,13,73,64,25,9,55,60,218
120,2011,Tina Thompson,LAS,F,34,851,33,120,311,0.386,43,127,0.339,77,184,0.418,55,66,0.833,50,156,38,39,23,68,74,338
121,2011,Erin Thorn,CHI,G,34,571,7,66,163,0.405,32,81,0.395,34,82,0.415,18,19,0.947,9,58,83,11,3,59,12,182
122,2011,Kristi Toliver,LAS,G,32,754,17,126,298,0.423,56,131,0.427,70,167,0.419,49,54,0.907,18,61,93,21,0,66,58,357
123,2011,Courtney Vandersloot,CHI,G,34,777,26,84,215,0.391,16,59,0.271,68,156,0.436,36,47,0.766,5,67,127,24,13,92,86,220
124,2011,Kia Vaughn,NYL,C,34,955,34,149,300,0.497,0,0,,149,300,0.497,44,56,0.786,96,227,39,40,25,61,97,342
125,2011,Lindsay Whalen,MIN,G,34,956,34,179,350,0.511,17,42,0.405,162,308,0.526,89,122,0.73,30,119,199,37,5,75,64,464
126,2011,Tan White,CON,G,34,747,0,68,192,0.354,23,82,0.28,45,110,0.409,42,50,0.84,17,97,66,40,6,42,65,201
127,2011,Candice Wiggins,MIN,G,34,582,0,68,176,0.386,49,124,0.395,19,52,0.365,15,24,0.625,6,63,50,18,7,30,59,200
128,2011,Le'coe Willingham,SEA,F,34,649,8,87,184,0.473,11,40,0.275,76,144,0.528,34,53,0.642,53,143,37,18,7,45,61,219
129,2011,Lindsay Wisdom-Hylton,CHI,F,29,234,0,22,53,0.415,0,1,0.0,22,52,0.423,4,8,0.5,18,54,18,11,14,21,37,48
130,2011,Monica Wright,MIN,G,29,393,0,53,140,0.379,7,27,0.259,46,113,0.407,36,48,0.75,6,47,31,23,5,28,46,149
131,2011,Tanisha Wright,SEA,G,33,953,32,118,240,0.492,18,49,0.367,100,191,0.524,78,87,0.897,25,106,97,40,1,90,97,332
132,2011,Sophia Young-Malcolm,SAS,F,33,1043,33,171,399,0.429,0,6,0.0,171,393,0.435,93,157,0.592,48,212,76,67,16,51,78,435
133,2011,Tamera Young,CHI,F,33,792,19,102,240,0.425,1,7,0.143,101,233,0.433,55,76,0.724,41,124,43,37,9,62,98,260
134,2011,Shavonte Zellous,IND,G,33,463,2,57,130,0.438,9,34,0.265,48,96,0.5,58,74,0.784,21,80,45,12,15,32,74,181
135,2011,Kara Braxton,TOT,C-F,31,522,18,104,203,0.512,5,11,0.455,99,192,0.516,29,52,0.558,46,128,34,20,20,51,85,242
136,2011,Jessica Breland,TOT,F,13,75,0,9,23,0.391,0,0,,9,23,0.391,2,2,1.0,3,14,4,2,7,3,9,20
137,2011,Karima Christmas-Kelly,TOT,F-G,31,308,0,30,88,0.341,9,40,0.225,21,48,0.438,32,43,0.744,20,37,7,14,4,25,35,101
138,2011,Ta'Shia Phillips,TOT,C,15,72,0,8,15,0.533,0,0,,8,15,0.533,6,12,0.5,11,19,1,0,3,3,18,22
139,2011,Sidney Spencer,TOT,G,24,178,0,22,50,0.44,7,16,0.438,15,34,0.441,4,4,1.0,4,18,11,0,0,2,14,55
140,2011,Krystal Thomas,TOT,C,15,120,0,10,17,0.588,0,0,,10,17,0.588,3,6,0.5,5,12,2,2,7,10,22,23
141,2011,DeMya Walker,TOT,F,30,489,5,57,144,0.396,0,3,0.0,57,141,0.404,36,49,0.735,46,96,24,10,7,45,72,150
0,2012,Svetlana Abrosimova,SEA,F,19,329,4,34,98,0.347,8,36,0.222,26,62,0.419,11,24,0.458,11,56,31,20,3,40,26,87
1,2012,Jessica Adair,MIN,C,19,168,0,13,37,0.351,0,0,,13,37,0.351,20,35,0.571,11,40,6,3,4,14,28,46
2,2012,Danielle Adams,SAS,F-C,34,686,5,141,320,0.441,38,112,0.339,103,208,0.495,82,108,0.759,61,159,33,23,23,42,94,402
3,2012,Matee Ajavon,WAS,G,33,712,22,82,274,0.299,31,103,0.301,51,171,0.298,67,81,0.827,20,60,67,53,6,65,97,262
4,2012,Nicky Anosike,LAS,F-C,10,57,0,2,8,0.25,0,0,,2,8,0.25,6,6,1.0,0,12,5,3,2,6,9,10
5,2012,Jayne Appel-Marinelli,SAS,C,33,625,30,47,85,0.553,0,1,0.0,47,84,0.56,22,29,0.759,62,213,39,18,29,39,67,116
6,2012,Seimone Augustus,MIN,G-F,29,826,29,192,391,0.491,45,103,0.437,147,288,0.51,52,61,0.852,16,105,72,27,6,50,31,481
7,2012,Mistie Bass,CON,F,32,598,10,99,187,0.529,0,1,0.0,99,186,0.532,57,80,0.713,59,143,33,24,13,40,59,255
8,2012,Alana Beard,LAS,G-F,33,1017,33,137,314,0.436,35,87,0.402,102,227,0.449,66,83,0.795,10,71,109,66,13,83,91,375
9,2012,Tully Bevilaqua,SAS,G,28,157,0,2,12,0.167,1,8,0.125,1,4,0.25,1,2,0.5,1,7,11,7,1,9,7,6
10,2012,Sue Bird,SEA,G,29,898,29,133,290,0.459,53,138,0.384,80,152,0.526,36,46,0.783,6,83,155,26,3,65,32,355
11,2012,Chante Black,TUL,C,29,366,13,35,70,0.5,0,0,,35,70,0.5,22,32,0.688,26,77,10,15,18,24,33,92
12,2012,Shannon Bobbitt,WAS,G,28,418,5,29,88,0.33,9,40,0.225,20,48,0.417,11,18,0.611,11,33,72,14,2,35,38,78
13,2012,DeWanna Bonner,PHO,F-G,32,1120,32,212,582,0.364,52,184,0.283,160,398,0.402,184,216,0.852,55,230,71,54,28,75,46,660
14,2012,Kara Braxton,NYL,C-F,34,535,18,102,212,0.481,1,5,0.2,101,207,0.488,18,40,0.45,61,153,36,17,21,74,59,223
15,2012,Rebekkah Brunson,MIN,F,31,837,31,138,273,0.505,0,0,,138,273,0.505,76,112,0.679,108,277,37,37,29,40,71,352
16,2012,Kelley Cain,NYL,C,20,136,0,8,18,0.444,0,0,,8,18,0.444,7,11,0.636,11,30,2,2,4,10,13,23
17,2012,Dominique Canty,WAS,G,6,72,5,6,23,0.261,0,3,0.0,6,20,0.3,5,10,0.5,3,8,6,2,0,8,10,17
18,2012,Essence Carson,NYL,G,34,927,23,158,395,0.4,36,105,0.343,122,290,0.421,42,54,0.778,29,117,58,37,25,59,52,394
19,2012,Sydney Carter,CHI,G,1,9,0,2,6,0.333,0,2,0.0,2,4,0.5,0,0,,0,0,0,1,0,1,0,4
20,2012,Swin Cash,CHI,F,34,1021,34,126,343,0.367,32,114,0.281,94,229,0.41,75,98,0.765,55,197,79,34,17,94,81,359
21,2012,Iziane Castro Marques,WAS,F-G,11,132,0,14,53,0.264,1,6,0.167,13,47,0.277,5,7,0.714,4,12,8,3,0,8,8,34
22,2012,Tamika Catchings,IND,F,34,1036,34,200,463,0.432,50,132,0.379,150,331,0.453,140,162,0.864,62,258,107,70,29,59,84,590
23,2012,Tina Charles,CON,C,33,1096,33,250,501,0.499,1,5,0.2,249,496,0.502,93,116,0.802,123,345,57,17,47,74,64,594
24,2012,Shameka Christon,SAS,G,34,695,31,83,232,0.358,54,158,0.342,29,74,0.392,50,64,0.781,17,67,43,18,16,20,41,270
25,2012,Alysha Clark,SEA,F,23,238,0,29,53,0.547,9,20,0.45,20,33,0.606,12,17,0.706,13,47,7,5,1,19,27,79
26,2012,Marissa Coleman,LAS,G-F,34,548,2,37,116,0.319,14,55,0.255,23,61,0.377,18,20,0.9,24,87,36,21,8,24,44,106
27,2012,Monique Currie,WAS,F,34,820,28,129,319,0.404,22,80,0.275,107,239,0.448,127,164,0.774,28,122,59,35,7,59,85,407
28,2012,Jessica Davenport,IND,C,34,514,2,84,179,0.469,1,3,0.333,83,176,0.472,60,81,0.741,35,115,22,23,26,51,62,229
29,2012,Erika de Souza,ATL,F-C,15,449,15,79,151,0.523,0,0,,79,151,0.523,16,23,0.696,48,123,24,20,23,31,45,174
30,2012,Scholanda Dorrell,TUL,G,26,385,8,37,113,0.327,16,50,0.32,21,63,0.333,20,30,0.667,13,32,13,25,3,25,46,110
31,2012,Katie Douglas,IND,G-F,32,990,32,184,445,0.413,80,189,0.423,104,256,0.406,81,96,0.844,33,121,71,48,10,53,55,529
32,2012,Victoria Dunlap,SEA,F,5,28,0,3,10,0.3,0,1,0.0,3,9,0.333,7,10,0.7,7,11,1,0,0,3,4,13
33,2012,Candice Dupree,PHO,F,13,345,12,71,147,0.483,0,1,0.0,71,146,0.486,30,37,0.811,16,62,17,8,7,27,20,172
34,2012,Dawn Evans,LAS,G,3,15,0,1,5,0.2,0,4,0.0,1,1,1.0,0,0,,0,0,3,1,0,2,1,2
35,2012,Sylvia Fowles,CHI,C,25,778,25,157,246,0.638,0,0,,157,246,0.638,92,133,0.692,94,260,21,33,30,53,55,406
36,2012,Briana Gilbreath-Butler,PHO,G,11,258,2,24,71,0.338,14,37,0.378,10,34,0.294,15,19,0.789,14,40,12,5,5,14,15,77
37,2012,Sasha Goodlett,IND,C,26,197,0,33,74,0.446,0,0,,33,74,0.446,14,20,0.7,18,41,6,8,7,9,17,80
38,2012,Alexis Gray-Lawson,PHO,G,19,318,0,30,102,0.294,6,38,0.158,24,64,0.375,19,26,0.731,14,38,23,7,3,18,40,85
39,2012,Kalana Greene,CON,G,34,605,31,53,121,0.438,5,22,0.227,48,99,0.485,32,46,0.696,18,63,57,39,7,27,45,143
40,2012,Kelsey Griffin,CON,F,31,375,6,34,99,0.343,3,15,0.2,31,84,0.369,24,34,0.706,29,90,15,18,10,27,37,95
41,2012,Becky Hammon,SAS,G,33,998,33,160,363,0.441,80,184,0.435,80,179,0.447,85,97,0.876,9,83,176,31,6,106,37,485
42,2012,Lindsey Harding,ATL,G,34,1040,32,157,369,0.425,14,58,0.241,143,311,0.46,90,110,0.818,16,95,153,46,7,70,47,418
43,2012,Amber Harris,MIN,F,27,240,0,36,89,0.404,7,18,0.389,29,71,0.408,15,22,0.682,10,50,15,9,13,15,27,94
44,2012,Tiffany Hayes,ATL,G,34,787,17,90,231,0.39,21,77,0.273,69,154,0.448,92,117,0.786,24,105,73,28,12,51,89,293
45,2012,Aneika Henry-Morello,ATL,F-C,34,613,14,65,139,0.468,0,0,,65,139,0.468,32,42,0.762,53,140,15,16,30,28,70,162
46,2012,Allison Hightower,CON,G,34,827,29,90,256,0.352,18,76,0.237,72,180,0.4,32,35,0.914,21,79,84,43,5,47,79,230
47,2012,Ebony Hoffman,LAS,F,20,208,0,18,52,0.346,5,19,0.263,13,33,0.394,8,10,0.8,13,42,9,13,1,13,30,49
48,2012,Amber Holt,TUL,F,24,456,18,57,134,0.425,17,49,0.347,40,85,0.471,9,16,0.563,10,45,28,11,0,16,25,140
49,2012,Alexis Hornbuckle,PHO,G,34,865,25,86,257,0.335,26,80,0.325,60,177,0.339,23,38,0.605,45,142,68,42,17,72,98,221
50,2012,Charde Houston,PHO,F,27,694,20,126,309,0.408,39,112,0.348,87,197,0.442,34,47,0.723,29,93,44,34,10,52,80,325
51,2012,Lauren Jackson,SEA,F-C,9,167,9,34,80,0.425,6,29,0.207,28,51,0.549,18,25,0.72,7,50,2,4,7,12,20,92
52,2012,Briann January,IND,G,31,879,26,99,245,0.404,46,107,0.43,53,138,0.384,76,87,0.874,13,55,122,36,4,76,78,320
53,2012,Glory Johnson,TUL,F,34,958,28,131,272,0.482,0,0,,131,272,0.482,130,192,0.677,95,232,38,73,20,71,103,392
54,2012,Shenise Johnson,SAS,G,34,581,1,68,187,0.364,21,51,0.412,47,136,0.346,35,41,0.854,55,131,46,27,6,37,50,192
55,2012,Temeka Johnson,TUL,G,29,833,28,128,308,0.416,34,64,0.531,94,244,0.385,63,75,0.84,18,93,135,34,1,79,70,353
56,2012,Asjha Jones,CON,F,20,558,19,102,229,0.445,4,12,0.333,98,217,0.452,35,39,0.897,49,141,39,19,11,51,61,243
57,2012,Ewelina Kobryn,SEA,C,33,438,6,56,136,0.412,10,27,0.37,46,109,0.422,36,50,0.72,16,78,15,16,14,41,46,158
58,2012,Laurie Koehn,ATL,G,23,112,0,14,41,0.341,13,39,0.333,1,2,0.5,0,0,,2,10,3,2,0,6,4,41
59,2012,Cathrine Kraayeveld,ATL,F,33,507,1,56,133,0.421,35,87,0.402,21,46,0.457,5,15,0.333,17,92,28,14,16,26,32,152
60,2012,Jennifer Lacy,TUL,F,26,573,6,77,198,0.389,44,109,0.404,33,89,0.371,24,37,0.649,25,68,22,16,9,36,76,222
61,2012,Natasha Lacy,WAS,G,20,259,1,29,81,0.358,5,21,0.238,24,60,0.4,14,18,0.778,10,42,25,13,5,23,27,77
62,2012,Crystal Langhorne,WAS,F-C,31,999,31,190,338,0.562,1,8,0.125,189,330,0.573,75,117,0.641,75,194,42,46,4,75,65,456
63,2012,Erlana Larkins,IND,F,34,526,2,55,108,0.509,0,0,,55,108,0.509,31,36,0.861,70,148,36,34,5,34,62,141
64,2012,Ivory Latta,TUL,G,34,962,18,175,407,0.43,69,177,0.39,106,230,0.461,68,81,0.84,14,75,111,31,3,73,75,487
65,2012,Jantel Lavender,LAS,F,34,490,1,81,160,0.506,0,0,,81,160,0.506,27,32,0.844,50,134,18,9,18,38,56,189
66,2012,Kara Lawson,CON,G,34,1066,34,169,343,0.493,74,172,0.43,95,171,0.556,100,107,0.935,17,131,136,27,5,60,40,512
67,2012,Yelena Leuchanka,ATL,C,19,260,5,24,63,0.381,0,1,0.0,24,62,0.387,10,14,0.714,16,52,12,9,9,28,34,58
68,2012,Camille Smith,SEA,F,34,947,34,130,274,0.474,11,33,0.333,119,241,0.494,113,153,0.739,52,175,63,24,17,93,93,384
69,2012,Sancho Lyttle,ATL,F,34,1074,34,199,483,0.412,28,110,0.255,171,373,0.458,50,66,0.758,47,259,85,82,23,88,100,476
70,2012,Angel McCoughtry,ATL,F-G,24,718,17,177,396,0.447,28,83,0.337,149,313,0.476,132,165,0.8,50,119,69,60,27,95,56,514
71,2012,Danielle McCray,CON,F,28,389,8,39,124,0.315,20,60,0.333,19,64,0.297,37,41,0.902,14,56,33,17,0,28,41,135
72,2012,Taj McWilliams-Franklin,MIN,F-C,33,879,33,122,235,0.519,2,5,0.4,120,230,0.522,30,40,0.75,55,177,84,34,46,66,75,276
73,2012,Coco Miller,LAS,G,10,141,1,11,37,0.297,2,6,0.333,9,31,0.29,2,2,1.0,9,27,11,2,0,13,4,26
74,2012,Kelly Miller,NYL,G,11,82,0,4,24,0.167,1,11,0.091,3,13,0.231,2,2,1.0,1,8,6,3,0,9,10,11
75,2012,DeLisha Milton-Jones,LAS,F,34,926,34,123,295,0.417,29,89,0.326,94,206,0.456,65,79,0.823,48,150,60,34,24,63,95,340
76,2012,Leilani Mitchell,NYL,G,34,908,25,79,193,0.409,53,129,0.411,26,64,0.406,9,12,0.75,21,84,103,35,5,53,72,220
77,2012,Alex Montgomery,NYL,G-F,26,210,0,24,64,0.375,8,23,0.348,16,41,0.39,8,11,0.727,17,48,11,15,2,14,23,64
78,2012,Renee Montgomery,CON,G,34,816,0,116,333,0.348,47,129,0.364,69,204,0.338,117,138,0.848,8,63,89,35,3,76,52,396
79,2012,Maya Moore,MIN,F,34,1011,34,199,428,0.465,73,188,0.388,126,240,0.525,87,99,0.879,71,205,124,50,22,62,86,558
80,2012,Jene Morris,TUL,G,9,82,1,6,16,0.375,4,9,0.444,2,7,0.286,1,2,0.5,5,9,2,6,0,4,11,17
81,2012,Ziomara Morrison,SAS,C,30,166,0,22,52,0.423,6,10,0.6,16,42,0.381,9,11,0.818,13,36,2,3,3,13,26,59
82,2012,Shay Murphy,CHI,G,29,538,3,87,207,0.42,45,102,0.441,42,105,0.4,27,37,0.73,30,84,27,32,6,30,45,246
83,2012,Natalie Novosel,WAS,G,31,306,0,34,101,0.337,9,41,0.22,25,60,0.417,22,29,0.759,19,41,23,14,3,19,16,99
84,2012,Nneka Ogwumike,LAS,F,33,920,33,178,333,0.535,1,7,0.143,177,326,0.543,105,143,0.734,98,247,40,46,29,42,87,462
85,2012,Jenna O'Hea,LAS,F,8,144,0,13,25,0.52,7,14,0.5,6,11,0.545,5,7,0.714,8,20,16,3,1,6,14,38
86,2012,Candace Parker,LAS,F-C,33,1014,33,228,474,0.481,19,59,0.322,209,415,0.504,98,138,0.71,83,320,110,51,76,98,58,573
87,2012,Kayla Pedersen,TUL,F,27,626,25,44,148,0.297,3,12,0.25,41,136,0.301,23,39,0.59,36,118,42,26,13,34,74,114
88,2012,Ticha Penicheiro,CHI,G,19,242,6,12,34,0.353,3,15,0.2,9,19,0.474,6,11,0.545,2,24,39,8,3,38,13,33
89,2012,Jia Perkins,SAS,G,33,759,3,128,337,0.38,49,127,0.386,79,210,0.376,46,61,0.754,17,92,64,53,12,29,44,351
90,2012,Devereaux Peters,MIN,F,30,424,2,61,109,0.56,0,0,,61,109,0.56,36,51,0.706,44,113,33,14,23,39,74,158
91,2012,Sonja Petrovic,CHI,F,30,453,2,54,151,0.358,17,61,0.279,37,90,0.411,20,26,0.769,13,68,31,15,15,39,42,145
92,2012,Erin Phillips,IND,G,29,620,8,62,159,0.39,28,64,0.438,34,95,0.358,25,29,0.862,24,80,63,22,3,35,49,177
93,2012,Plenette Pierson,NYL,F,26,641,24,122,262,0.466,5,18,0.278,117,244,0.48,63,83,0.759,48,141,61,19,23,61,53,312
94,2012,Jeanette Pohlen-Mavunga,IND,G,34,574,3,55,128,0.43,32,76,0.421,23,52,0.442,7,10,0.7,13,57,38,20,10,31,39,149
95,2012,Cappie Pondexter,NYL,G,34,1162,34,249,573,0.435,53,162,0.327,196,411,0.477,144,166,0.867,20,154,146,43,7,106,72,695
96,2012,Nicole Powell,NYL,F,34,922,21,89,214,0.416,47,121,0.388,42,93,0.452,13,15,0.867,41,147,48,45,14,49,63,238
97,2012,Samantha Prahalis,PHO,G,28,886,28,118,335,0.352,29,107,0.271,89,228,0.39,59,68,0.868,13,89,127,44,3,85,71,324
98,2012,Armintie Herrington,ATL,G,34,904,33,108,212,0.509,0,2,0.0,108,210,0.514,71,118,0.602,63,125,85,39,10,59,75,287
99,2012,Epiphanny Prince,CHI,G,26,780,25,157,355,0.442,59,145,0.407,98,210,0.467,98,109,0.899,24,91,80,47,7,52,58,471
100,2012,Noelle Quinn,WAS,G,30,666,18,72,182,0.396,31,77,0.403,41,105,0.39,19,26,0.731,18,88,54,22,6,29,32,194
101,2012,Katelan Redmon,NYL,G-F,7,42,0,3,14,0.214,0,1,0.0,3,13,0.231,1,2,0.5,5,8,2,3,0,3,8,7
102,2012,Ruth Riley,CHI,C,33,476,14,36,95,0.379,5,18,0.278,31,77,0.403,11,14,0.786,17,79,33,23,20,27,74,88
103,2012,Ashley Robinson,WAS,C,33,535,14,48,117,0.41,0,1,0.0,48,116,0.414,7,20,0.35,38,110,29,19,24,39,71,103
104,2012,Danielle Robinson,SAS,G,34,984,34,146,270,0.541,0,7,0.0,146,263,0.555,43,55,0.782,19,85,146,46,4,54,76,335
105,2012,Nakia Sanford,PHO,C-F,30,501,15,48,113,0.425,4,16,0.25,44,97,0.454,24,40,0.6,44,99,18,15,9,38,88,124
106,2012,Chay Shegog,CON,C,3,9,0,1,3,0.333,0,0,,1,3,0.333,1,2,0.5,1,2,0,1,0,1,3,3
107,2012,Dymond Simon,PHO,G,8,97,0,13,45,0.289,2,16,0.125,11,29,0.379,2,2,1.0,1,12,15,4,0,14,10,30
108,2012,Katie Smith,SEA,G,34,919,31,77,187,0.412,44,110,0.4,33,77,0.429,31,37,0.838,8,93,73,20,4,51,82,229
109,2012,Tangela Smith,SAS,C,15,150,0,15,36,0.417,4,14,0.286,11,22,0.5,3,3,1.0,3,17,13,2,3,7,12,37
110,2012,Michelle Snow,WAS,C,32,643,21,81,155,0.523,0,1,0.0,81,154,0.526,28,36,0.778,59,173,19,19,27,53,75,190
111,2012,Shekinna Stricklen,SEA,F,34,784,3,100,253,0.395,37,117,0.316,63,136,0.463,36,52,0.692,28,147,40,24,8,35,70,273
112,2012,Tammy Sutton-Brown,IND,C,33,541,32,49,116,0.422,0,0,,49,116,0.422,32,40,0.8,28,93,24,24,27,22,39,130
113,2012,Ketia Swanier,ATL,G,34,389,2,26,82,0.317,5,30,0.167,21,52,0.404,19,26,0.731,5,46,66,15,0,41,24,76
114,2012,Carolyn Swords,CHI,C,30,334,9,52,91,0.571,0,0,,52,91,0.571,15,22,0.682,45,96,8,11,14,19,57,119
115,2012,April Sykes,LAS,G-F,30,259,0,33,87,0.379,18,48,0.375,15,39,0.385,8,15,0.533,8,34,19,9,4,16,27,92
116,2012,Diana Taurasi,PHO,G,8,166,8,34,78,0.436,17,43,0.395,17,35,0.486,27,30,0.9,1,13,18,4,4,14,16,112
117,2012,Zane Tamane,PHO,C,2,15,0,0,2,0.0,0,0,,0,2,0.0,0,0,,1,3,0,0,0,2,1,0
118,2012,Jasmine Thomas,WAS,G,34,763,23,107,282,0.379,35,96,0.365,72,186,0.387,29,43,0.674,14,81,94,29,7,74,52,278
119,2012,Krystal Thomas,PHO,C,29,771,25,76,157,0.484,0,1,0.0,76,156,0.487,33,66,0.5,93,233,27,5,26,66,92,185
120,2012,Tina Thompson,SEA,F,29,551,5,91,206,0.442,41,96,0.427,50,110,0.455,35,42,0.833,24,100,14,14,22,37,66,258
121,2012,Erin Thorn,MIN,G,26,195,0,17,47,0.362,12,34,0.353,5,13,0.385,6,6,1.0,5,24,24,4,0,13,3,52
122,2012,Kristi Toliver,LAS,G,34,1071,33,197,401,0.491,64,151,0.424,133,250,0.532,137,152,0.901,31,109,166,45,3,124,102,595
123,2012,Courtney Vandersloot,CHI,G,34,906,27,118,291,0.405,28,84,0.333,90,207,0.435,37,57,0.649,6,71,157,44,7,111,89,301
124,2012,Kia Vaughn,NYL,C,31,710,17,89,207,0.43,0,0,,89,207,0.43,21,32,0.656,48,154,27,16,25,31,76,199
125,2012,DeMya Walker,NYL,F,33,525,8,41,104,0.394,0,0,,41,104,0.394,16,27,0.593,39,91,32,17,16,63,73,98
126,2012,Avery Warley-Talbert,PHO,C,28,497,3,33,70,0.471,0,0,,33,70,0.471,20,34,0.588,66,159,5,12,14,32,82,86
127,2012,Ann Wauters,SEA,C,25,574,17,95,183,0.519,9,20,0.45,86,163,0.528,42,57,0.737,33,146,36,14,18,57,48,241
128,2012,Lindsay Whalen,MIN,G,33,891,33,148,293,0.505,13,26,0.5,135,267,0.506,72,99,0.727,30,137,178,23,6,68,69,381
129,2012,Tan White,CON,G,31,496,0,57,143,0.399,27,67,0.403,30,76,0.395,15,18,0.833,9,50,35,31,6,36,49,156
130,2012,Candice Wiggins,MIN,G,34,741,1,71,197,0.36,58,146,0.397,13,51,0.255,32,37,0.865,11,73,67,24,4,61,67,232
131,2012,Le'coe Willingham,CHI,F,33,610,1,40,128,0.313,20,73,0.274,20,55,0.364,14,23,0.609,34,96,31,15,4,57,60,114
132,2012,Riquna Williams,TUL,G,33,671,3,116,337,0.344,38,117,0.325,78,220,0.355,75,91,0.824,25,80,69,51,9,47,65,345
133,2012,Lindsay Wisdom-Hylton,WAS,F,34,501,2,61,127,0.48,0,1,0.0,61,126,0.484,14,19,0.737,41,97,32,24,27,40,52,136
134,2012,Julie Wojta,MIN,G-F,1,4,0,0,2,0.0,0,1,0.0,0,1,0.0,0,0,,1,2,0,0,0,1,2,0
135,2012,Monica Wright,MIN,G,34,660,7,103,225,0.458,16,44,0.364,87,181,0.481,71,96,0.74,18,82,66,35,6,65,69,293
136,2012,Tanisha Wright,SEA,G,32,953,32,88,236,0.373,10,52,0.192,78,184,0.424,67,78,0.859,23,97,140,38,4,85,88,253
137,2012,Sophia Young-Malcolm,SAS,F,33,1049,33,212,407,0.521,0,3,0.0,212,404,0.525,113,160,0.706,68,238,69,74,13,55,77,537
138,2012,Tamera Young,CHI,F,33,804,24,116,274,0.423,0,1,0.0,116,273,0.425,40,66,0.606,44,122,47,34,6,46,90,272
139,2012,Shavonte Zellous,IND,G,31,692,31,79,214,0.369,19,55,0.345,60,159,0.377,57,74,0.77,27,84,54,23,15,43,71,234
140,2012,Karima Christmas-Kelly,TOT,F-G,30,335,6,30,93,0.323,12,38,0.316,18,55,0.327,24,37,0.649,28,63,16,27,8,14,33,96
141,2012,Roneeka Hodges,TOT,G,32,617,16,87,218,0.399,48,136,0.353,39,82,0.476,20,28,0.714,11,61,44,19,10,37,20,242
142,2012,Lynetta Kizer,TOT,F,22,300,0,47,116,0.405,3,6,0.5,44,110,0.4,29,31,0.935,32,66,7,10,2,19,39,126
143,2012,Jessica Moore,TOT,F-C,16,108,0,9,20,0.45,0,0,,9,20,0.45,9,12,0.75,8,17,2,0,0,9,18,27
144,2012,Courtney Paris,TOT,C,27,254,0,39,72,0.542,0,0,,39,72,0.542,9,27,0.333,36,85,11,9,12,15,30,87
145,2012,Andrea Riley,TOT,G,11,99,0,5,33,0.152,1,17,0.059,4,16,0.25,14,17,0.824,0,9,15,3,1,13,8,25
0,2013,Farhiya Abdi,LAS,F,17,122,0,15,39,0.385,0,0,,15,39,0.385,8,12,0.667,4,12,9,2,1,4,15,38
1,2013,Danielle Adams,SAS,F-C,34,899,24,170,399,0.426,42,129,0.326,128,270,0.474,106,150,0.707,53,161,42,29,25,61,95,488
2,2013,Matee Ajavon,WAS,G,34,772,27,95,261,0.364,19,62,0.306,76,199,0.382,94,119,0.79,24,59,99,32,3,75,74,303
3,2013,Kayla Alexander,SAS,C,33,371,1,35,84,0.417,0,0,,35,84,0.417,22,30,0.733,43,99,10,4,14,35,46,92
4,2013,Jayne Appel-Marinelli,SAS,C,29,768,29,70,121,0.579,1,3,0.333,69,118,0.585,29,49,0.592,75,259,57,26,37,44,85,170
5,2013,Seimone Augustus,MIN,G-F,31,922,31,213,413,0.516,20,69,0.29,193,344,0.561,58,66,0.879,24,98,76,18,18,45,33,504
6,2013,Mistie Bass,CON,F,33,593,5,94,171,0.55,0,0,,94,171,0.55,42,69,0.609,48,144,32,22,29,48,60,230
7,2013,Alana Beard,LAS,G-F,32,703,32,85,185,0.459,1,8,0.125,84,177,0.475,28,34,0.824,13,72,45,40,10,42,72,199
8,2013,Alex Bentley,ATL,G,34,753,10,113,284,0.398,28,85,0.329,85,199,0.427,27,38,0.711,11,48,95,34,3,39,77,281
9,2013,Chante Black,SAS,C,1,10,0,1,2,0.5,0,0,,1,2,0.5,0,0,,1,2,0,0,1,2,1,2
10,2013,Kelsey Bone,NYL,C,34,663,2,99,215,0.46,0,1,0.0,99,214,0.463,36,57,0.632,73,185,25,12,12,52,87,234
11,2013,DeWanna Bonner,PHO,F-G,34,1119,33,160,390,0.41,54,166,0.325,106,224,0.473,118,131,0.901,35,198,82,39,11,56,45,492
12,2013,Cierra Bravard,SEA,F,6,27,0,1,3,0.333,1,2,0.5,0,1,0.0,0,0,,3,5,0,1,1,3,12,3
13,2013,Kara Braxton,NYL,C-F,34,740,33,130,270,0.481,0,0,,130,270,0.481,37,56,0.661,86,226,40,22,14,77,100,297
14,2013,Jessica Breland,IND,F,30,439,2,69,157,0.439,0,0,,69,157,0.439,20,27,0.741,50,121,17,17,31,34,38,158
15,2013,Rebekkah Brunson,MIN,F,33,965,33,147,296,0.497,1,1,1.0,146,295,0.495,56,88,0.636,89,294,50,42,29,39,70,351
16,2013,Liz Cambage,TUL,C,20,499,16,106,189,0.561,0,0,,106,189,0.561,114,147,0.776,50,166,22,10,48,62,58,326
17,2013,Michelle Campbell,CHI,F,31,238,0,16,51,0.314,0,0,,16,51,0.314,22,30,0.733,21,48,5,5,6,16,41,54
18,2013,Essence Carson,NYL,G,4,118,4,22,40,0.55,1,3,0.333,21,37,0.568,12,14,0.857,4,22,7,2,2,10,6,57
19,2013,Sydney Carter,CON,G,15,259,1,21,60,0.35,4,19,0.211,17,41,0.415,16,20,0.8,5,22,27,7,4,25,17,62
20,2013,Swin Cash,CHI,F,34,961,34,118,284,0.415,17,63,0.27,101,221,0.457,64,75,0.853,43,191,74,31,20,64,101,317
21,2013,Iziane Castro Marques,CON,F-G,28,441,9,58,165,0.352,15,46,0.326,43,119,0.361,37,51,0.725,13,47,29,13,4,37,35,168
22,2013,Tamika Catchings,IND,F,30,942,30,179,452,0.396,36,112,0.321,143,340,0.421,136,158,0.861,45,213,71,85,31,51,74,530
23,2013,Tina Charles,CON,C,29,951,29,218,545,0.4,0,3,0.0,218,542,0.402,85,113,0.752,98,293,42,27,28,64,57,521
24,2013,Karima Christmas-Kelly,IND,F-G,34,913,28,101,271,0.373,30,100,0.3,71,171,0.415,60,74,0.811,64,141,37,63,11,42,81,292
25,2013,Shameka Christon,SAS,G,33,740,14,82,267,0.307,50,156,0.321,32,111,0.288,33,38,0.868,10,55,24,16,11,24,55,247
26,2013,Layshia Clarendon,IND,G,30,582,4,55,166,0.331,7,27,0.259,48,139,0.345,9,22,0.409,18,54,55,16,1,40,66,126
27,2013,Alysha Clark,SEA,F,33,505,0,48,106,0.453,16,41,0.39,32,65,0.492,19,25,0.76,32,82,12,14,5,35,50,131
28,2013,Courtney Clements,ATL,G,26,244,0,20,99,0.202,9,39,0.231,11,60,0.183,9,12,0.75,11,24,8,4,2,7,25,58
29,2013,Marissa Coleman,LAS,G-F,34,595,3,58,135,0.43,20,50,0.4,38,85,0.447,21,33,0.636,32,100,34,24,5,31,43,157
30,2013,Monique Currie,WAS,F,34,881,34,121,302,0.401,22,64,0.344,99,238,0.416,92,113,0.814,33,169,51,39,8,62,100,356
31,2013,Elena Delle Donne,CHI,F-G,30,941,30,172,404,0.426,42,96,0.438,130,308,0.422,157,169,0.929,42,167,53,20,54,39,47,543
32,2013,Erika de Souza,ATL,F-C,34,1016,34,187,338,0.553,0,0,,187,338,0.553,63,93,0.677,90,337,43,45,61,55,90,437
33,2013,Skylar Diggins,TUL,G,32,845,21,89,271,0.328,19,78,0.244,70,193,0.363,75,90,0.833,15,61,123,41,8,92,65,272
34,2013,Katie Douglas,IND,G-F,4,143,4,21,54,0.389,7,27,0.259,14,27,0.519,11,11,1.0,5,11,6,7,2,11,3,60
35,2013,Candice Dupree,PHO,F,32,1057,32,204,396,0.515,0,3,0.0,204,393,0.519,78,87,0.897,48,204,61,34,13,65,58,486
36,2013,Kelly Faris,CON,G,24,338,3,18,49,0.367,7,25,0.28,11,24,0.458,7,9,0.778,12,53,16,7,5,15,32,50
37,2013,Sylvia Fowles,CHI,C,32,1001,32,198,338,0.586,0,0,,198,338,0.586,124,181,0.685,117,369,12,29,78,66,66,520
38,2013,Briana Gilbreath-Butler,PHO,G,34,763,30,60,152,0.395,13,51,0.255,47,101,0.465,15,24,0.625,26,109,50,23,15,25,61,148
39,2013,Sasha Goodlett,IND,C,25,187,1,19,53,0.358,0,0,,19,53,0.358,6,7,0.857,16,40,4,2,2,10,17,44
40,2013,Angel Goodrich,TUL,G,31,680,16,58,137,0.423,8,32,0.25,50,105,0.476,12,22,0.545,14,57,91,38,2,52,35,136
41,2013,Kalana Greene,CON,G,34,888,31,70,172,0.407,4,26,0.154,66,146,0.452,30,41,0.732,38,126,50,38,13,36,56,174
42,2013,Kelsey Griffin,CON,F,34,864,34,109,246,0.443,12,39,0.308,97,207,0.469,66,90,0.733,61,170,32,42,23,34,93,296
43,2013,Brittney Griner,PHO,C,27,699,27,139,250,0.556,0,0,,139,250,0.556,63,87,0.724,37,171,28,13,81,47,80,341
44,2013,Becky Hammon,SAS,G,1,12,1,1,3,0.333,0,1,0.0,1,2,0.5,0,0,,0,1,1,0,0,3,0,2
45,2013,Lindsey Harding,LAS,G,33,1011,33,134,304,0.441,4,22,0.182,130,282,0.461,88,116,0.759,17,89,170,34,13,82,60,360
46,2013,Amber Harris,MIN,F,30,263,1,27,72,0.375,2,14,0.143,25,58,0.431,15,21,0.714,11,44,20,4,6,15,26,71
47,2013,Tianna Hawkins,SEA,F,33,321,0,48,91,0.527,5,21,0.238,43,70,0.614,11,13,0.846,17,52,6,9,4,22,59,112
48,2013,Tiffany Hayes,ATL,G,23,513,4,80,197,0.406,23,61,0.377,57,136,0.419,76,102,0.745,20,86,39,27,3,40,52,259
49,2013,Aneika Henry-Morello,ATL,F-C,34,434,1,54,120,0.45,0,0,,54,120,0.45,26,34,0.765,44,134,16,9,17,26,41,134
50,2013,Allison Hightower,CON,G,21,672,21,108,255,0.424,24,66,0.364,84,189,0.444,28,40,0.7,9,65,63,24,7,31,56,268
51,2013,Tayler Hill,WAS,G,34,593,7,63,192,0.328,35,105,0.333,28,87,0.322,59,70,0.843,8,58,51,23,3,38,30,220
52,2013,Roneeka Hodges,TUL,G,33,567,8,58,150,0.387,41,114,0.36,17,36,0.472,7,8,0.875,2,40,33,17,2,17,30,164
53,2013,Ebony Hoffman,LAS,F,33,412,0,46,108,0.426,1,14,0.071,45,94,0.479,8,9,0.889,14,64,33,16,11,22,73,101
54,2013,Quanitra Hollingsworth,WAS,C,7,42,0,5,9,0.556,0,0,,5,9,0.556,2,4,0.5,2,10,2,2,2,1,8,12
55,2013,Chelsea Hopkins,SAS,G,4,58,0,1,17,0.059,1,4,0.25,0,13,0.0,3,4,0.75,2,8,10,3,0,5,3,6
56,2013,Alexis Hornbuckle,PHO,G,30,373,1,30,92,0.326,10,36,0.278,20,56,0.357,21,30,0.7,9,51,38,11,3,38,61,91
57,2013,Charde Houston,PHO,F,34,586,6,78,195,0.4,9,50,0.18,69,145,0.476,35,45,0.778,20,77,44,17,12,56,101,200
58,2013,Tiffany Jackson-Jones,TUL,F,19,393,10,33,84,0.393,0,0,,33,84,0.393,17,26,0.654,37,86,13,25,4,27,41,83
59,2013,Jasmine James,PHO,G,16,190,1,18,54,0.333,0,8,0.0,18,46,0.391,13,18,0.722,5,23,28,14,1,19,18,49
60,2013,Briann January,IND,G,32,946,32,110,316,0.348,35,98,0.357,75,218,0.344,60,74,0.811,12,77,118,34,6,79,84,315
61,2013,Rachel Jarry,MIN,F,27,184,0,16,36,0.444,6,10,0.6,10,26,0.385,7,9,0.778,7,19,11,5,4,13,27,45
62,2013,Chucky Jeffery,NYL,G,2,6,0,0,2,0.0,0,1,0.0,0,1,0.0,2,2,1.0,0,1,0,2,0,0,0,2
63,2013,Glory Johnson,TUL,F,29,875,28,152,341,0.446,1,3,0.333,151,338,0.447,130,174,0.747,95,258,33,30,12,60,71,435
64,2013,Shenise Johnson,SAS,G,33,901,24,144,365,0.395,23,84,0.274,121,281,0.431,53,67,0.791,40,128,79,42,6,60,55,364
65,2013,Temeka Johnson,SEA,G,32,877,32,114,266,0.429,21,57,0.368,93,209,0.445,77,88,0.875,13,82,127,28,3,85,68,326
66,2013,Lynetta Kizer,PHO,F,27,266,0,31,69,0.449,0,1,0.0,31,68,0.456,9,14,0.643,21,57,6,11,5,21,55,71
67,2013,Cathrine Kraayeveld,SAS,F,22,285,0,16,55,0.291,11,40,0.275,5,15,0.333,3,4,0.75,9,42,12,9,4,10,20,46
68,2013,Jennifer Lacy,TUL,F,32,450,7,45,139,0.324,18,71,0.254,27,68,0.397,18,22,0.818,12,43,21,7,6,23,60,126
69,2013,Natasha Lacy,CON,G,3,50,1,2,18,0.111,0,1,0.0,2,17,0.118,3,3,1.0,3,15,6,4,0,4,1,7
70,2013,Crystal Langhorne,WAS,F-C,34,973,34,169,328,0.515,1,8,0.125,168,320,0.525,69,106,0.651,81,245,45,31,10,79,65,408
71,2013,Erlana Larkins,IND,F,34,1022,34,103,189,0.545,0,0,,103,189,0.545,63,89,0.708,104,265,64,48,11,47,100,269
72,2013,Ivory Latta,WAS,G,34,1072,34,158,403,0.392,72,182,0.396,86,221,0.389,83,92,0.902,12,88,150,29,1,64,67,471
73,2013,Jantel Lavender,LAS,F,34,571,3,107,211,0.507,0,0,,107,211,0.507,32,37,0.865,49,154,18,19,22,37,52,246
74,2013,Kara Lawson,CON,G,9,271,6,45,103,0.437,22,48,0.458,23,55,0.418,12,14,0.857,8,33,38,5,1,22,14,124
75,2013,Camille Smith,SEA,F,34,1030,34,121,277,0.437,13,46,0.283,108,231,0.468,114,142,0.803,65,161,47,42,9,81,89,369
76,2013,Sancho Lyttle,ATL,F,6,180,6,37,70,0.529,2,5,0.4,35,65,0.538,10,15,0.667,14,51,15,14,8,13,17,86
77,2013,Anne Marie Armstrong,ATL,G-F,9,25,0,2,4,0.5,2,4,0.5,0,0,,0,0,,1,4,0,1,0,1,2,6
78,2013,A'dia Mathies,LAS,G,30,276,0,24,68,0.353,4,16,0.25,20,52,0.385,16,25,0.64,7,20,23,9,2,17,35,68
79,2013,Janel McCarville,MIN,F-C,32,700,32,79,162,0.488,6,14,0.429,73,148,0.493,37,46,0.804,38,137,92,32,21,42,59,201
80,2013,Angel McCoughtry,ATL,F-G,33,1036,32,246,596,0.413,23,113,0.204,223,483,0.462,196,238,0.824,58,176,146,89,24,134,90,711
81,2013,Nadirah McKenith,WAS,G,32,282,0,29,78,0.372,7,22,0.318,22,56,0.393,25,34,0.735,4,36,33,19,2,22,21,90
82,2013,Emma Meesseman,WAS,F,34,498,1,66,148,0.446,0,2,0.0,66,146,0.452,17,21,0.81,40,106,42,19,24,29,54,149
83,2013,Leilani Mitchell,NYL,G,34,633,9,54,133,0.406,32,85,0.376,22,48,0.458,30,35,0.857,18,71,66,26,4,34,37,170
84,2013,Alex Montgomery,NYL,G-F,34,782,0,86,224,0.384,13,43,0.302,73,181,0.403,22,26,0.846,36,177,57,22,8,57,75,207
85,2013,Renee Montgomery,CON,G,23,625,18,81,222,0.365,36,110,0.327,45,112,0.402,35,39,0.897,7,41,71,18,1,56,39,233
86,2013,Jessica Moore,WAS,F-C,2,8,0,0,1,0.0,0,0,,0,1,0.0,0,0,,0,2,0,0,0,1,2,0
87,2013,Lindsey Moore,MIN,G,23,130,0,8,31,0.258,3,12,0.25,5,19,0.263,3,4,0.75,0,13,24,3,0,12,5,22
88,2013,Maya Moore,MIN,F,34,1068,34,233,458,0.509,72,159,0.453,161,299,0.538,90,102,0.882,59,210,101,59,33,57,97,628
89,2013,Shay Murphy,CHI,G,34,379,0,38,130,0.292,10,58,0.172,28,72,0.389,19,24,0.792,29,64,10,21,0,13,32,105
90,2013,Nneka Ogwumike,LAS,F,34,878,34,192,339,0.566,2,5,0.4,190,334,0.569,109,132,0.826,95,258,45,50,33,66,101,495
91,2013,Jenna O'Hea,LAS,F,29,398,0,28,64,0.438,20,40,0.5,8,24,0.333,10,15,0.667,12,50,31,10,6,17,38,86
92,2013,Courtney Paris,TUL,C,23,276,2,41,89,0.461,0,1,0.0,41,88,0.466,6,9,0.667,41,95,11,7,16,12,36,88
93,2013,Candace Parker,LAS,F-C,31,889,31,208,422,0.493,9,35,0.257,199,387,0.514,131,172,0.762,44,269,117,40,57,71,42,556
94,2013,Jia Perkins,SAS,G,34,1037,33,181,452,0.4,45,116,0.388,136,336,0.405,64,74,0.865,26,107,69,80,10,49,58,471
95,2013,Devereaux Peters,MIN,F,34,631,2,59,149,0.396,0,0,,59,149,0.396,23,27,0.852,52,156,37,24,34,30,56,141
96,2013,Erin Phillips,IND,G,18,383,6,36,98,0.367,23,48,0.479,13,50,0.26,12,16,0.75,4,19,29,15,1,14,22,107
97,2013,Plenette Pierson,NYL,F,32,883,27,147,367,0.401,0,7,0.0,147,360,0.408,77,107,0.72,63,186,80,16,20,79,68,371
98,2013,Jeanette Pohlen-Mavunga,IND,G,13,191,0,13,38,0.342,9,24,0.375,4,14,0.286,6,6,1.0,6,25,4,6,1,10,11,41
99,2013,Cappie Pondexter,NYL,G,30,1027,30,171,475,0.36,38,103,0.369,133,372,0.358,127,156,0.814,15,135,119,31,4,104,50,507
100,2013,Chelsea Poppens,SAS,F,8,63,0,4,9,0.444,0,0,,4,9,0.444,1,4,0.25,9,17,1,1,0,2,11,9
101,2013,Nicole Powell,TUL,F,32,715,20,73,180,0.406,38,105,0.362,35,75,0.467,22,27,0.815,31,119,41,24,6,29,54,206
102,2013,Armintie Herrington,ATL,G,28,838,26,78,167,0.467,0,0,,78,167,0.467,39,66,0.591,43,95,67,65,3,52,55,195
103,2013,Epiphanny Prince,CHI,G,31,930,31,148,394,0.376,61,154,0.396,87,240,0.363,108,120,0.9,18,84,93,51,12,43,45,465
104,2013,Allie Quigley,CHI,G,34,318,0,48,152,0.316,17,54,0.315,31,98,0.316,16,18,0.889,7,24,22,12,4,20,23,129
105,2013,Noelle Quinn,SEA,G,34,870,15,70,198,0.354,13,56,0.232,57,142,0.401,32,38,0.842,21,165,56,28,8,42,39,185
106,2013,Ruth Riley,ATL,C,16,121,0,6,19,0.316,2,5,0.4,4,14,0.286,4,6,0.667,3,12,3,3,4,8,25,18
107,2013,Ashley Robinson,SEA,C,21,200,0,13,29,0.448,0,0,,13,29,0.448,6,10,0.6,11,29,7,1,8,23,32,32
108,2013,Danielle Robinson,SAS,G,25,812,25,115,259,0.444,0,6,0.0,115,253,0.455,51,64,0.797,19,78,168,34,4,64,49,281
109,2013,Sugar Rodgers,MIN,G,28,212,0,19,60,0.317,10,32,0.313,9,28,0.321,4,7,0.571,11,40,14,15,9,12,32,52
110,2013,Tierra Ruffin-Pratt,WAS,G,34,503,0,51,142,0.359,1,7,0.143,50,135,0.37,47,60,0.783,33,95,26,22,8,22,57,150
111,2013,Nakia Sanford,SEA,C-F,15,153,0,8,27,0.296,0,0,,8,27,0.296,9,16,0.563,12,30,8,1,4,12,28,25
112,2013,Katie Smith,NYL,G,34,904,30,76,203,0.374,28,89,0.315,48,114,0.421,28,33,0.848,9,64,61,24,6,43,53,208
113,2013,Michelle Snow,WAS,C,34,571,18,73,154,0.474,0,0,,73,154,0.474,28,34,0.824,50,163,20,16,25,34,78,174
114,2013,Shekinna Stricklen,SEA,F,34,797,21,131,319,0.411,54,157,0.344,77,162,0.475,25,39,0.641,28,96,28,25,13,40,54,341
115,2013,Carolyn Swords,CHI,C,16,181,2,26,42,0.619,0,0,,26,42,0.619,7,9,0.778,16,41,10,8,12,14,33,59
116,2013,Diana Taurasi,PHO,G,32,1032,32,200,439,0.456,69,199,0.347,131,240,0.546,182,213,0.854,18,134,197,22,15,116,103,651
117,2013,Penny Taylor,PHO,F,10,161,3,25,53,0.472,8,19,0.421,17,34,0.5,26,27,0.963,6,21,17,8,1,6,7,84
118,2013,Jasmine Thomas,ATL,G,34,935,29,120,334,0.359,16,74,0.216,104,260,0.4,32,46,0.696,24,103,106,29,9,71,63,288
119,2013,Krystal Thomas,PHO,C,34,477,3,33,64,0.516,0,0,,33,64,0.516,13,31,0.419,39,140,7,8,17,32,90,79
120,2013,Tina Thompson,SEA,F,34,976,34,154,376,0.41,60,162,0.37,94,214,0.439,111,127,0.874,40,198,39,18,22,50,79,479
121,2013,Erin Thorn,IND,G,6,67,0,2,12,0.167,1,6,0.167,1,6,0.167,2,2,1.0,0,3,4,2,1,5,2,7
122,2013,Joslyn Tinkle,SEA,F,6,11,0,0,3,0.0,0,2,0.0,0,1,0.0,0,0,,1,3,0,0,0,0,1,0
123,2013,Kristi Toliver,LAS,G,34,1019,34,181,396,0.457,49,128,0.383,132,268,0.493,69,83,0.831,18,87,114,43,6,65,86,480
124,2013,Courtney Vandersloot,CHI,G,33,985,33,106,268,0.396,17,56,0.304,89,212,0.42,60,72,0.833,10,106,184,46,28,82,86,289
125,2013,Kia Vaughn,WAS,C,34,680,15,99,233,0.425,0,1,0.0,99,232,0.427,35,46,0.761,50,176,22,24,37,52,78,233
126,2013,Ashley Walker,CON,F-C,7,55,0,5,17,0.294,2,8,0.25,3,9,0.333,1,1,1.0,9,16,2,2,3,6,4,13
127,2013,Lindsay Whalen,MIN,G,34,1005,34,198,407,0.486,1,9,0.111,197,398,0.495,108,138,0.783,22,148,197,26,2,74,67,505
128,2013,Tan White,CON,G,22,549,12,84,255,0.329,15,76,0.197,69,179,0.385,20,27,0.741,17,61,44,34,6,52,59,203
129,2013,Davellyn Whyte,SAS,G,29,433,4,42,130,0.323,18,60,0.3,24,70,0.343,28,37,0.757,18,55,52,20,7,42,36,130
130,2013,Candice Wiggins,TUL,G,32,876,31,103,284,0.363,57,157,0.363,46,127,0.362,61,77,0.792,27,92,63,39,7,59,93,324
131,2013,Kamiko Williams,NYL,G,34,453,18,39,121,0.322,6,23,0.261,33,98,0.337,4,7,0.571,16,73,32,24,8,30,38,88
132,2013,Le'coe Willingham,ATL,F,34,755,28,56,132,0.424,14,46,0.304,42,86,0.488,15,21,0.714,45,142,27,27,11,42,83,141
133,2013,Riquna Williams,TUL,G,27,612,6,139,350,0.397,45,118,0.381,94,232,0.405,99,110,0.9,14,64,49,27,7,40,59,422
134,2013,Julie Wojta,SAS,G-F,3,25,0,2,2,1.0,0,0,,2,2,1.0,2,3,0.667,2,6,1,3,0,3,1,6
135,2013,Monica Wright,MIN,G,33,743,3,110,257,0.428,10,39,0.256,100,218,0.459,68,86,0.791,20,96,76,34,6,58,90,298
136,2013,Tanisha Wright,SEA,G,34,1050,34,146,332,0.44,13,46,0.283,133,286,0.465,100,117,0.855,29,127,138,38,7,98,90,405
137,2013,Tamera Young,CHI,F,33,596,8,81,190,0.426,0,1,0.0,81,189,0.429,23,38,0.605,43,125,21,17,5,22,61,185
138,2013,Toni Young,NYL,F,31,344,10,58,122,0.475,0,1,0.0,58,121,0.479,12,18,0.667,24,58,14,9,10,26,57,128
139,2013,Shavonte Zellous,IND,G,29,908,29,146,352,0.415,39,112,0.348,107,240,0.446,96,123,0.78,27,100,48,27,21,54,93,427
140,2013,Sharnee Zoll,CHI,G,19,184,0,6,28,0.214,0,6,0.0,6,22,0.273,5,8,0.625,0,14,33,3,0,16,15,17
141,2013,Jasmine Hassell,TOT,F,22,162,0,13,47,0.277,0,1,0.0,13,46,0.283,8,17,0.471,10,19,8,4,1,7,22,34
142,2013,DeLisha Milton-Jones,TOT,F,26,622,17,82,206,0.398,5,24,0.208,77,182,0.423,43,61,0.705,37,109,49,19,10,42,67,212
143,2013,Kayla Pedersen,TOT,F,34,431,5,39,101,0.386,0,1,0.0,39,100,0.39,23,34,0.676,32,100,31,21,14,28,52,101
144,2013,Samantha Prahalis,TOT,G,11,109,2,8,25,0.32,0,5,0.0,8,20,0.4,2,2,1.0,1,10,17,4,1,13,18,18
145,2013,Avery Warley-Talbert,TOT,C,22,215,5,17,41,0.415,0,0,,17,41,0.415,8,10,0.8,25,69,2,8,7,11,33,42
0,2014,Farhiya Abdi,LAS,F,17,142,0,19,44,0.432,1,7,0.143,18,37,0.486,3,3,1.0,3,9,5,1,0,6,15,42
1,2014,Danielle Adams,SAS,F-C,34,700,14,135,332,0.407,39,127,0.307,96,205,0.468,63,79,0.797,42,141,32,22,24,43,102,372
2,2014,Matee Ajavon,ATL,G,24,220,1,15,54,0.278,1,9,0.111,14,45,0.311,21,29,0.724,10,18,16,11,1,22,29,52
3,2014,Kayla Alexander,SAS,C,33,298,0,33,76,0.434,0,0,,33,76,0.434,26,31,0.839,27,66,6,4,10,22,39,92
4,2014,Jayne Appel-Marinelli,SAS,C,34,843,34,70,130,0.538,1,1,1.0,69,129,0.535,26,43,0.605,66,270,73,16,30,47,95,167
5,2014,Seimone Augustus,MIN,G-F,24,749,24,170,333,0.511,12,36,0.333,158,297,0.532,44,52,0.846,13,87,58,10,2,39,23,396
6,2014,Mistie Bass,PHO,F,34,493,0,58,114,0.509,0,0,,58,114,0.509,32,48,0.667,41,110,18,16,13,24,52,148
7,2014,Vicki Baugh,TUL,F-C,33,266,0,33,56,0.589,0,0,,33,56,0.589,16,22,0.727,36,95,5,11,7,16,55,82
8,2014,Alana Beard,LAS,G-F,33,913,33,119,257,0.463,8,28,0.286,111,229,0.485,35,47,0.745,19,86,84,37,15,59,86,281
9,2014,Alex Bentley,CON,G,34,872,30,174,402,0.433,31,96,0.323,143,306,0.467,37,49,0.755,7,58,126,44,3,68,91,416
10,2014,Tiffany Bias,PHO,G,17,68,0,7,18,0.389,2,6,0.333,5,12,0.417,2,6,0.333,0,3,6,5,0,12,12,18
11,2014,Sue Bird,SEA,G,33,963,33,129,334,0.386,39,113,0.345,90,221,0.407,54,65,0.831,6,72,133,26,1,75,32,351
12,2014,Kelsey Bone,CON,C,34,793,26,137,304,0.451,0,3,0.0,137,301,0.455,43,65,0.662,57,181,46,22,16,67,103,317
13,2014,DeWanna Bonner,PHO,F-G,34,994,34,129,281,0.459,24,86,0.279,105,195,0.538,71,91,0.78,35,139,79,49,15,47,43,353
14,2014,Gennifer Brandon,CHI,F,16,122,2,11,33,0.333,0,0,,11,33,0.333,6,13,0.462,11,41,3,3,7,10,6,28
15,2014,Kara Braxton,NYL,C-F,4,31,0,4,8,0.5,0,0,,4,8,0.5,2,2,1.0,1,4,3,1,1,4,1,10
16,2014,Jessica Breland,CHI,F,32,849,32,135,293,0.461,0,3,0.0,135,290,0.466,41,54,0.759,63,219,61,29,58,70,90,311
17,2014,Rebekkah Brunson,MIN,F,11,303,11,32,81,0.395,0,0,,32,81,0.395,15,21,0.714,27,90,17,3,8,10,20,79
18,2014,Heather Butler,SAS,G,11,38,0,1,9,0.111,1,6,0.167,0,3,0.0,3,4,0.75,1,3,3,0,0,5,7,6
19,2014,Kelley Cain,CON,C,8,45,0,4,16,0.25,0,0,,4,16,0.25,3,4,0.75,5,12,1,2,4,3,9,11
20,2014,Essence Carson,NYL,G,26,365,11,35,99,0.354,7,24,0.292,28,75,0.373,10,12,0.833,9,43,23,9,4,26,23,87
21,2014,Sydney Carter,IND,G,23,287,0,23,80,0.288,4,24,0.167,19,56,0.339,23,31,0.742,6,21,30,8,3,33,21,73
22,2014,Tamika Catchings,IND,F,16,430,16,90,202,0.446,14,38,0.368,76,164,0.463,64,81,0.79,21,102,30,27,13,33,30,258
23,2014,Tina Charles,NYL,C,34,1119,34,236,511,0.462,0,0,,236,511,0.462,118,157,0.752,89,320,74,44,30,77,57,590
24,2014,Karima Christmas-Kelly,IND,F-G,34,736,3,69,201,0.343,27,70,0.386,42,131,0.321,71,94,0.755,47,121,29,30,9,25,70,236
25,2014,Shameka Christon,SAS,G,31,338,0,38,107,0.355,25,81,0.309,13,26,0.5,12,15,0.8,9,40,6,7,4,8,33,113
26,2014,Layshia Clarendon,IND,G,29,398,3,49,122,0.402,6,19,0.316,43,103,0.417,17,24,0.708,12,42,34,11,0,28,33,121
27,2014,Alysha Clark,SEA,F,34,561,22,56,125,0.448,14,57,0.246,42,68,0.618,16,23,0.696,26,73,20,16,10,24,64,142
28,2014,Courtney Clements,CHI,G,33,376,1,36,99,0.364,4,23,0.174,32,76,0.421,12,12,1.0,14,55,22,12,2,13,32,88
29,2014,Marissa Coleman,IND,G-F,34,815,32,106,271,0.391,43,113,0.381,63,158,0.399,49,60,0.817,28,112,37,27,11,40,68,304
30,2014,Nadia Colhado,ATL,C,16,127,0,21,42,0.5,0,0,,21,42,0.5,2,7,0.286,4,29,1,5,6,8,23,44
31,2014,Anna Cruz,NYL,G,34,922,34,109,236,0.462,17,49,0.347,92,187,0.492,27,39,0.692,14,118,121,44,9,72,61,262
32,2014,Monique Currie,WAS,F,34,804,28,103,262,0.393,19,83,0.229,84,179,0.469,111,140,0.793,29,157,52,36,5,49,90,336
33,2014,Damiris Dantas,MIN,C-F,30,655,23,71,139,0.511,1,1,1.0,70,138,0.507,38,50,0.76,46,152,36,15,11,24,62,181
34,2014,Elena Delle Donne,CHI,F-G,16,408,9,91,212,0.429,20,55,0.364,71,157,0.452,84,90,0.933,22,64,18,9,24,12,22,286
35,2014,Erika de Souza,ATL,F-C,33,986,33,192,352,0.545,0,0,,192,352,0.545,72,102,0.706,97,286,39,37,47,58,93,456
36,2014,Skylar Diggins,TUL,G,34,1192,34,232,547,0.424,33,116,0.284,199,431,0.462,186,221,0.842,25,86,170,50,20,97,88,683
37,2014,Stefanie Dolson,WAS,C,34,627,1,87,177,0.492,0,3,0.0,87,174,0.5,30,37,0.811,31,149,42,12,37,58,91,204
38,2014,Katie Douglas,CON,G-F,32,1040,32,133,372,0.358,63,177,0.356,70,195,0.359,89,105,0.848,25,106,69,30,13,71,56,418
39,2014,Celine Dumerc,ATL,G,28,527,11,28,95,0.295,12,52,0.231,16,43,0.372,25,36,0.694,16,56,112,30,2,58,54,93
40,2014,Candice Dupree,PHO,F,34,1062,34,210,394,0.533,0,0,,210,394,0.533,73,86,0.849,41,257,80,29,18,48,47,493
41,2014,Aaryn Ellenberg,CHI,G,2,1,0,0,0,,0,0,,0,0,,0,0,,0,0,0,0,0,0,0,0
42,2014,Kelly Faris,CON,G,25,192,0,8,33,0.242,4,15,0.267,4,18,0.222,8,10,0.8,6,29,9,3,2,7,18,28
43,2014,Jamierra Faulkner,CHI,G,34,694,18,96,265,0.362,13,49,0.265,83,216,0.384,62,74,0.838,11,68,120,33,7,81,66,267
44,2014,Sylvia Fowles,CHI,C,20,596,18,101,185,0.546,0,0,,101,185,0.546,65,83,0.783,45,203,11,28,41,57,66,267
45,2014,Markeisha Gatling,CHI,C,29,319,1,46,71,0.648,0,0,,46,71,0.648,16,22,0.727,23,69,1,3,13,20,64,108
46,2014,Briana Gilbreath-Butler,CON,G,6,36,0,1,6,0.167,0,2,0.0,1,4,0.25,0,0,,0,5,0,1,1,2,3,2
47,2014,Sasha Goodlett,CHI,C,34,440,15,44,97,0.454,0,0,,44,97,0.454,26,36,0.722,26,78,11,11,17,21,52,114
48,2014,Angel Goodrich,TUL,G,28,181,0,12,24,0.5,1,2,0.5,11,22,0.5,4,7,0.571,2,10,23,8,0,20,13,29
49,2014,Kalana Greene,WAS,G,20,78,0,6,15,0.4,0,2,0.0,6,13,0.462,3,4,0.75,0,11,1,7,0,0,9,15
50,2014,Nikki Greene,LAS,F-C,11,38,0,2,10,0.2,0,0,,2,10,0.2,1,1,1.0,3,11,0,1,1,5,10,5
51,2014,Kelsey Griffin,CON,F,31,594,10,52,159,0.327,8,30,0.267,44,129,0.341,24,34,0.706,58,159,25,39,15,20,73,136
52,2014,Brittney Griner,PHO,C,34,1045,34,219,379,0.578,0,0,,219,379,0.578,93,116,0.802,62,271,56,22,129,65,109,531
53,2014,Sandrine Gruda,LAS,F-C,34,409,0,51,130,0.392,0,0,,51,130,0.392,26,39,0.667,40,102,19,13,5,45,43,128
54,2014,Becky Hammon,SAS,G,32,784,32,91,218,0.417,47,118,0.398,44,100,0.44,35,35,1.0,3,45,135,13,4,53,37,264
55,2014,Lindsey Harding,LAS,G,31,705,10,70,210,0.333,5,22,0.227,65,188,0.346,33,42,0.786,14,55,98,32,1,45,50,178
56,2014,Bria Hartley,WAS,G,34,921,29,116,305,0.38,33,101,0.327,83,204,0.407,64,82,0.78,19,72,105,24,2,85,60,329
57,2014,Jasmine Hassell,IND,F,2,21,0,3,5,0.6,0,0,,3,5,0.6,0,0,,0,0,1,3,0,2,5,6
58,2014,Tianna Hawkins,WAS,F,34,360,0,57,119,0.479,5,17,0.294,52,102,0.51,23,32,0.719,49,103,17,14,7,33,69,142
59,2014,Tiffany Hayes,ATL,G,34,966,32,143,307,0.466,40,112,0.357,103,195,0.528,111,146,0.76,31,101,86,34,9,40,83,437
60,2014,Aneika Henry-Morello,ATL,F-C,34,435,4,64,110,0.582,0,0,,64,110,0.582,25,37,0.676,47,115,9,7,23,32,59,153
61,2014,Allison Hightower,CON,G,14,335,10,41,104,0.394,6,27,0.222,35,77,0.455,20,22,0.909,10,31,20,18,4,13,34,108
62,2014,Tayler Hill,WAS,G,5,39,0,1,13,0.077,1,7,0.143,0,6,0.0,2,2,1.0,0,1,2,1,0,0,0,5
63,2014,Roneeka Hodges,TUL,G,34,720,34,64,185,0.346,29,112,0.259,35,73,0.479,23,29,0.793,19,60,47,17,5,20,68,180
64,2014,Ebony Hoffman,CON,F,8,68,0,6,18,0.333,0,1,0.0,6,17,0.353,0,0,,6,14,4,5,0,6,12,12
65,2014,Jordan Hooper,TUL,F,34,646,1,68,192,0.354,46,140,0.329,22,52,0.423,15,21,0.714,23,81,19,12,7,28,46,197
66,2014,Charde Houston,NYL,F,17,142,0,23,51,0.451,1,8,0.125,22,43,0.512,9,13,0.692,6,17,10,9,6,15,25,56
67,2014,Natasha Howard,IND,F,34,576,15,98,221,0.443,0,1,0.0,98,220,0.445,41,69,0.594,52,104,21,26,23,52,87,237
68,2014,Tiffany Jackson-Jones,TUL,F,7,71,0,6,15,0.4,0,0,,6,15,0.4,3,4,0.75,3,13,1,4,1,4,9,15
69,2014,Briann January,IND,G,31,895,31,109,282,0.387,36,94,0.383,73,188,0.388,66,75,0.88,12,50,116,38,9,71,73,320
70,2014,Chucky Jeffery,NYL,G,15,72,0,7,17,0.412,0,1,0.0,7,16,0.438,1,4,0.25,3,15,3,6,1,4,7,15
71,2014,Anete Jekabsone-Zogota,PHO,G,32,341,0,31,97,0.32,15,49,0.306,16,48,0.333,10,10,1.0,2,17,30,5,0,24,31,87
72,2014,Glory Johnson,TUL,F,33,1070,33,173,385,0.449,0,3,0.0,173,382,0.453,139,183,0.76,95,305,46,45,13,87,107,485
73,2014,Shenise Johnson,SAS,G,30,537,1,68,170,0.4,16,43,0.372,52,127,0.409,29,35,0.829,30,99,43,29,3,32,29,181
74,2014,Temeka Johnson,SEA,G,34,578,3,73,202,0.361,17,50,0.34,56,152,0.368,35,38,0.921,8,72,110,24,2,53,41,198
75,2014,Lynetta Kizer,IND,F,31,280,1,53,123,0.431,0,0,,53,123,0.431,13,21,0.619,29,75,2,9,8,25,57,119
76,2014,Ewelina Kobryn,PHO,C,20,137,0,10,35,0.286,0,4,0.0,10,31,0.323,11,18,0.611,6,22,3,6,2,6,24,31
77,2014,Jennifer Lacy,TUL,F,34,357,1,41,111,0.369,19,59,0.322,22,52,0.423,18,31,0.581,18,50,11,6,4,28,65,119
78,2014,Natasha Lacy,NYL,G,11,82,0,7,14,0.5,0,2,0.0,7,12,0.583,3,8,0.375,0,9,10,11,0,3,4,17
79,2014,Crystal Langhorne,SEA,F-C,34,983,34,180,315,0.571,2,3,0.667,178,312,0.571,75,114,0.658,57,253,34,21,12,68,76,437
80,2014,Erlana Larkins,IND,F,33,1044,33,124,207,0.599,0,0,,124,207,0.599,73,102,0.716,99,303,84,64,27,74,105,321
81,2014,Ivory Latta,WAS,G,34,1079,33,140,354,0.395,81,215,0.377,59,139,0.424,75,90,0.833,17,81,112,24,1,66,55,436
82,2014,Jantel Lavender,LAS,F,34,963,27,174,330,0.527,1,5,0.2,173,325,0.532,54,68,0.794,66,213,51,17,27,66,66,403
83,2014,Kara Lawson,WAS,G,28,610,4,69,182,0.379,29,86,0.337,40,96,0.417,29,31,0.935,11,81,69,8,1,35,30,196
84,2014,Tricia Liston,MIN,F,25,181,0,18,45,0.4,14,30,0.467,4,15,0.267,4,6,0.667,3,28,8,1,3,3,13,54
85,2014,Camille Smith,SEA,F,33,1017,33,146,326,0.448,27,80,0.338,119,246,0.484,106,133,0.797,40,143,53,34,14,80,84,425
86,2014,Maggie Lucas,IND,G,30,310,0,34,102,0.333,20,65,0.308,14,37,0.378,22,23,0.957,3,26,20,8,5,11,36,110
87,2014,Sancho Lyttle,ATL,F,34,1064,34,179,390,0.459,3,11,0.273,176,379,0.464,53,80,0.663,84,305,82,74,20,49,91,414
88,2014,Kayla McBride,SAS,G,34,884,34,154,379,0.406,57,144,0.396,97,235,0.413,77,91,0.846,22,79,58,33,4,42,39,442
89,2014,Janel McCarville,MIN,F-C,34,920,34,107,234,0.457,8,24,0.333,99,210,0.471,48,65,0.738,38,164,105,40,29,58,79,270
90,2014,Angel McCoughtry,ATL,F-G,31,972,29,206,491,0.42,31,105,0.295,175,386,0.453,131,162,0.809,53,162,113,74,12,116,93,574
91,2014,Danielle McCray,CON,F,18,208,2,13,56,0.232,2,6,0.333,11,50,0.22,7,14,0.5,9,26,14,11,1,25,18,35
92,2014,Nadirah McKenith,MIN,G,6,24,0,1,4,0.25,0,0,,1,4,0.25,2,2,1.0,0,4,1,1,0,1,2,4
93,2014,Shanece McKinney,NYL,C-F,24,164,0,16,38,0.421,0,0,,16,38,0.421,12,24,0.5,18,34,7,2,4,6,21,44
94,2014,Emma Meesseman,WAS,F,34,931,34,146,281,0.52,0,2,0.0,146,279,0.523,50,55,0.909,80,218,86,48,34,61,84,342
95,2014,Jelena Milovanovic,WAS,F-C,16,181,2,25,64,0.391,5,23,0.217,20,41,0.488,15,17,0.882,8,24,9,5,1,18,15,70
96,2014,Alex Montgomery,NYL,G-F,34,745,20,70,171,0.409,28,65,0.431,42,106,0.396,11,16,0.688,35,133,34,24,6,39,87,179
97,2014,Renee Montgomery,CON,G,33,536,0,78,209,0.373,35,106,0.33,43,103,0.417,31,40,0.775,5,25,78,20,2,44,40,222
98,2014,Lindsey Moore,MIN,G,12,102,0,3,15,0.2,3,9,0.333,0,6,0.0,4,6,0.667,0,9,14,4,0,3,9,13
99,2014,Maya Moore,MIN,F,34,1181,34,295,613,0.481,62,185,0.335,233,428,0.544,160,181,0.884,72,275,116,64,28,80,87,812
100,2014,Darxia Morris,LAS,G,4,31,0,3,13,0.231,0,5,0.0,3,8,0.375,0,0,,2,3,3,2,0,2,5,6
101,2014,Shay Murphy,PHO,G,27,326,1,39,92,0.424,10,31,0.323,29,61,0.475,18,24,0.75,16,45,30,18,2,8,29,106
102,2014,Astou Ndour-Fall,SAS,C-F,8,35,0,8,19,0.421,1,3,0.333,7,16,0.438,0,0,,4,9,0,0,2,3,4,17
103,2014,Chiney Ogwumike,CON,F-C,31,921,31,196,365,0.537,0,0,,196,365,0.537,88,127,0.693,122,263,20,36,37,59,113,480
104,2014,Nneka Ogwumike,LAS,F,33,911,33,204,392,0.52,3,10,0.3,201,382,0.526,110,126,0.873,66,234,49,58,16,68,93,521
105,2014,Jenna O'Hea,SEA,F,29,389,0,51,117,0.436,29,72,0.403,22,45,0.489,9,10,0.9,14,38,30,12,9,24,49,140
106,2014,Inga Orekhova,ATL,G,2,13,0,0,5,0.0,0,3,0.0,0,2,0.0,0,0,,0,1,0,0,2,0,1,0
107,2014,Courtney Paris,TUL,C,34,940,34,139,242,0.574,0,0,,139,242,0.574,35,71,0.493,136,347,37,28,36,36,115,313
108,2014,Candace Parker,LAS,F-C,30,995,29,216,461,0.469,19,62,0.306,197,399,0.494,132,156,0.846,29,214,128,54,41,78,51,583
109,2014,Kayla Pedersen,CON,F,31,310,1,16,42,0.381,0,0,,16,42,0.381,13,21,0.619,23,72,10,7,4,16,35,45
110,2014,Jia Perkins,SAS,G,23,520,2,107,242,0.442,39,95,0.411,68,147,0.463,34,38,0.895,11,52,38,34,5,22,29,287
111,2014,Devereaux Peters,MIN,F,28,504,0,54,122,0.443,0,0,,54,122,0.443,14,19,0.737,31,103,48,22,28,30,69,122
112,2014,Erin Phillips,PHO,G,33,617,10,64,147,0.435,35,78,0.449,29,69,0.42,27,32,0.844,10,54,72,23,1,39,44,190
113,2014,Plenette Pierson,NYL,F,33,573,8,80,176,0.455,0,3,0.0,80,173,0.462,79,92,0.859,30,103,38,14,4,46,73,239
114,2014,Theresa Plaisance,TUL,F,19,89,0,3,20,0.15,2,5,0.4,1,15,0.067,4,4,1.0,6,15,5,4,5,3,22,12
115,2014,Cappie Pondexter,NYL,G,34,1052,34,161,415,0.388,23,83,0.277,138,332,0.416,103,134,0.769,22,114,132,34,4,89,41,448
116,2014,Nicole Powell,SEA,F,26,339,0,18,69,0.261,13,52,0.25,5,17,0.294,7,9,0.778,12,47,7,20,3,11,39,56
117,2014,Samantha Prahalis,LAS,G,2,21,0,2,4,0.5,0,1,0.0,2,3,0.667,0,0,,0,3,0,0,0,1,4,4
118,2014,Armintie Herrington,LAS,G,34,789,17,59,123,0.48,0,1,0.0,59,122,0.484,16,35,0.457,41,94,67,51,6,33,65,134
119,2014,Epiphanny Prince,CHI,G,26,840,24,123,321,0.383,32,98,0.327,91,223,0.408,113,129,0.876,16,77,100,49,11,46,62,391
120,2014,Allie Quigley,CHI,G,34,842,1,144,324,0.444,41,106,0.387,103,218,0.472,51,58,0.879,14,74,65,23,7,62,57,380
121,2014,Noelle Quinn,SEA,G,32,483,5,46,121,0.38,8,31,0.258,38,90,0.422,22,25,0.88,14,80,43,17,3,18,27,122
122,2014,Angel Robinson,SEA,F-C,25,179,1,23,40,0.575,0,0,,23,40,0.575,8,10,0.8,11,36,7,6,8,19,32,54
123,2014,Danielle Robinson,SAS,G,33,1091,33,165,361,0.457,0,7,0.0,165,354,0.466,96,102,0.941,22,115,174,55,5,79,96,426
124,2014,Sugar Rodgers,NYL,G,34,564,0,72,204,0.353,24,83,0.289,48,121,0.397,36,49,0.735,14,70,44,23,10,33,52,204
125,2014,Waltiea Rolle,SEA,C,6,66,0,7,10,0.7,0,0,,7,10,0.7,2,2,1.0,5,19,2,2,0,2,5,16
126,2014,Tierra Ruffin-Pratt,WAS,G,34,550,6,59,154,0.383,5,20,0.25,54,134,0.403,31,44,0.705,26,99,43,24,4,29,60,154
127,2014,Shoni Schimmel,ATL,G,34,725,2,104,278,0.374,53,155,0.342,51,123,0.415,21,25,0.84,18,76,124,26,3,83,38,282
128,2014,Odyssey Sims,TUL,G,34,1169,31,201,495,0.406,47,136,0.346,154,359,0.429,120,143,0.839,28,96,142,44,10,71,87,569
129,2014,Shekinna Stricklen,SEA,F,33,578,10,86,200,0.43,47,122,0.385,39,78,0.5,19,26,0.731,9,69,23,20,3,27,65,238
130,2014,Diana Taurasi,PHO,G,33,1018,33,171,377,0.454,62,170,0.365,109,207,0.527,132,151,0.874,10,125,185,22,10,87,99,536
131,2014,Asia Taylor,MIN,F,22,173,0,21,40,0.525,0,0,,21,40,0.525,18,24,0.75,12,30,10,4,0,16,34,60
132,2014,Penny Taylor,PHO,F,33,773,24,114,238,0.479,30,84,0.357,84,154,0.545,89,105,0.848,14,103,102,40,15,57,54,347
133,2014,Alyssa Thomas,CON,F,34,927,28,127,291,0.436,2,6,0.333,125,285,0.439,87,115,0.757,63,173,51,35,6,58,70,343
134,2014,Jasmine Thomas,ATL,G,34,594,23,61,189,0.323,12,47,0.255,49,142,0.345,30,42,0.714,18,70,55,16,5,38,46,164
135,2014,Krystal Thomas,IND,C,21,176,3,18,33,0.545,0,0,,18,33,0.545,6,14,0.429,15,47,8,4,15,12,29,42
136,2014,Amanda Thompson,ATL,F,21,174,0,13,36,0.361,0,0,,13,36,0.361,10,12,0.833,20,45,10,5,10,12,25,36
137,2014,Kristi Toliver,LAS,G,27,770,21,115,260,0.442,46,117,0.393,69,143,0.483,43,51,0.843,8,58,112,30,1,46,66,319
138,2014,Courtney Vandersloot,CHI,G,18,452,16,47,117,0.402,9,24,0.375,38,93,0.409,20,24,0.833,8,39,102,21,9,47,43,123
139,2014,Kia Vaughn,WAS,C,33,795,33,135,295,0.458,0,2,0.0,135,293,0.461,26,41,0.634,60,207,39,31,15,47,75,296
140,2014,Avery Warley-Talbert,NYL,C,28,443,23,46,94,0.489,0,0,,46,94,0.489,25,30,0.833,46,105,4,10,10,28,72,117
141,2014,Lindsay Whalen,MIN,G,34,1040,34,180,375,0.48,1,10,0.1,179,365,0.49,117,152,0.77,21,142,188,30,2,62,55,478
142,2014,Tan White,MIN,G,34,604,1,64,160,0.4,22,66,0.333,42,94,0.447,17,23,0.739,11,62,38,30,5,31,68,167
143,2014,Davellyn Whyte,SAS,G,2,10,0,0,3,0.0,0,1,0.0,0,2,0.0,0,0,,0,0,1,1,0,1,3,0
144,2014,Candice Wiggins,LAS,G,17,237,0,9,48,0.188,6,24,0.25,3,24,0.125,4,5,0.8,8,20,16,12,3,10,31,28
145,2014,Riquna Williams,TUL,G,11,174,2,28,69,0.406,6,27,0.222,22,42,0.524,14,15,0.933,5,20,13,15,2,15,16,76
146,2014,Monica Wright,MIN,G,24,441,9,52,124,0.419,5,18,0.278,47,106,0.443,31,42,0.738,6,52,50,17,8,36,51,140
147,2014,Tanisha Wright,SEA,G,29,740,29,80,192,0.417,5,18,0.278,75,174,0.431,66,83,0.795,14,68,103,27,4,61,75,231
148,2014,Sophia Young-Malcolm,SAS,F,34,823,20,115,245,0.469,0,4,0.0,115,241,0.477,48,73,0.658,62,158,52,37,6,26,56,278
149,2014,Tamera Young,CHI,F,34,937,33,99,226,0.438,0,0,,99,226,0.438,30,54,0.556,37,172,41,23,5,27,88,228
150,2014,Toni Young,NYL,F,8,38,0,3,10,0.3,0,0,,3,10,0.3,3,5,0.6,1,6,1,1,2,0,6,9
151,2014,Shavonte Zellous,IND,G,34,931,33,131,319,0.411,25,82,0.305,106,237,0.447,87,111,0.784,22,94,71,24,16,55,100,374
152,2014,Swin Cash,TOT,F,32,389,5,33,108,0.306,1,19,0.053,32,89,0.36,26,39,0.667,14,60,33,12,5,35,43,93
153,2014,DeLisha Milton-Jones,TOT,F,21,343,2,48,121,0.397,3,12,0.25,45,109,0.413,19,25,0.76,11,49,20,9,9,23,41,118
0,2015,Farhiya Abdi,LAS,F,18,237,5,28,79,0.354,9,33,0.273,19,46,0.413,4,7,0.571,5,30,9,7,2,13,31,69
1,2015,Natalie Achonwa,IND,F,28,484,17,88,160,0.55,0,0,,88,160,0.55,47,63,0.746,40,97,17,14,13,37,58,223
2,2015,Danielle Adams,SAS,F-C,30,482,2,79,191,0.414,22,68,0.324,57,123,0.463,43,52,0.827,33,100,14,14,9,37,45,223
3,2015,Matee Ajavon,ATL,G,33,580,11,66,163,0.405,3,18,0.167,63,145,0.434,60,73,0.822,21,82,79,47,5,60,80,195
4,2015,Kayla Alexander,SAS,C,29,358,0,37,89,0.416,0,0,,37,89,0.416,22,34,0.647,29,95,6,6,24,24,43,96
5,2015,Rebecca Allen,NYL,F-G,2,34,0,3,10,0.3,0,4,0.0,3,6,0.5,0,0,,2,9,0,3,2,3,1,6
6,2015,Jayne Appel-Marinelli,SAS,C,30,673,28,39,102,0.382,0,4,0.0,39,98,0.398,22,34,0.647,38,187,41,23,38,40,75,100
7,2015,Seimone Augustus,MIN,G-F,16,481,16,96,218,0.44,3,23,0.13,93,195,0.477,26,26,1.0,9,46,39,9,5,19,17,221
8,2015,Valeriane Ayayi,SAS,F,16,147,0,15,48,0.313,4,21,0.19,11,27,0.407,3,7,0.429,8,28,6,8,5,9,18,37
9,2015,Mistie Bass,PHO,F,33,458,7,56,109,0.514,0,1,0.0,56,108,0.519,24,44,0.545,40,100,24,26,24,21,53,136
10,2015,Vicki Baugh,TUL,F-C,34,533,6,69,146,0.473,0,1,0.0,69,145,0.476,45,61,0.738,49,140,20,18,12,43,68,183
11,2015,Alana Beard,LAS,G-F,15,365,11,49,100,0.49,2,11,0.182,47,89,0.528,9,10,0.9,3,43,38,17,7,20,31,109
12,2015,Alex Bentley,CON,G,25,749,25,142,347,0.409,39,116,0.336,103,231,0.446,44,53,0.83,1,49,49,49,5,29,64,367
13,2015,Tiffany Bias,PHO,G,15,95,0,10,29,0.345,4,12,0.333,6,17,0.353,4,6,0.667,0,2,11,2,0,6,10,28
14,2015,Sue Bird,SEA,G,27,773,27,107,279,0.384,25,83,0.301,82,196,0.418,39,49,0.796,5,63,147,24,2,66,32,278
15,2015,Abby Bishop,SEA,F,26,509,14,52,135,0.385,23,70,0.329,29,65,0.446,8,13,0.615,7,90,25,19,20,28,72,135
16,2015,Kelsey Bone,CON,C,34,961,33,224,441,0.508,0,3,0.0,224,438,0.511,61,98,0.622,49,208,66,26,19,77,96,509
17,2015,DeWanna Bonner,PHO,F-G,33,1099,33,158,418,0.378,30,118,0.254,128,300,0.427,175,202,0.866,37,187,110,44,28,60,61,521
18,2015,Brittany Boyd,NYL,G,30,430,4,59,151,0.391,8,30,0.267,51,121,0.421,72,101,0.713,17,81,70,35,2,48,58,198
19,2015,Crystal Bradford,LAS,F,15,142,1,15,54,0.278,6,26,0.231,9,28,0.321,5,7,0.714,4,20,7,6,2,5,20,41
20,2015,Jessica Breland,CHI,F,33,706,30,99,210,0.471,0,0,,99,210,0.471,24,31,0.774,70,194,42,23,36,32,75,222
21,2015,Rebekkah Brunson,MIN,F,34,945,34,105,231,0.455,1,4,0.25,104,227,0.458,54,65,0.831,87,276,62,37,28,53,72,265
22,2015,Cierra Burdick,ATL,F,11,208,4,17,40,0.425,0,1,0.0,17,39,0.436,14,16,0.875,10,35,13,10,6,9,21,48
23,2015,Essence Carson,NYL,G,33,642,12,78,205,0.38,12,49,0.245,66,156,0.423,34,44,0.773,18,75,43,14,6,32,38,202
24,2015,Sydney Carter,ATL,G,26,295,7,15,72,0.208,5,30,0.167,10,42,0.238,16,20,0.8,5,23,30,9,2,15,16,51
25,2015,Swin Cash,NYL,F,34,592,28,53,141,0.376,8,34,0.235,45,107,0.421,40,55,0.727,23,82,47,9,3,37,49,154
26,2015,Tamika Catchings,IND,F,30,799,30,125,327,0.382,18,61,0.295,107,266,0.402,125,144,0.868,51,213,67,55,24,50,76,393
27,2015,Tina Charles,NYL,C,34,1053,34,243,531,0.458,1,5,0.2,242,526,0.46,93,130,0.715,72,288,83,24,23,82,56,580
28,2015,Karima Christmas-Kelly,TUL,F-G,32,919,32,101,255,0.396,32,83,0.386,69,172,0.401,104,133,0.782,72,159,54,34,9,39,59,338
29,2015,Shameka Christon,PHO,G,12,76,0,12,28,0.429,4,16,0.25,8,12,0.667,6,6,1.0,1,5,7,2,0,3,15,34
30,2015,Layshia Clarendon,IND,G,29,602,12,77,173,0.445,13,32,0.406,64,141,0.454,26,34,0.765,28,78,57,20,0,47,57,193
31,2015,Alysha Clark,SEA,F,33,763,31,86,158,0.544,24,68,0.353,62,90,0.689,31,40,0.775,13,121,39,23,6,36,79,227
32,2015,Courtney Clements,LAS,G,1,5,0,0,2,0.0,0,2,0.0,0,0,,0,0,,0,1,0,0,0,0,0,0
33,2015,Natasha Cloud,WAS,G,34,657,22,41,128,0.32,9,38,0.237,32,90,0.356,32,47,0.681,10,95,115,29,3,49,58,123
34,2015,Marissa Coleman,IND,G-F,34,842,34,127,331,0.384,42,125,0.336,85,206,0.413,59,79,0.747,33,120,54,42,10,63,65,355
35,2015,Nadia Colhado,ATL,C,6,32,0,3,6,0.5,0,0,,3,6,0.5,0,0,,1,2,1,1,4,2,6,6
36,2015,Sydney Colson,SAS,G,34,541,5,44,107,0.411,7,22,0.318,37,85,0.435,24,35,0.686,10,39,95,28,10,42,61,119
37,2015,Carla Cortijo,ATL,G,2,32,0,5,9,0.556,1,2,0.5,4,7,0.571,3,4,0.75,0,1,2,2,0,1,3,14
38,2015,Anna Cruz,MIN,G,22,640,17,73,154,0.474,9,36,0.25,64,118,0.542,22,28,0.786,10,80,67,22,4,48,42,177
39,2015,Monique Currie,PHO,F,34,724,34,104,253,0.411,28,77,0.364,76,176,0.432,51,59,0.864,19,109,50,31,12,45,91,287
40,2015,Ana Dabovic,LAS,G,24,530,8,74,166,0.446,20,60,0.333,54,106,0.509,42,52,0.808,11,39,46,21,1,38,69,210
41,2015,Elena Delle Donne,CHI,F-G,31,1032,31,238,517,0.46,42,134,0.313,196,383,0.512,207,218,0.95,60,260,42,33,63,36,52,725
42,2015,Skylar Diggins,TUL,G,9,289,9,51,126,0.405,13,29,0.448,38,97,0.392,45,49,0.918,11,24,45,14,3,18,16,160
43,2015,Stefanie Dolson,WAS,C,34,841,33,148,299,0.495,10,21,0.476,138,278,0.496,54,62,0.871,48,192,53,16,36,63,98,360
44,2015,Clarissa Dos Santos,CHI,C,31,544,7,65,141,0.461,0,0,,65,141,0.461,33,48,0.688,55,144,22,18,18,38,78,163
45,2015,Candice Dupree,PHO,F,33,1028,33,192,375,0.512,0,1,0.0,192,374,0.513,81,101,0.802,40,168,55,34,12,48,46,465
46,2015,Kelly Faris,CON,G,32,465,9,32,84,0.381,9,29,0.31,23,55,0.418,21,27,0.778,15,55,31,12,3,15,51,94
47,2015,Jamierra Faulkner,CHI,G,33,316,0,55,133,0.414,4,22,0.182,51,111,0.459,21,26,0.808,4,33,56,14,7,39,41,135
48,2015,Cayla George,PHO,C-F,34,433,2,67,157,0.427,17,60,0.283,50,97,0.515,19,22,0.864,26,107,25,13,22,27,70,170
49,2015,Markeisha Gatling,SEA,C,25,342,4,50,101,0.495,0,0,,50,101,0.495,33,38,0.868,22,93,7,9,14,24,53,133
50,2015,Jacki Gemelos,CHI,G,17,85,0,8,20,0.4,3,10,0.3,5,10,0.5,0,2,0.0,1,8,6,5,1,5,3,19
51,2015,Briana Gilbreath-Butler,IND,G,3,23,0,1,5,0.2,0,1,0.0,1,4,0.25,0,0,,0,2,0,1,1,1,1,2
52,2015,Sasha Goodlett,CHI,C,16,210,5,14,26,0.538,0,0,,14,26,0.538,6,7,0.857,13,30,4,3,10,15,17,34
53,2015,Angel Goodrich,SEA,G,23,363,5,31,76,0.408,3,10,0.3,28,66,0.424,5,10,0.5,5,39,70,14,0,27,18,70
54,2015,Chelsea Gray,CON,G,34,543,0,86,203,0.424,23,66,0.348,63,137,0.46,40,49,0.816,18,78,92,22,5,59,43,235
55,2015,Nikki Greene,CON,F-C,12,101,0,4,10,0.4,0,0,,4,10,0.4,6,7,0.857,9,24,2,3,5,6,21,14
56,2015,Brittney Griner,PHO,C,26,799,26,147,260,0.565,0,0,,147,260,0.565,99,128,0.773,43,210,34,8,105,56,71,393
57,2015,Dearica Hamby,SAS,F,31,539,16,70,198,0.354,6,17,0.353,64,181,0.354,43,67,0.642,42,127,22,13,5,41,40,189
58,2015,Jennifer Hamson,LAS,C,25,163,2,16,29,0.552,0,0,,16,29,0.552,8,29,0.276,16,37,5,6,13,5,22,40
59,2015,Alex Harden,PHO,G,32,391,0,24,89,0.27,6,23,0.261,18,66,0.273,12,13,0.923,11,46,29,23,13,29,46,66
60,2015,Bria Hartley,WAS,G,25,306,0,34,112,0.304,11,46,0.239,23,66,0.348,26,34,0.765,4,30,41,12,1,21,23,105
61,2015,Tiffany Hayes,ATL,G,28,836,27,115,293,0.392,31,113,0.274,84,180,0.467,99,123,0.805,29,84,62,29,11,47,97,360
62,2015,Aneika Henry-Morello,ATL,F-C,29,518,11,63,130,0.485,0,0,,63,130,0.485,24,32,0.75,42,135,11,9,25,45,73,150
63,2015,Tayler Hill,WAS,G,32,545,0,79,227,0.348,37,116,0.319,42,111,0.378,45,62,0.726,10,43,28,29,3,28,31,240
64,2015,Roneeka Hodges,ATL,G,23,448,9,50,131,0.382,27,75,0.36,23,56,0.411,21,28,0.75,10,45,31,4,4,22,31,148
65,2015,Quanitra Hollingsworth,SEA,C,27,331,0,27,60,0.45,0,1,0.0,27,59,0.458,33,50,0.66,21,98,9,12,8,38,64,87
66,2015,Jordan Hooper,TUL,F,34,581,5,54,151,0.358,38,111,0.342,16,40,0.4,13,19,0.684,24,70,11,14,4,18,37,159
67,2015,Andrea Hoover,LAS,G,12,172,1,15,47,0.319,8,28,0.286,7,19,0.368,7,7,1.0,3,15,4,2,1,8,18,45
68,2015,Natasha Howard,IND,F,30,343,2,47,124,0.379,0,2,0.0,47,122,0.385,31,43,0.721,28,79,13,13,13,28,61,125
69,2015,Tiffany Jackson-Jones,TUL,F,12,175,0,17,34,0.5,0,0,,17,34,0.5,15,18,0.833,15,51,8,6,5,16,11,49
70,2015,Briann January,IND,G,29,784,29,81,190,0.426,25,58,0.431,56,132,0.424,49,58,0.845,14,52,98,30,6,63,65,236
71,2015,Shenise Johnson,IND,G,31,811,27,121,259,0.467,31,75,0.413,90,184,0.489,66,82,0.805,39,153,74,35,5,56,67,339
72,2015,Temeka Johnson,LAS,G,34,720,11,60,186,0.323,17,69,0.246,43,117,0.368,37,44,0.841,11,81,122,23,0,51,74,174
73,2015,Asjha Jones,MIN,F,31,541,12,76,185,0.411,0,4,0.0,76,181,0.42,18,30,0.6,25,86,51,17,15,34,69,170
74,2015,Shae Kelley,MIN,F,8,19,0,0,3,0.0,0,0,,0,3,0.0,1,2,0.5,0,3,1,1,0,1,1,1
75,2015,Brianna Kiesel,TUL,G,34,616,15,60,180,0.333,12,52,0.231,48,128,0.375,40,53,0.755,8,28,65,28,2,41,61,172
76,2015,Lynetta Kizer,IND,F,33,591,14,112,228,0.491,0,2,0.0,112,226,0.496,51,58,0.879,43,116,13,19,8,46,91,275
77,2015,Betnijah Laney-Hamilton,CHI,G-F,32,411,2,39,99,0.394,0,6,0.0,39,93,0.419,16,23,0.696,18,68,19,16,6,18,41,94
78,2015,Crystal Langhorne,SEA,F-C,34,873,34,156,286,0.545,0,2,0.0,156,284,0.549,66,88,0.75,39,194,32,37,14,70,63,378
79,2015,Erlana Larkins,IND,F,21,352,3,24,59,0.407,0,0,,24,59,0.407,26,38,0.684,35,89,28,20,4,15,34,74
80,2015,Ivory Latta,WAS,G,34,927,25,143,352,0.406,79,203,0.389,64,149,0.43,90,99,0.909,8,61,86,23,1,59,65,455
81,2015,Jantel Lavender,LAS,F,34,1148,34,211,402,0.525,3,9,0.333,208,393,0.529,67,76,0.882,68,281,62,14,41,72,58,492
82,2015,Kara Lawson,WAS,G,22,550,21,70,180,0.389,26,81,0.321,44,99,0.444,45,48,0.938,9,65,79,13,3,25,23,211
83,2015,Jasmine Lister,LAS,G,7,65,0,8,15,0.533,4,5,0.8,4,10,0.4,0,0,,4,9,4,2,0,7,4,20
84,2015,Tricia Liston,MIN,F,31,372,2,34,81,0.42,27,63,0.429,7,18,0.389,10,10,1.0,5,32,23,8,1,9,24,105
85,2015,Camille Smith,CON,F,34,918,34,106,261,0.406,39,113,0.345,67,148,0.453,29,33,0.879,46,123,53,42,7,58,91,280
86,2015,Jewell Loyd,SEA,G,34,882,23,125,304,0.411,10,48,0.208,115,256,0.449,104,115,0.904,33,119,66,19,8,68,53,364
87,2015,Maggie Lucas,IND,G,30,451,0,54,145,0.372,31,83,0.373,23,62,0.371,31,37,0.838,1,25,26,11,3,19,42,170
88,2015,Sancho Lyttle,ATL,F,24,721,24,104,219,0.475,1,5,0.2,103,214,0.481,39,53,0.736,67,198,52,54,14,38,70,248
89,2015,Victoria Macaulay,CHI,F,4,25,0,2,7,0.286,0,0,,2,7,0.286,0,0,,1,4,0,2,1,3,7,4
90,2015,Tess Madgen,PHO,G,8,59,0,3,8,0.375,3,5,0.6,0,3,0.0,1,2,0.5,1,6,2,6,2,4,8,10
91,2015,Ally Malott,WAS,F,24,216,0,29,66,0.439,11,27,0.407,18,39,0.462,8,10,0.8,5,23,7,3,3,14,14,79
92,2015,Kayla McBride,SAS,G,27,756,25,131,343,0.382,53,142,0.373,78,201,0.388,58,66,0.879,5,84,44,29,3,45,33,373
93,2015,Angel McCoughtry,ATL,F-G,34,1021,26,235,569,0.413,37,102,0.363,198,467,0.424,178,221,0.805,64,180,94,72,18,107,115,685
94,2015,Emma Meesseman,WAS,F,34,924,34,178,320,0.556,6,13,0.462,172,307,0.56,34,41,0.829,60,213,58,31,44,44,96,396
95,2015,DeLisha Milton-Jones,ATL,F,18,161,1,16,47,0.34,1,10,0.1,15,37,0.405,5,9,0.556,10,33,8,7,2,13,30,38
96,2015,Leilani Mitchell,PHO,G,34,782,26,80,214,0.374,44,111,0.396,36,103,0.35,24,27,0.889,12,72,91,35,4,48,57,228
97,2015,Alex Montgomery,SAS,G-F,14,234,3,29,77,0.377,4,20,0.2,25,57,0.439,7,10,0.7,16,58,10,8,7,16,24,69
98,2015,Maya Moore,MIN,F,33,1102,33,238,566,0.42,69,192,0.359,169,374,0.452,136,159,0.855,62,222,115,56,26,79,94,681
99,2015,Kaleena Mosqueda-Lewis,SEA,F,27,333,0,62,159,0.39,18,64,0.281,44,95,0.463,14,16,0.875,5,24,17,6,2,21,26,156
100,2015,Nneka Ogwumike,LAS,F,24,784,23,147,280,0.525,1,12,0.083,146,268,0.545,84,97,0.866,48,167,50,25,11,43,57,379
101,2015,Jenna O'Hea,SEA,F,34,710,14,64,168,0.381,36,94,0.383,28,74,0.378,36,39,0.923,5,63,82,19,10,40,54,200
102,2015,Jennifer O'Neill,MIN,G,13,101,0,8,23,0.348,5,9,0.556,3,14,0.214,8,8,1.0,2,14,10,3,1,9,9,29
103,2015,Inga Orekhova,CON,G,4,11,0,0,4,0.0,0,2,0.0,0,2,0.0,0,0,,1,1,0,0,0,1,0,0
104,2015,Courtney Paris,TUL,C,34,849,34,104,214,0.486,0,0,,104,214,0.486,17,40,0.425,102,317,43,12,41,34,105,225
105,2015,Candace Parker,LAS,F-C,16,551,16,116,237,0.489,12,43,0.279,104,194,0.536,66,81,0.815,18,161,100,31,29,40,39,310
106,2015,Cheyenne Parker-Tyus,CHI,F,30,279,0,28,70,0.4,0,0,,28,70,0.4,10,26,0.385,30,74,6,7,21,16,40,66
107,2015,Kayla Pedersen,CON,F,33,510,1,39,90,0.433,0,0,,39,90,0.433,19,23,0.826,29,86,40,23,8,20,48,97
108,2015,Jia Perkins,SAS,G,26,710,26,124,330,0.376,25,92,0.272,99,238,0.416,73,83,0.88,20,79,45,38,8,32,45,346
109,2015,Devereaux Peters,MIN,F,33,481,0,44,98,0.449,3,8,0.375,41,90,0.456,13,15,0.867,30,112,28,7,29,30,37,104
110,2015,Erin Phillips,LAS,G,12,371,12,26,91,0.286,12,45,0.267,14,46,0.304,17,20,0.85,10,36,37,11,2,18,29,81
111,2015,Plenette Pierson,TUL,F,30,843,29,152,348,0.437,17,47,0.362,135,301,0.449,63,78,0.808,35,122,57,29,12,54,86,384
112,2015,Theresa Plaisance,TUL,F,25,205,1,16,57,0.281,8,25,0.32,8,32,0.25,7,10,0.7,19,48,5,6,4,2,29,47
113,2015,Jeanette Pohlen-Mavunga,IND,G,26,259,1,21,52,0.404,15,38,0.395,6,14,0.429,6,8,0.75,5,22,16,13,1,11,23,63
114,2015,Cappie Pondexter,CHI,G,29,877,29,163,371,0.439,24,63,0.381,139,308,0.451,84,102,0.824,7,110,61,28,6,41,61,434
115,2015,Armintie Herrington,WAS,G,25,260,3,18,43,0.419,0,1,0.0,18,42,0.429,6,15,0.4,16,46,26,13,1,15,28,42
116,2015,Epiphanny Prince,NYL,G,24,686,23,136,291,0.467,26,73,0.356,110,218,0.505,63,70,0.9,19,70,82,47,5,38,32,361
117,2015,LaToya Sanders,WAS,F-C,23,416,0,45,112,0.402,0,0,,45,112,0.402,26,34,0.765,45,132,21,20,48,18,60,116
118,2015,Allie Quigley,CHI,G,32,720,7,140,325,0.431,36,106,0.34,104,219,0.475,38,46,0.826,10,56,53,13,16,45,41,354
119,2015,Noelle Quinn,PHO,G,34,632,1,54,128,0.422,12,37,0.324,42,91,0.462,19,24,0.792,6,88,66,15,9,29,49,139
120,2015,Danielle Robinson,SAS,G,30,902,30,105,269,0.39,0,5,0.0,105,264,0.398,65,72,0.903,14,74,149,22,2,78,36,275
121,2015,Sugar Rodgers,NYL,G,33,618,5,84,247,0.34,41,128,0.32,43,119,0.361,59,67,0.881,23,73,48,24,7,33,70,268
122,2015,Tierra Ruffin-Pratt,WAS,G,32,765,31,79,213,0.371,14,43,0.326,65,170,0.382,66,87,0.759,26,96,68,26,10,42,82,238
123,2015,Shoni Schimmel,ATL,G,32,634,16,85,225,0.378,49,128,0.383,36,97,0.371,24,28,0.857,12,79,101,24,5,76,34,243
124,2015,Odyssey Sims,TUL,G,23,723,19,114,309,0.369,18,87,0.207,96,222,0.432,122,144,0.847,16,78,88,25,1,64,55,368
125,2015,Michelle Snow,LAS,C,2,26,0,3,7,0.429,0,0,,3,7,0.429,0,2,0.0,0,3,0,0,1,4,4,6
126,2015,Kiah Stokes,NYL,C,34,862,6,82,150,0.547,0,2,0.0,82,148,0.554,33,48,0.688,60,219,26,24,67,37,76,197
127,2015,Shekinna Stricklen,CON,F,34,599,0,95,231,0.411,51,142,0.359,44,89,0.494,22,28,0.786,25,63,22,19,8,20,46,263
128,2015,Carolyn Swords,NYL,C,34,510,22,67,132,0.508,0,0,,67,132,0.508,38,47,0.809,51,136,20,18,22,37,95,172
129,2015,Alyssa Thomas,CON,F,24,623,23,69,168,0.411,0,0,,69,168,0.411,72,104,0.692,61,126,33,29,5,42,65,210
130,2015,Jasmine Thomas,CON,G,34,907,34,100,305,0.328,31,104,0.298,69,201,0.343,47,60,0.783,19,127,133,41,14,77,74,278
131,2015,Kayla Thornton,WAS,F,10,88,0,9,27,0.333,0,1,0.0,9,26,0.346,4,6,0.667,12,21,1,3,3,5,12,22
132,2015,Ramu Tokashiki,SEA,F,30,618,16,98,236,0.415,0,2,0.0,98,234,0.419,50,58,0.862,21,98,24,7,27,26,60,246
133,2015,Kristi Toliver,LAS,G,28,864,28,119,265,0.449,43,112,0.384,76,153,0.497,65,72,0.903,10,64,104,23,1,63,47,346
134,2015,Marianna Tolo,LAS,C,28,531,14,54,117,0.462,0,7,0.0,54,110,0.491,29,36,0.806,21,83,29,7,28,27,84,137
135,2015,Courtney Vandersloot,CHI,G,34,1015,34,146,315,0.463,32,90,0.356,114,225,0.507,64,71,0.901,22,115,198,45,18,71,93,388
136,2015,Kia Vaughn,WAS,C,20,355,1,46,102,0.451,0,0,,46,102,0.451,22,33,0.667,22,84,20,7,7,25,41,114
137,2015,Avery Warley-Talbert,NYL,C,26,179,0,13,37,0.351,0,0,,13,37,0.351,12,18,0.667,24,71,4,7,3,21,29,38
138,2015,Lindsay Whalen,MIN,G,29,874,29,121,262,0.462,6,14,0.429,115,248,0.464,67,76,0.882,16,86,123,12,3,62,55,315
139,2015,Candice Wiggins,NYL,G,32,413,2,28,88,0.318,20,51,0.392,8,37,0.216,13,19,0.684,7,60,26,13,3,32,42,89
140,2015,Elizabeth Williams,CON,C-F,21,246,0,28,53,0.528,0,0,,28,53,0.528,14,25,0.56,22,68,8,6,19,11,20,70
141,2015,Riquna Williams,TUL,G,29,813,20,130,369,0.352,56,162,0.346,74,207,0.357,136,160,0.85,16,100,74,43,15,47,78,452
142,2015,Monica Wright,MIN,G,7,80,0,4,20,0.2,1,6,0.167,3,14,0.214,6,7,0.857,1,6,8,2,1,7,7,15
143,2015,Tanisha Wright,NYL,G,34,805,34,89,212,0.42,12,33,0.364,77,179,0.43,60,71,0.845,22,81,119,28,3,73,68,250
144,2015,Marta Xargay,PHO,G,20,349,8,29,74,0.392,9,24,0.375,20,50,0.4,11,15,0.733,9,35,48,9,3,42,48,78
145,2015,Sophia Young-Malcolm,SAS,F,34,931,29,151,330,0.458,0,3,0.0,151,327,0.462,90,122,0.738,49,170,46,42,9,55,64,392
146,2015,Tamera Young,CHI,F,19,325,10,31,79,0.392,0,0,,31,79,0.392,24,29,0.828,16,55,25,11,7,17,39,86
147,2015,Amanda Zahui B.,TUL,C,31,300,0,39,108,0.361,12,36,0.333,27,72,0.375,15,20,0.75,26,75,10,7,19,20,58,105
148,2015,Shavonte Zellous,IND,G,23,511,1,61,161,0.379,7,29,0.241,54,132,0.409,64,83,0.771,12,54,43,22,8,27,68,193
149,2015,Sylvia Fowles,MIN,C,18,521,18,103,203,0.507,0,0,,103,203,0.507,69,94,0.734,41,150,15,18,28,32,43,275
150,2015,Damiris Dantas,TOT,C-F,32,663,20,82,182,0.451,6,15,0.4,76,167,0.455,51,56,0.911,42,139,30,18,14,35,70,221
151,2015,Erika de Souza,TOT,F-C,34,821,32,109,231,0.472,0,0,,109,231,0.472,23,45,0.511,78,221,29,25,28,43,96,241
152,2015,Reshanda Gray,TOT,F,27,288,1,37,76,0.487,0,0,,37,76,0.487,33,48,0.688,21,58,5,8,8,20,56,107
153,2015,Kalana Greene,TOT,G,13,243,6,19,56,0.339,2,14,0.143,17,42,0.405,12,14,0.857,6,35,11,9,3,3,19,52
154,2015,Brittany Hrynko,TOT,G,7,18,0,1,7,0.143,0,5,0.0,1,2,0.5,0,0,,0,0,1,0,0,1,3,2
155,2015,Jennifer Lacy,TOT,F,27,494,15,62,143,0.434,25,75,0.333,37,68,0.544,28,37,0.757,19,68,12,9,10,18,56,177
156,2015,Samantha Logic,TOT,G,27,342,0,18,75,0.24,6,31,0.194,12,44,0.273,6,7,0.857,7,38,31,8,7,25,19,48
157,2015,Renee Montgomery,TOT,G,36,643,7,83,223,0.372,33,106,0.311,50,117,0.427,30,37,0.811,7,53,99,29,4,53,60,229
158,2015,Erica Wheeler,TOT,G,20,229,0,37,83,0.446,6,20,0.3,31,63,0.492,10,16,0.625,4,20,27,12,0,27,28,90
0,2016,Natalie Achonwa,IND,F,24,195,0,36,66,0.545,0,0,,36,66,0.545,14,20,0.7,16,47,6,10,1,12,27,86
1,2016,Matee Ajavon,ATL,G,32,338,2,36,118,0.305,3,13,0.231,33,105,0.314,30,40,0.75,19,52,38,12,8,33,52,105
2,2016,Kayla Alexander,SAS,C,25,489,0,77,141,0.546,0,0,,77,141,0.546,46,61,0.754,47,113,13,11,13,28,55,200
3,2016,Rebecca Allen,NYL,F-G,21,280,6,45,98,0.459,17,30,0.567,28,68,0.412,13,15,0.867,12,35,11,9,11,13,35,120
4,2016,Ameryst Alston,NYL,G,1,0,0,0,0,,0,0,,0,0,,0,0,,0,0,0,0,0,0,0,0
5,2016,Jayne Appel-Marinelli,SAS,C,34,786,34,51,119,0.429,0,4,0.0,51,115,0.443,36,49,0.735,41,184,72,30,35,54,113,138
6,2016,Seimone Augustus,MIN,G-F,29,765,29,138,300,0.46,13,39,0.333,125,261,0.479,37,46,0.804,14,84,71,15,11,55,43,326
7,2016,Rachel Banham,CON,G,15,164,0,20,49,0.408,13,37,0.351,7,12,0.583,2,3,0.667,1,11,14,8,1,8,19,55
8,2016,Mistie Bass,PHO,F,33,434,1,37,80,0.463,0,0,,37,80,0.463,22,27,0.815,28,64,25,16,11,20,49,96
9,2016,Vicki Baugh,SAS,F-C,11,148,0,19,33,0.576,0,0,,19,33,0.576,6,9,0.667,16,41,3,4,3,14,25,44
10,2016,Alana Beard,LAS,G-F,34,997,34,100,214,0.467,13,38,0.342,87,176,0.494,27,39,0.692,31,111,73,58,20,43,96,240
11,2016,Evgeniya Belyakova,LAS,F,21,238,0,16,54,0.296,5,28,0.179,11,26,0.423,7,16,0.438,2,15,15,13,1,8,24,44
12,2016,Alex Bentley,CON,G,34,979,34,169,439,0.385,48,168,0.286,121,271,0.446,51,65,0.785,10,63,85,30,3,49,84,437
13,2016,Tiffany Bias,DAL,G,10,64,0,8,23,0.348,3,11,0.273,5,12,0.417,10,12,0.833,1,5,6,2,0,11,5,29
14,2016,Sue Bird,SEA,G,34,1076,34,160,356,0.449,72,162,0.444,88,194,0.454,44,56,0.786,6,97,196,34,6,84,46,436
15,2016,Abby Bishop,SEA,F,13,67,0,4,11,0.364,1,6,0.167,3,5,0.6,3,4,0.75,0,6,8,1,1,1,17,12
16,2016,DeWanna Bonner,PHO,F-G,34,1064,24,154,363,0.424,50,152,0.329,104,211,0.493,134,168,0.798,42,182,83,44,21,56,55,492
17,2016,Brittany Boyd,NYL,G,33,651,9,75,208,0.361,6,36,0.167,69,172,0.401,59,81,0.728,17,83,119,52,3,65,82,215
18,2016,Imani McGee-Stafford,CHI,C,31,587,16,87,157,0.554,0,0,,87,157,0.554,33,50,0.66,54,175,18,19,42,28,94,207
19,2016,Jessica Breland,CHI,F,34,585,16,87,176,0.494,0,0,,87,176,0.494,31,39,0.795,44,151,24,17,37,36,75,205
20,2016,Rebekkah Brunson,MIN,F,33,812,33,92,193,0.477,0,1,0.0,92,192,0.479,60,70,0.857,73,240,58,30,9,28,84,244
21,2016,Adut Bulgak,NYL,C,7,23,0,5,11,0.455,1,2,0.5,4,9,0.444,3,4,0.75,3,9,0,0,0,1,3,14
22,2016,Cierra Burdick,ATL,F,8,29,0,1,8,0.125,0,0,,1,8,0.125,1,2,0.5,3,4,0,0,0,2,6,3
23,2016,Essence Carson,LAS,G,34,791,34,102,227,0.449,23,64,0.359,79,163,0.485,49,55,0.891,12,68,52,37,8,42,46,276
24,2016,Swin Cash,NYL,F,31,604,23,61,161,0.379,1,8,0.125,60,153,0.392,41,60,0.683,38,105,43,23,14,41,54,164
25,2016,Tamika Catchings,IND,F,34,844,34,146,337,0.433,35,100,0.35,111,237,0.468,106,123,0.862,40,163,66,62,10,42,70,433
26,2016,Tina Charles,NYL,C,32,1077,32,273,622,0.439,17,49,0.347,256,573,0.447,125,154,0.812,74,317,121,27,25,63,48,688
27,2016,Karima Christmas-Kelly,DAL,F-G,34,1075,34,128,320,0.4,38,120,0.317,90,200,0.45,129,162,0.796,82,200,71,41,23,51,93,423
28,2016,Layshia Clarendon,ATL,G,34,959,32,124,266,0.466,18,52,0.346,106,214,0.495,88,115,0.765,43,147,118,25,3,75,79,354
29,2016,Alysha Clark,SEA,F,33,911,32,105,217,0.484,36,93,0.387,69,124,0.556,50,59,0.847,40,121,64,24,2,44,87,296
30,2016,Natasha Cloud,WAS,G,31,753,28,56,161,0.348,23,68,0.338,33,93,0.355,43,57,0.754,5,94,118,24,3,43,65,178
31,2016,Marissa Coleman,IND,G-F,32,781,21,85,246,0.346,33,123,0.268,52,123,0.423,64,85,0.753,23,105,63,29,9,56,67,267
32,2016,Sydney Colson,SAS,G,34,573,0,59,137,0.431,5,26,0.192,54,111,0.486,49,59,0.831,14,55,87,38,1,51,62,172
33,2016,Kahleah Copper,WAS,G-F,30,487,3,65,156,0.417,14,30,0.467,51,126,0.405,43,63,0.683,13,92,23,15,2,33,54,187
34,2016,Carla Cortijo,ATL,G,27,294,1,45,127,0.354,13,45,0.289,32,82,0.39,25,32,0.781,4,42,43,8,1,28,32,128
35,2016,Anna Cruz,MIN,G,6,60,0,5,11,0.455,1,1,1.0,4,10,0.4,6,6,1.0,1,6,12,2,0,2,8,17
36,2016,Monique Currie,SAS,F,34,868,34,125,324,0.386,25,78,0.321,100,246,0.407,90,98,0.918,36,148,73,27,13,61,89,365
37,2016,Ana Dabovic,LAS,G,22,236,0,20,54,0.37,3,19,0.158,17,35,0.486,22,29,0.759,6,17,29,13,0,19,37,65
38,2016,Elena Delle Donne,CHI,F-G,28,927,28,214,441,0.485,43,101,0.426,171,340,0.503,130,139,0.935,48,197,53,16,43,35,64,601
39,2016,Erika de Souza,CHI,F-C,31,516,18,77,149,0.517,0,0,,77,149,0.517,27,36,0.75,61,161,20,17,22,22,63,181
40,2016,Skylar Diggins,DAL,G,27,765,25,113,290,0.39,23,77,0.299,90,213,0.423,104,132,0.788,12,51,91,29,8,63,53,353
41,2016,Zoi Dimitrakou,WAS,F,2,11,0,1,3,0.333,1,2,0.5,0,1,0.0,0,0,,0,1,1,0,0,1,3,3
42,2016,Stefanie Dolson,WAS,C,34,765,31,119,247,0.482,9,30,0.3,110,217,0.507,70,83,0.843,48,159,38,13,32,39,88,317
43,2016,Clarissa Dos Santos,CHI,C,20,187,0,20,59,0.339,0,1,0.0,20,58,0.345,17,20,0.85,19,44,9,5,4,10,31,57
44,2016,Jelena Dubljevic,LAS,F,15,79,0,9,22,0.409,1,3,0.333,8,19,0.421,3,3,1.0,2,13,7,1,1,7,10,22
45,2016,Candice Dupree,PHO,F,32,930,32,152,281,0.541,0,1,0.0,152,280,0.543,57,72,0.792,39,171,61,26,5,34,58,361
46,2016,Frida Eldebrink,SAS,G,8,44,0,1,8,0.125,0,6,0.0,1,2,0.5,1,2,0.5,1,3,7,1,0,4,2,3
47,2016,Kelly Faris,CON,G,31,317,0,21,53,0.396,5,20,0.25,16,33,0.485,14,15,0.933,12,38,22,22,4,29,45,61
48,2016,Jamierra Faulkner,CHI,G,34,655,14,102,240,0.425,22,66,0.333,80,174,0.46,40,52,0.769,10,50,156,36,4,70,60,266
49,2016,Nirra Fields,PHO,G,4,17,0,1,7,0.143,0,1,0.0,1,6,0.167,1,2,0.5,0,0,0,0,0,2,2,3
50,2016,Sylvia Fowles,MIN,C,34,969,34,182,306,0.595,0,0,,182,306,0.595,109,152,0.717,84,290,42,45,61,63,101,473
51,2016,Bashaara Graves,MIN,F,12,41,0,2,7,0.286,0,0,,2,7,0.286,0,0,,3,4,2,0,0,3,4,4
52,2016,Chelsea Gray,LAS,G,33,540,1,71,157,0.452,14,46,0.304,57,111,0.514,39,50,0.78,8,58,71,16,4,40,38,195
53,2016,Reshanda Gray,ATL,F,28,269,5,38,73,0.521,0,1,0.0,38,72,0.528,20,36,0.556,24,71,4,4,4,18,63,96
54,2016,Brittney Griner,PHO,C,34,992,34,178,325,0.548,0,0,,178,325,0.548,138,166,0.831,47,222,35,13,107,70,124,494
55,2016,Sandrine Gruda,LAS,F-C,7,37,0,3,9,0.333,0,0,,3,9,0.333,1,1,1.0,2,4,2,1,1,1,6,7
56,2016,Jazmon Gwathmey,SAS,G,22,351,10,27,78,0.346,9,27,0.333,18,51,0.353,10,13,0.769,9,38,16,8,8,11,37,73
57,2016,Ruth Hamblin,DAL,C,20,130,0,8,32,0.25,0,0,,8,32,0.25,5,7,0.714,9,29,4,2,9,4,13,21
58,2016,Dearica Hamby,SAS,F,25,633,25,81,192,0.422,2,14,0.143,79,178,0.444,60,83,0.723,36,127,25,13,12,41,58,224
59,2016,Keisha Hampton,MIN,F,27,183,0,19,57,0.333,12,36,0.333,7,21,0.333,20,23,0.87,5,10,10,8,3,10,24,70
60,2016,Alex Harden,PHO,G,28,210,1,18,40,0.45,3,12,0.25,15,28,0.536,1,2,0.5,10,22,13,12,4,9,20,40
61,2016,Isabelle Harrison,PHO,F,26,194,1,32,61,0.525,0,0,,32,61,0.525,17,25,0.68,17,47,1,11,2,18,36,81
62,2016,Bria Hartley,WAS,G,24,406,5,50,133,0.376,21,58,0.362,29,75,0.387,36,45,0.8,9,47,54,10,0,35,44,157
63,2016,Tianna Hawkins,WAS,F,24,252,0,42,85,0.494,11,22,0.5,31,63,0.492,18,21,0.857,24,59,10,5,4,23,52,113
64,2016,Tiffany Hayes,ATL,G,33,1016,33,153,347,0.441,32,117,0.274,121,230,0.526,156,194,0.804,33,112,78,40,8,59,94,494
65,2016,Aneika Henry-Morello,CON,F-C,10,50,2,5,13,0.385,0,0,,5,13,0.385,2,5,0.4,4,14,2,1,1,6,8,12
66,2016,Tayler Hill,WAS,G,32,937,32,139,399,0.348,60,171,0.351,79,228,0.346,155,187,0.829,13,84,93,35,4,40,66,493
67,2016,Rachel Hollivay,ATL,C,32,284,1,12,38,0.316,0,0,,12,38,0.316,15,32,0.469,20,66,4,3,13,11,51,39
68,2016,Bria Holmes,ATL,G,33,702,10,91,209,0.435,17,62,0.274,74,147,0.503,48,62,0.774,24,85,41,30,5,39,26,247
69,2016,Jordan Hooper,DAL,F,32,291,1,42,112,0.375,28,82,0.341,14,30,0.467,7,8,0.875,8,37,5,6,2,16,31,119
70,2016,Natasha Howard,MIN,F,34,495,1,93,162,0.574,1,5,0.2,92,157,0.586,42,62,0.677,41,121,28,23,27,37,99,229
71,2016,Briann January,IND,G,29,816,27,87,217,0.401,29,74,0.392,58,143,0.406,77,88,0.875,18,52,136,36,3,51,79,280
72,2016,Moriah Jefferson,SAS,G,34,1034,34,185,434,0.426,33,88,0.375,152,346,0.439,69,89,0.775,15,73,142,55,4,59,71,472
73,2016,Glory Johnson,DAL,F,18,502,6,72,163,0.442,4,14,0.286,68,149,0.456,55,73,0.753,48,161,23,17,11,26,39,203
74,2016,Shenise Johnson,IND,G,29,651,10,98,239,0.41,28,78,0.359,70,161,0.435,60,64,0.938,27,102,60,35,10,48,52,284
75,2016,Jonquel Jones,CON,C,34,479,6,85,160,0.531,11,33,0.333,74,127,0.583,51,69,0.739,61,126,22,22,38,25,72,232
76,2016,Brianna Kiesel,DAL,G,14,103,0,4,23,0.174,1,6,0.167,3,17,0.176,3,4,0.75,1,6,18,5,0,10,15,12
77,2016,Lynetta Kizer,IND,F,33,569,12,139,250,0.556,0,1,0.0,139,249,0.558,40,50,0.8,35,106,20,25,10,35,81,318
78,2016,Betnijah Laney-Hamilton,CHI,G-F,8,42,1,2,12,0.167,0,1,0.0,2,11,0.182,4,4,1.0,1,5,1,1,0,2,6,8
79,2016,Crystal Langhorne,SEA,F-C,33,843,33,126,200,0.63,1,1,1.0,125,199,0.628,60,79,0.759,43,182,47,23,10,52,61,313
80,2016,Erlana Larkins,IND,F,33,880,33,106,166,0.639,0,0,,106,166,0.639,61,69,0.884,76,244,68,30,15,54,80,273
81,2016,Ivory Latta,WAS,G,22,458,2,55,166,0.331,32,105,0.305,23,61,0.377,40,44,0.909,9,37,42,8,1,31,34,182
82,2016,Jantel Lavender,LAS,F,34,659,0,150,279,0.538,0,1,0.0,150,278,0.54,28,41,0.683,37,124,44,10,17,40,42,328
83,2016,Camille Smith,CON,F,33,812,29,96,250,0.384,29,90,0.322,67,160,0.419,36,57,0.632,25,98,66,38,9,56,92,257
84,2016,Jewell Loyd,SEA,G,34,1075,34,195,452,0.431,40,132,0.303,155,320,0.484,131,147,0.891,33,117,115,42,10,76,58,561
85,2016,Maggie Lucas,IND,G,4,55,0,11,21,0.524,2,10,0.2,9,11,0.818,7,7,1.0,1,8,3,2,0,5,8,31
86,2016,Sancho Lyttle,ATL,F,19,571,18,62,149,0.416,2,9,0.222,60,140,0.429,19,25,0.76,42,149,35,39,19,23,43,145
87,2016,Ally Malott,WAS,F,23,179,0,15,49,0.306,10,32,0.313,5,17,0.294,9,11,0.818,6,26,10,6,3,12,13,49
88,2016,Kayla McBride,SAS,G,17,523,17,102,278,0.367,29,95,0.305,73,183,0.399,58,68,0.853,13,68,33,18,2,34,22,291
89,2016,Janel McCarville,MIN,F-C,33,417,0,48,105,0.457,2,11,0.182,46,94,0.489,12,20,0.6,22,84,53,21,11,23,52,110
90,2016,Angel McCoughtry,ATL,F-G,33,989,32,223,514,0.434,26,86,0.302,197,428,0.46,171,217,0.788,37,187,92,52,23,96,79,643
91,2016,Emma Meesseman,WAS,F,34,996,34,210,394,0.533,30,67,0.448,180,327,0.55,68,85,0.8,67,191,77,41,25,44,88,518
92,2016,Leilani Mitchell,WAS,G,10,161,0,20,46,0.435,11,31,0.355,9,15,0.6,8,10,0.8,3,17,19,1,0,13,17,59
93,2016,Tiffany Mitchell,IND,G,34,681,8,87,241,0.361,25,85,0.294,62,156,0.397,92,101,0.911,15,58,48,30,3,55,85,291
94,2016,Alex Montgomery,SAS,G-F,25,357,7,35,98,0.357,10,32,0.313,25,66,0.379,9,12,0.75,15,53,39,10,4,20,37,89
95,2016,Renee Montgomery,MIN,G,34,656,2,87,219,0.397,27,84,0.321,60,135,0.444,53,64,0.828,6,31,94,33,2,59,47,254
96,2016,Maya Moore,MIN,F,34,1009,34,223,498,0.448,65,161,0.404,158,337,0.469,145,167,0.868,43,175,142,53,25,79,88,656
97,2016,Brene Moseley,IND,G,8,77,0,6,23,0.261,1,5,0.2,5,18,0.278,2,5,0.4,1,3,9,4,0,16,6,15
98,2016,Kaleena Mosqueda-Lewis,SEA,F,32,395,0,59,151,0.391,35,99,0.354,24,52,0.462,14,18,0.778,8,26,26,5,2,26,47,167
99,2016,Astou Ndour-Fall,SAS,C-F,30,446,9,65,164,0.396,21,61,0.344,44,103,0.427,29,35,0.829,25,95,12,13,26,16,48,180
100,2016,Chiney Ogwumike,CON,F-C,33,801,18,158,269,0.587,0,0,,158,269,0.587,100,139,0.719,88,221,22,33,33,48,120,416
101,2016,Nneka Ogwumike,LAS,F,33,1043,33,244,367,0.665,16,26,0.615,228,341,0.669,146,168,0.869,77,299,101,42,39,70,113,650
102,2016,Jenna O'Hea,SEA,F,22,252,2,23,66,0.348,12,38,0.316,11,28,0.393,9,10,0.9,8,28,19,8,3,15,17,67
103,2016,Courtney Paris,DAL,C,34,827,32,119,217,0.548,0,1,0.0,119,216,0.551,25,45,0.556,94,271,38,14,29,27,111,263
104,2016,Candace Parker,LAS,F-C,34,1046,34,190,430,0.442,42,110,0.382,148,320,0.463,99,140,0.707,33,250,166,47,33,98,74,521
105,2016,Cheyenne Parker-Tyus,CHI,F,25,315,7,42,83,0.506,0,1,0.0,42,82,0.512,17,32,0.531,35,81,6,12,5,19,42,101
106,2016,Jia Perkins,MIN,G,34,705,5,83,227,0.366,13,57,0.228,70,170,0.412,40,48,0.833,21,90,45,31,7,23,47,219
107,2016,Devereaux Peters,IND,F,30,440,0,73,133,0.549,1,3,0.333,72,130,0.554,10,18,0.556,20,91,22,12,18,18,60,157
108,2016,Haley Peters,SAS,F-G,34,594,0,75,215,0.349,18,72,0.25,57,143,0.399,28,37,0.757,16,78,27,12,7,28,64,196
109,2016,Sonja Petrovic,PHO,F,31,459,13,51,121,0.421,11,32,0.344,40,89,0.449,45,47,0.957,25,69,20,18,7,30,68,158
110,2016,Erin Phillips,DAL,G,32,466,12,49,112,0.438,23,60,0.383,26,52,0.5,29,32,0.906,15,37,38,5,3,25,32,150
111,2016,Plenette Pierson,DAL,F,27,718,27,116,300,0.387,30,89,0.337,86,211,0.408,58,70,0.829,36,123,53,22,10,48,96,320
112,2016,Theresa Plaisance,DAL,F,27,320,1,43,108,0.398,15,45,0.333,28,63,0.444,7,11,0.636,22,67,8,7,11,19,61,108
113,2016,Jeanette Pohlen-Mavunga,IND,G,12,49,0,6,11,0.545,3,6,0.5,3,5,0.6,1,1,1.0,0,1,5,0,0,2,5,16
114,2016,Cappie Pondexter,CHI,G,33,905,29,163,380,0.429,17,47,0.362,146,333,0.438,82,93,0.882,13,94,90,31,3,48,56,425
115,2016,Aerial Powers,DAL,G,32,614,2,100,254,0.394,32,87,0.368,68,167,0.407,101,121,0.835,27,87,35,33,7,51,74,333
116,2016,Epiphanny Prince,NYL,G,6,83,0,10,25,0.4,4,11,0.364,6,14,0.429,7,7,1.0,1,9,4,2,0,2,8,31
117,2016,LaToya Sanders,WAS,F-C,4,69,0,9,18,0.5,0,0,,9,18,0.5,11,13,0.846,4,12,1,3,10,3,12,29
118,2016,Allie Quigley,CHI,G,34,604,0,129,274,0.471,30,82,0.366,99,192,0.516,34,38,0.895,4,29,56,17,5,37,35,322
119,2016,Sugar Rodgers,NYL,G,33,1008,33,156,385,0.405,86,208,0.413,70,177,0.395,80,95,0.842,14,121,79,35,15,59,87,478
120,2016,Tierra Ruffin-Pratt,WAS,G,32,781,31,73,198,0.369,16,50,0.32,57,148,0.385,71,95,0.747,36,144,84,32,8,49,79,233
121,2016,Shoni Schimmel,NYL,G,17,77,0,11,20,0.55,9,16,0.563,2,4,0.5,4,5,0.8,0,8,10,3,1,7,4,35
122,2016,Meighan Simmons,ATL,G,25,148,0,26,90,0.289,16,56,0.286,10,34,0.294,10,12,0.833,1,10,8,2,3,10,17,78
123,2016,Odyssey Sims,DAL,G,34,1074,30,153,433,0.353,42,150,0.28,111,283,0.392,128,145,0.883,20,86,131,37,7,86,78,476
124,2016,Breanna Stewart,SEA,F,34,1179,34,208,455,0.457,45,133,0.338,163,322,0.506,160,192,0.833,40,317,114,42,64,81,82,621
125,2016,Kiah Stokes,NYL,C,27,650,0,75,117,0.641,0,0,,75,117,0.641,37,59,0.627,63,201,20,18,38,30,77,187
126,2016,Shekinna Stricklen,CON,F,28,306,0,38,104,0.365,27,77,0.351,11,27,0.407,9,14,0.643,9,38,15,12,2,4,20,112
127,2016,Carolyn Swords,NYL,C,34,596,34,76,133,0.571,0,0,,76,133,0.571,24,35,0.686,55,157,23,7,21,33,73,176
128,2016,Diana Taurasi,PHO,G,33,984,33,180,455,0.396,89,254,0.35,91,201,0.453,140,154,0.909,6,99,128,31,4,86,99,589
129,2016,Asia Taylor,CON,F,4,17,0,3,5,0.6,0,0,,3,5,0.6,6,7,0.857,2,4,3,0,0,1,3,12
130,2016,Penny Taylor,PHO,F,25,643,25,102,209,0.488,40,101,0.396,62,108,0.574,68,75,0.907,10,94,89,38,11,42,53,312
131,2016,Alyssa Thomas,CON,F,31,840,31,130,267,0.487,0,0,,130,267,0.487,83,131,0.634,62,187,70,44,6,75,81,343
132,2016,Jasmine Thomas,CON,G,34,1091,34,150,368,0.408,30,101,0.297,120,267,0.449,68,79,0.861,25,140,172,43,12,86,88,398
133,2016,Krystal Thomas,SEA,C,19,177,0,11,19,0.579,0,0,,11,19,0.579,5,7,0.714,19,43,2,4,13,9,39,27
134,2016,Ramu Tokashiki,SEA,F,31,404,1,60,127,0.472,0,1,0.0,60,126,0.476,45,55,0.818,28,76,9,15,4,25,83,165
135,2016,Kristi Toliver,LAS,G,33,1060,33,142,333,0.426,81,191,0.424,61,142,0.43,72,81,0.889,12,85,122,28,2,45,58,437
136,2016,Morgan Tuck,CON,F,26,433,3,67,162,0.414,17,56,0.304,50,106,0.472,32,45,0.711,23,74,29,10,2,25,25,183
137,2016,Courtney Vandersloot,CHI,G,30,728,21,96,229,0.419,26,74,0.351,70,155,0.452,66,73,0.904,13,80,141,41,4,47,60,284
138,2016,Kia Vaughn,WAS,C,34,672,4,97,193,0.503,0,0,,97,193,0.503,21,28,0.75,41,147,21,20,18,32,49,215
139,2016,Ann Wauters,LAS,C,21,97,1,12,22,0.545,0,0,,12,22,0.545,6,8,0.75,4,23,9,4,2,7,12,30
140,2016,Jamie Weisner,WAS,G,7,25,0,4,9,0.444,2,4,0.5,2,5,0.4,2,2,1.0,1,3,2,0,0,3,5,12
141,2016,Lindsay Whalen,MIN,G,32,786,32,123,240,0.513,3,11,0.273,120,229,0.524,66,74,0.892,15,83,123,19,0,46,50,315
142,2016,Erica Wheeler,IND,G,34,811,25,114,273,0.418,17,57,0.298,97,216,0.449,40,48,0.833,18,72,95,23,1,68,88,285
143,2016,Elizabeth Williams,ATL,C-F,34,1179,34,157,355,0.442,0,1,0.0,157,354,0.444,92,133,0.692,106,276,42,26,79,42,105,406
144,2016,Monica Wright,SEA,G,16,98,0,8,26,0.308,1,10,0.1,7,16,0.438,3,5,0.6,1,8,11,7,1,14,15,20
145,2016,Tanisha Wright,NYL,G,29,668,28,79,197,0.401,4,17,0.235,75,180,0.417,33,46,0.717,23,67,104,26,5,67,69,195
146,2016,Marta Xargay,PHO,G,15,296,6,30,75,0.4,13,39,0.333,17,36,0.472,12,17,0.706,10,26,41,17,3,27,55,85
147,2016,Tamera Young,CHI,F,32,824,20,112,249,0.45,0,2,0.0,112,247,0.453,49,62,0.79,44,145,46,24,4,35,84,273
148,2016,Amanda Zahui B.,NYL,C,33,374,1,57,127,0.449,3,16,0.188,54,111,0.486,48,61,0.787,42,104,12,11,22,37,69,165
149,2016,Shavonte Zellous,NYL,G,33,770,1,91,226,0.403,5,26,0.192,86,200,0.43,103,121,0.851,18,81,73,29,6,44,64,290
150,2016,Kelsey Bone,TOT,C,34,528,13,87,208,0.418,4,17,0.235,83,191,0.435,31,46,0.674,33,125,29,13,4,51,77,209
151,2016,Blake Dietrick,TOT,G,3,14,0,1,2,0.5,0,1,0.0,1,1,1.0,2,2,1.0,0,3,0,0,0,1,1,4
152,2016,Markeisha Gatling,TOT,C,27,232,2,26,55,0.473,0,0,,26,55,0.473,15,16,0.938,21,47,8,5,8,20,50,67
153,2016,Lindsey Harding,TOT,G,26,443,3,38,106,0.358,2,8,0.25,36,98,0.367,22,25,0.88,4,50,62,12,2,25,34,100
154,2016,Whitney Knight,TOT,G,10,38,0,2,15,0.133,2,11,0.182,0,4,0.0,0,0,,1,5,2,2,2,2,5,6
155,2016,Noelle Quinn,TOT,G,33,407,0,22,81,0.272,2,22,0.091,20,59,0.339,11,12,0.917,2,47,50,14,5,29,36,57
156,2016,Avery Warley-Talbert,TOT,C,3,15,0,0,3,0.0,0,0,,0,3,0.0,0,0,,1,3,1,0,1,1,2,0
157,2016,Courtney Williams,TOT,G,25,351,0,68,166,0.41,8,27,0.296,60,139,0.432,12,21,0.571,28,76,30,12,3,21,30,156
0,2017,Natalie Achonwa,IND,F,34,623,17,98,176,0.557,0,0,,98,176,0.557,45,59,0.763,37,127,25,14,17,31,76,241
1,2017,Danielle Adams,CON,F-C,19,83,0,16,45,0.356,12,31,0.387,4,14,0.286,5,5,1.0,7,11,4,4,4,7,24,49
2,2017,Matee Ajavon,ATL,G,31,250,2,22,76,0.289,0,4,0.0,22,72,0.306,31,39,0.795,9,38,30,11,0,28,31,75
3,2017,Evelyn Akhator,DAL,F,15,61,0,4,16,0.25,0,0,,4,16,0.25,5,6,0.833,7,9,0,1,3,5,6,13
4,2017,Kayla Alexander,SAS,C,34,522,10,96,165,0.582,0,0,,96,165,0.582,20,22,0.909,45,107,17,15,17,32,68,212
5,2017,Lindsay Allen,NYL,G,28,376,0,23,62,0.371,0,13,0.0,23,49,0.469,7,10,0.7,10,42,62,16,1,19,24,53
6,2017,Rebecca Allen,NYL,F-G,33,304,0,38,101,0.376,15,44,0.341,23,57,0.404,2,6,0.333,13,67,17,12,13,18,35,93
7,2017,Ameryst Alston,NYL,G,2,3,0,1,2,0.5,0,0,,1,2,0.5,0,0,,1,2,1,0,0,1,0,2
8,2017,Seimone Augustus,MIN,G-F,32,886,32,148,295,0.502,19,44,0.432,129,251,0.514,33,38,0.868,13,94,127,18,3,45,32,348
9,2017,Rachel Banham,CON,G,30,283,0,33,101,0.327,16,57,0.281,17,44,0.386,16,20,0.8,2,34,22,4,0,12,28,98
10,2017,Alana Beard,LAS,G-F,34,1048,34,96,193,0.497,6,19,0.316,90,174,0.517,37,46,0.804,21,113,76,71,17,45,93,235
11,2017,Alex Bentley,CON,G,31,735,9,100,263,0.38,22,79,0.278,78,184,0.424,38,47,0.809,4,45,89,26,4,27,68,260
12,2017,Sue Bird,SEA,G,30,901,30,117,274,0.427,59,150,0.393,58,124,0.468,24,31,0.774,7,60,199,36,3,62,38,317
13,2017,Brittany Boyd,NYL,G,2,32,2,9,15,0.6,0,1,0.0,9,14,0.643,8,11,0.727,3,8,5,3,0,2,5,26
14,2017,Jessica Breland,CHI,F,34,834,33,139,292,0.476,8,21,0.381,131,271,0.483,37,47,0.787,54,215,53,19,59,62,73,323
15,2017,Rebekkah Brunson,MIN,F,30,807,30,109,243,0.449,23,66,0.348,86,177,0.486,64,90,0.711,51,201,44,33,13,48,69,305
16,2017,Adut Bulgak,CHI,C,5,61,0,9,22,0.409,1,3,0.333,8,19,0.421,3,5,0.6,4,20,0,5,2,3,11,22
17,2017,Emma Cannon,PHO,F,34,440,0,56,114,0.491,0,2,0.0,56,112,0.5,37,63,0.587,43,122,10,5,5,31,72,149
18,2017,Essence Carson,LAS,G,24,464,14,42,104,0.404,9,36,0.25,33,68,0.485,21,24,0.875,11,40,29,15,8,18,29,114
19,2017,Tina Charles,NYL,C,34,1095,34,262,593,0.442,24,69,0.348,238,524,0.454,123,153,0.804,69,318,87,28,24,80,74,671
20,2017,Saniya Chong,DAL,G,33,364,0,28,78,0.359,9,38,0.237,19,40,0.475,25,29,0.862,9,30,34,22,3,25,19,90
21,2017,Karima Christmas-Kelly,DAL,F-G,34,1011,34,100,263,0.38,26,89,0.292,74,174,0.425,126,148,0.851,58,143,75,41,7,56,99,352
22,2017,Layshia Clarendon,ATL,G,34,1014,33,137,362,0.378,11,61,0.18,126,301,0.419,80,91,0.879,30,128,226,32,2,90,97,365
23,2017,Alysha Clark,SEA,F,33,934,33,106,202,0.525,22,67,0.328,84,135,0.622,38,51,0.745,33,138,54,24,4,33,80,272
24,2017,Natasha Cloud,WAS,G,24,448,0,37,118,0.314,12,51,0.235,25,67,0.373,20,27,0.741,7,59,69,17,3,23,39,106
25,2017,Nia Coffey,SAS,F,27,210,1,16,59,0.271,0,4,0.0,16,55,0.291,16,22,0.727,17,50,6,5,6,16,36,48
26,2017,Marissa Coleman,IND,G-F,34,636,23,55,168,0.327,28,87,0.322,27,81,0.333,30,36,0.833,8,69,34,10,5,39,41,168
27,2017,Nadia Colhado,IND,C,5,13,0,1,1,1.0,0,0,,1,1,1.0,0,0,,1,2,0,0,1,1,5,2
28,2017,Sydney Colson,SAS,G,28,326,4,29,88,0.33,2,10,0.2,27,78,0.346,22,32,0.688,3,15,55,14,2,27,36,82
29,2017,Kahleah Copper,CHI,G-F,34,485,10,87,187,0.465,10,34,0.294,77,153,0.503,44,53,0.83,11,66,13,11,2,28,55,228
30,2017,Damiris Dantas,ATL,C-F,34,614,2,102,260,0.392,26,98,0.265,76,162,0.469,33,43,0.767,33,121,23,17,19,28,79,263
31,2017,Kaela Davis,DAL,F,33,511,0,68,175,0.389,15,35,0.429,53,140,0.379,49,65,0.754,10,46,33,16,3,50,56,200
32,2017,Elena Delle Donne,WAS,F-G,25,758,25,159,322,0.494,33,85,0.388,126,237,0.532,142,149,0.953,39,169,41,21,36,38,49,493
33,2017,Erika de Souza,SAS,F-C,27,338,21,45,94,0.479,0,0,,45,94,0.479,6,6,1.0,28,70,19,8,10,23,34,96
34,2017,Maimouna Diarra,LAS,C,10,20,0,1,5,0.2,0,0,,1,5,0.2,1,2,0.5,4,11,1,2,0,3,5,3
35,2017,Skylar Diggins,DAL,G,34,1162,34,192,455,0.422,49,140,0.35,143,315,0.454,195,218,0.894,23,118,198,45,28,94,80,628
36,2017,Stefanie Dolson,CHI,C,33,968,33,194,346,0.561,31,71,0.437,163,275,0.593,60,69,0.87,42,193,85,18,43,81,120,479
37,2017,Candice Dupree,IND,F,33,1049,33,214,433,0.494,0,2,0.0,214,431,0.497,67,76,0.882,35,191,54,31,15,45,62,495
38,2017,Makayla Epps,CHI,G,17,64,0,3,18,0.167,0,5,0.0,3,13,0.231,5,9,0.556,2,3,6,2,0,5,6,11
39,2017,Temi Fagbenle,MIN,C,21,89,0,9,18,0.5,0,0,,9,18,0.5,7,9,0.778,5,21,1,3,4,8,13,25
40,2017,Feyonda Fitzgerald,CON,G,2,8,0,0,2,0.0,0,0,,0,2,0.0,0,0,,2,4,1,0,0,1,0,0
41,2017,Sylvia Fowles,MIN,C,34,1048,34,254,388,0.655,0,0,,254,388,0.655,136,177,0.768,123,354,52,44,67,83,93,644
42,2017,Cayla George,PHO,C-F,32,381,0,41,109,0.376,13,46,0.283,28,63,0.444,9,14,0.643,11,85,15,9,12,15,62,104
43,2017,Bashaara Graves,CHI,F,10,92,0,11,22,0.5,0,0,,11,22,0.5,4,7,0.571,6,23,5,2,1,6,8,26
44,2017,Allisha Gray,DAL,G,34,924,34,150,394,0.381,35,117,0.299,115,277,0.415,106,132,0.803,55,134,45,52,20,42,71,441
45,2017,Chelsea Gray,LAS,G,34,1125,34,184,363,0.507,53,110,0.482,131,253,0.518,81,98,0.827,21,113,151,36,8,65,74,502
46,2017,Brittney Griner,PHO,C,26,820,26,207,359,0.577,0,0,,207,359,0.577,155,191,0.812,45,198,49,18,65,64,88,569
47,2017,Sandrine Gruda,LAS,F-C,7,28,0,4,11,0.364,0,0,,4,11,0.364,0,0,,1,4,0,0,0,5,4,8
48,2017,Jazmon Gwathmey,IND,G,28,478,7,62,172,0.36,13,55,0.236,49,117,0.419,36,48,0.75,16,55,21,14,22,36,78,173
49,2017,Dearica Hamby,SAS,F,34,686,3,100,219,0.457,3,8,0.375,97,211,0.46,62,102,0.608,50,144,34,29,9,46,72,265
50,2017,Keisha Hampton,CHI,F,19,148,1,24,58,0.414,15,36,0.417,9,22,0.409,6,6,1.0,6,12,6,5,3,5,22,69
51,2017,Jennifer Hamson,IND,C,12,86,0,10,18,0.556,0,0,,10,18,0.556,6,7,0.857,6,25,2,1,11,5,13,26
52,2017,Amber Harris,CHI,F,27,159,0,19,48,0.396,0,11,0.0,19,37,0.514,5,8,0.625,12,42,5,3,9,7,14,43
53,2017,Isabelle Harrison,SAS,F,34,906,33,163,326,0.5,1,2,0.5,162,324,0.5,61,96,0.635,72,216,48,28,25,68,103,388
54,2017,Bria Hartley,NYL,G,34,727,24,99,238,0.416,38,110,0.345,61,128,0.477,29,39,0.744,10,71,70,19,5,49,55,265
55,2017,Tianna Hawkins,WAS,F,33,547,1,88,187,0.471,12,46,0.261,76,141,0.539,41,43,0.953,43,138,11,18,8,25,78,229
56,2017,Tiffany Hayes,ATL,G,33,989,33,166,381,0.436,48,129,0.372,118,252,0.468,158,185,0.854,31,127,80,41,8,63,102,538
57,2017,Aneika Henry-Morello,ATL,F-C,6,31,0,6,7,0.857,0,0,,6,7,0.857,0,0,,1,6,2,2,0,2,7,12
58,2017,Allison Hightower,WAS,G,11,145,0,21,58,0.362,3,15,0.2,18,43,0.419,7,8,0.875,4,14,12,8,0,4,8,52
59,2017,Tayler Hill,WAS,G,18,462,16,69,191,0.361,27,89,0.303,42,102,0.412,75,80,0.938,5,34,47,16,1,26,30,240
60,2017,Rachel Hollivay,ATL,C,7,34,1,4,6,0.667,0,0,,4,6,0.667,1,2,0.5,3,9,0,0,2,1,7,9
61,2017,Bria Holmes,ATL,G,32,711,13,91,241,0.378,10,53,0.189,81,188,0.431,57,89,0.64,32,92,56,23,7,35,45,249
62,2017,Sequoia Holmes,SAS,G,27,306,3,33,96,0.344,14,48,0.292,19,48,0.396,8,13,0.615,13,25,24,13,6,12,25,88
63,2017,Natasha Howard,MIN,F,34,397,0,61,126,0.484,3,14,0.214,58,112,0.518,22,30,0.733,31,81,25,18,21,26,56,147
64,2017,Ify Ibekwe,LAS,F,6,23,0,1,9,0.111,0,2,0.0,1,7,0.143,4,6,0.667,2,5,0,1,0,2,5,6
65,2017,Tiffany Jackson-Jones,LAS,F,26,149,1,12,26,0.462,0,1,0.0,12,25,0.48,5,8,0.625,8,31,3,2,3,12,22,29
66,2017,Briann January,IND,G,25,657,24,81,205,0.395,18,57,0.316,63,148,0.426,58,71,0.817,12,37,98,23,4,53,71,238
67,2017,Moriah Jefferson,SAS,G,21,514,9,81,155,0.523,9,20,0.45,72,135,0.533,20,27,0.741,6,37,92,33,2,43,35,191
68,2017,Glory Johnson,DAL,F,33,1022,33,187,403,0.464,21,67,0.313,166,336,0.494,98,128,0.766,79,300,53,41,13,73,97,493
69,2017,Shenise Johnson,IND,G,14,348,13,55,127,0.433,10,30,0.333,45,97,0.464,38,40,0.95,13,48,35,21,4,18,27,158
70,2017,Alexis Jones,MIN,G,29,211,0,26,76,0.342,11,29,0.379,15,47,0.319,12,14,0.857,4,22,23,8,0,21,23,75
71,2017,Brionna Jones,CON,F,23,147,0,23,40,0.575,0,0,,23,40,0.575,20,24,0.833,16,38,3,9,2,9,28,66
72,2017,Jonquel Jones,CON,C,34,970,34,181,339,0.534,25,56,0.446,156,283,0.551,135,165,0.818,123,403,50,29,50,57,115,522
73,2017,Brianna Kiesel,ATL,G,9,75,0,3,15,0.2,1,9,0.111,2,6,0.333,7,10,0.7,0,4,9,3,1,1,9,14
74,2017,Lynetta Kizer,CON,F,20,238,1,48,100,0.48,0,1,0.0,48,99,0.485,23,30,0.767,22,57,6,11,7,10,37,119
75,2017,Crystal Langhorne,SEA,F-C,34,967,34,180,278,0.647,1,2,0.5,179,276,0.649,61,83,0.735,43,206,51,19,12,57,69,422
76,2017,Erlana Larkins,IND,F,34,640,17,68,117,0.581,0,0,,68,117,0.581,31,34,0.912,64,142,38,18,10,42,71,167
77,2017,Ivory Latta,WAS,G,34,579,1,87,249,0.349,44,134,0.328,43,115,0.374,54,62,0.871,7,28,58,15,1,30,41,272
78,2017,Jantel Lavender,LAS,F,32,553,0,104,213,0.488,5,16,0.313,99,197,0.503,22,26,0.846,33,97,29,9,5,40,40,235
79,2017,Breanna Lewis,DAL,C,13,52,0,2,12,0.167,0,0,,2,12,0.167,3,4,0.75,2,9,2,0,0,7,16,7
80,2017,Camille Smith,PHO,F,34,862,34,98,234,0.419,13,58,0.224,85,176,0.483,34,56,0.607,45,129,49,31,15,55,98,243
81,2017,Jewell Loyd,SEA,G,34,1059,34,208,483,0.431,54,140,0.386,154,343,0.449,132,153,0.863,32,108,117,43,12,85,62,602
82,2017,Sancho Lyttle,ATL,F,29,820,28,81,186,0.435,2,8,0.25,79,178,0.444,22,29,0.759,49,207,46,45,18,38,82,186
83,2017,Kayla McBride,SAS,G,30,995,29,144,378,0.381,49,158,0.31,95,220,0.432,124,134,0.925,14,124,77,34,5,58,41,461
84,2017,Erica McCall,IND,F,30,322,1,41,101,0.406,1,3,0.333,40,98,0.408,15,22,0.682,20,69,5,4,9,20,37,98
85,2017,Emma Meesseman,WAS,F,23,653,21,135,280,0.482,14,44,0.318,121,236,0.513,40,46,0.87,40,132,64,22,35,40,71,324
86,2017,Leilani Mitchell,PHO,G,34,726,7,81,208,0.389,36,100,0.36,45,108,0.417,75,91,0.824,13,80,121,32,10,53,46,273
87,2017,Tiffany Mitchell,IND,G,27,671,9,83,238,0.349,17,69,0.246,66,169,0.391,94,102,0.922,16,86,39,31,5,40,60,277
88,2017,Alex Montgomery,SAS,G-F,34,800,31,81,219,0.37,23,75,0.307,58,144,0.403,19,23,0.826,39,194,71,21,10,47,81,204
89,2017,Lanay Montgomery,SEA,C,7,28,0,3,7,0.429,0,0,,3,7,0.429,0,0,,0,5,0,1,4,2,5,6
90,2017,Renee Montgomery,MIN,G,34,743,12,92,217,0.424,39,109,0.358,53,108,0.491,48,57,0.842,15,54,117,24,2,58,47,271
91,2017,Maya Moore,MIN,F,34,1063,34,207,468,0.442,65,158,0.411,142,310,0.458,109,127,0.858,51,171,119,64,14,61,80,588
92,2017,Darxia Morris,ATL,G,5,21,0,2,6,0.333,1,1,1.0,1,5,0.2,0,0,,0,3,1,0,0,6,2,5
93,2017,Kaleena Mosqueda-Lewis,SEA,F,18,199,1,31,68,0.456,10,34,0.294,21,34,0.618,11,11,1.0,4,21,9,4,1,15,23,83
94,2017,Nneka Ogwumike,LAS,F,34,1050,34,244,435,0.561,18,53,0.34,226,382,0.592,134,154,0.87,61,263,72,63,18,52,99,640
95,2017,Courtney Paris,DAL,C,20,273,8,38,68,0.559,0,0,,38,68,0.559,8,16,0.5,33,74,14,7,11,19,54,84
96,2017,Candace Parker,LAS,F-C,33,1007,33,208,435,0.478,45,127,0.354,163,308,0.529,96,127,0.756,40,277,141,48,55,89,77,557
97,2017,Cheyenne Parker-Tyus,CHI,F,23,286,0,32,69,0.464,0,3,0.0,32,66,0.485,23,36,0.639,31,78,13,8,15,21,38,87
98,2017,Kayla Pedersen,CON,F,26,266,0,13,35,0.371,0,1,0.0,13,34,0.382,12,17,0.706,23,59,15,7,2,10,39,38
99,2017,Jia Perkins,MIN,G,34,554,2,55,149,0.369,12,38,0.316,43,111,0.387,20,24,0.833,11,68,47,37,1,28,42,142
100,2017,Alexis Peterson,SEA,G,17,121,0,13,44,0.295,3,12,0.25,10,32,0.313,6,6,1.0,3,21,14,5,0,13,18,35
101,2017,Plenette Pierson,MIN,F,34,465,4,70,164,0.427,19,56,0.339,51,108,0.472,19,24,0.792,15,76,49,14,5,35,49,178
102,2017,Theresa Plaisance,DAL,F,34,690,25,97,255,0.38,42,122,0.344,55,133,0.414,25,29,0.862,43,147,31,25,24,29,94,261
103,2017,Kelsey Plum,SAS,G,31,711,23,85,246,0.346,35,96,0.365,50,150,0.333,60,69,0.87,12,59,106,16,4,79,57,265
104,2017,Jeanette Pohlen-Mavunga,IND,G,29,374,0,32,79,0.405,15,39,0.385,17,40,0.425,19,23,0.826,4,28,20,7,0,17,22,98
105,2017,Cappie Pondexter,CHI,G,29,789,15,106,289,0.367,9,35,0.257,97,254,0.382,58,73,0.795,12,84,124,19,5,66,67,279
106,2017,Aerial Powers,DAL,G,12,244,1,40,118,0.339,13,42,0.31,27,76,0.355,36,44,0.818,17,50,18,5,6,18,20,129
107,2017,Alexis Prince,PHO,F,18,130,0,14,41,0.341,5,16,0.313,9,25,0.36,2,2,1.0,1,18,7,4,4,3,8,35
108,2017,Epiphanny Prince,NYL,G,28,751,25,116,289,0.401,33,96,0.344,83,193,0.43,72,82,0.878,32,101,81,35,7,35,50,337
109,2017,Allie Quigley,CHI,G,31,1000,31,191,378,0.505,77,179,0.43,114,199,0.573,50,56,0.893,9,101,113,24,17,73,62,509
110,2017,Noelle Quinn,SEA,G,32,504,4,25,62,0.403,15,39,0.385,10,23,0.435,20,21,0.952,1,52,88,13,5,30,34,85
111,2017,Nayo Raincock-Ekunwe,NYL,F,32,295,2,41,78,0.526,0,4,0.0,41,74,0.554,36,61,0.59,29,57,8,5,1,17,47,118
112,2017,Angel Robinson,PHO,F-C,15,237,8,25,44,0.568,1,1,1.0,24,43,0.558,7,7,1.0,16,58,8,1,11,16,36,58
113,2017,Danielle Robinson,PHO,G,32,752,29,83,192,0.432,0,7,0.0,83,185,0.449,55,65,0.846,14,93,110,35,5,61,64,221
114,2017,Sugar Rodgers,NYL,G,33,844,15,120,354,0.339,63,184,0.342,57,170,0.335,44,54,0.815,23,126,77,30,17,53,76,347
115,2017,Tierra Ruffin-Pratt,WAS,G,34,827,34,84,249,0.337,0,4,0.0,84,245,0.343,79,107,0.738,52,180,79,33,17,50,99,247
116,2017,Meighan Simmons,ATL,G,11,42,0,6,24,0.25,2,14,0.143,4,10,0.4,5,7,0.714,1,5,1,0,1,3,4,19
117,2017,Odyssey Sims,LAS,G,31,752,14,113,253,0.447,11,58,0.19,102,195,0.523,62,70,0.886,14,59,108,45,5,44,60,299
118,2017,Breanna Stewart,SEA,F,33,1086,33,222,467,0.475,49,132,0.371,173,335,0.516,163,207,0.787,49,287,90,38,53,80,107,656
119,2017,Kiah Stokes,NYL,C,34,666,12,60,113,0.531,0,1,0.0,60,112,0.536,43,54,0.796,77,214,30,12,39,40,94,163
120,2017,Shekinna Stricklen,CON,F,34,926,29,95,231,0.411,71,173,0.41,24,58,0.414,32,37,0.865,17,107,37,42,4,29,56,293
121,2017,Carolyn Swords,SEA,C,30,261,0,30,55,0.545,0,0,,30,55,0.545,17,22,0.773,11,46,9,5,6,25,55,77
122,2017,Brittney Sykes,ATL,G,34,863,23,170,417,0.408,37,110,0.336,133,307,0.433,94,129,0.729,28,141,65,19,18,58,86,471
123,2017,Stephanie Talbot,PHO,F,34,609,24,51,123,0.415,16,42,0.381,35,81,0.432,30,46,0.652,29,91,55,24,9,30,66,148
124,2017,Diana Taurasi,PHO,G,31,883,31,168,420,0.4,96,250,0.384,72,170,0.424,124,136,0.912,10,92,83,16,10,62,88,556
125,2017,Asia Taylor,WAS,F,24,160,0,13,40,0.325,0,2,0.0,13,38,0.342,19,26,0.731,18,44,9,7,2,11,20,45
126,2017,Alyssa Thomas,CON,F,33,982,33,188,369,0.509,0,3,0.0,188,366,0.514,114,201,0.567,47,225,147,52,13,98,105,490
127,2017,Jasmine Thomas,CON,G,32,902,31,171,406,0.421,54,134,0.403,117,272,0.43,57,73,0.781,13,74,139,51,4,76,52,453
128,2017,Krystal Thomas,WAS,C,34,888,30,98,180,0.544,0,0,,98,180,0.544,41,68,0.603,111,328,33,17,38,48,96,237
129,2017,Kayla Thornton,DAL,F,34,586,1,73,177,0.412,17,61,0.279,56,116,0.483,68,85,0.8,40,112,29,23,8,24,75,231
130,2017,Ramu Tokashiki,SEA,F,33,411,1,42,95,0.442,0,3,0.0,42,92,0.457,22,27,0.815,19,54,21,9,9,26,74,106
131,2017,Kristi Toliver,WAS,G,34,989,34,138,339,0.407,76,225,0.338,62,114,0.544,52,60,0.867,11,67,115,23,8,62,65,404
132,2017,Morgan Tuck,CON,F,22,366,5,45,127,0.354,11,38,0.289,34,89,0.382,17,21,0.81,11,49,20,8,0,22,35,118
133,2017,Yvonne Turner,PHO,G,34,434,4,66,161,0.41,13,54,0.241,53,107,0.495,29,38,0.763,12,33,37,19,1,37,38,174
134,2017,Courtney Vandersloot,CHI,G,27,817,22,127,246,0.516,26,68,0.382,101,178,0.567,31,36,0.861,16,101,218,33,6,80,60,311
135,2017,Kia Vaughn,NYL,C,28,549,22,74,138,0.536,0,0,,74,138,0.536,14,24,0.583,54,137,20,12,11,23,55,162
136,2017,Shatori Walker-Kimbrough,WAS,G,27,336,8,36,97,0.371,11,33,0.333,25,64,0.391,35,41,0.854,7,30,12,15,4,17,26,118
137,2017,Lindsay Whalen,MIN,G,22,520,22,69,153,0.451,12,34,0.353,57,119,0.479,27,36,0.75,8,54,90,11,2,44,37,177
138,2017,Erica Wheeler,IND,G,34,898,26,156,390,0.4,50,151,0.331,106,239,0.444,38,48,0.792,11,75,138,47,1,78,78,400
139,2017,Sami Whitcomb,SEA,G,33,404,0,48,133,0.361,34,102,0.333,14,31,0.452,17,21,0.81,14,56,34,24,0,29,50,147
140,2017,Sydney Wiese,LAS,G,28,222,0,23,60,0.383,14,35,0.4,9,25,0.36,4,8,0.5,3,22,8,5,3,2,19,64
141,2017,Courtney Williams,CON,G,34,884,28,185,391,0.473,12,37,0.324,173,354,0.489,36,41,0.878,46,143,71,18,8,46,55,418
142,2017,Elizabeth Williams,ATL,C-F,34,1069,34,149,307,0.485,0,1,0.0,149,306,0.487,54,82,0.659,107,246,46,36,67,46,81,352
143,2017,Riquna Williams,LAS,G,23,408,6,45,140,0.321,20,74,0.27,25,66,0.379,38,44,0.864,6,32,16,19,3,26,42,148
144,2017,Amanda Zahui B.,NYL,C,29,155,0,26,65,0.4,2,8,0.25,24,57,0.421,9,12,0.75,9,31,10,5,6,15,35,63
145,2017,Cecilia Zandalasini,MIN,F,3,19,0,1,4,0.25,0,0,,1,4,0.25,0,0,,0,1,0,0,0,2,2,2
146,2017,Shavonte Zellous,NYL,G,34,991,34,123,291,0.423,16,48,0.333,107,243,0.44,135,164,0.823,33,136,95,29,8,65,115,397
147,2017,Imani McGee-Stafford,TOT,C,32,430,4,57,123,0.463,1,3,0.333,56,120,0.467,15,23,0.652,45,125,14,9,24,24,63,130
148,2017,Sophie Brunner,TOT,F,4,15,0,0,1,0.0,0,0,,0,1,0.0,0,0,,1,4,0,0,0,1,3,0
149,2017,Cierra Burdick,TOT,F,10,86,0,15,22,0.682,1,2,0.5,14,20,0.7,0,0,,4,12,9,2,1,8,19,31
150,2017,Monique Currie,TOT,F,36,784,10,131,306,0.428,39,98,0.398,92,208,0.442,89,108,0.824,20,133,77,25,12,54,80,390
151,2017,Jordan Hooper,TOT,F,28,299,0,37,99,0.374,29,75,0.387,8,24,0.333,4,6,0.667,3,36,9,9,1,9,16,107
152,2017,Chelsea Hopkins,TOT,G,3,9,0,0,1,0.0,0,0,,0,1,0.0,0,0,,0,0,0,0,0,0,0,0
153,2017,Shay Murphy,TOT,G,26,253,0,23,63,0.365,12,36,0.333,11,27,0.407,8,12,0.667,12,38,17,10,1,12,26,66
154,2017,Haley Peters,TOT,F-G,4,43,0,3,9,0.333,3,6,0.5,0,3,0.0,0,0,,0,3,1,0,0,4,6,9
155,2017,Jennie Simms,TOT,G,14,104,0,6,25,0.24,2,9,0.222,4,16,0.25,9,12,0.75,6,16,8,4,2,6,6,23
156,2017,Tamera Young,TOT,F,35,867,22,110,308,0.357,25,73,0.342,85,235,0.362,48,71,0.676,23,117,67,36,15,61,70,293
0,2018,Natalie Achonwa,IND,F,34,883,34,137,260,0.527,0,0,,137,260,0.527,76,95,0.8,86,234,46,29,23,38,106,350
1,2018,Kayla Alexander,IND,C,30,257,0,33,61,0.541,0,0,,33,61,0.541,14,17,0.824,21,65,5,4,10,19,37,80
2,2018,Lindsay Allen,LVA,G,24,358,6,28,73,0.384,1,16,0.063,27,57,0.474,17,24,0.708,3,30,69,15,0,21,17,74
3,2018,Rebecca Allen,NYL,F-G,28,291,0,38,101,0.376,10,38,0.263,28,63,0.444,21,25,0.84,13,48,8,9,11,16,36,107
4,2018,Ariel Atkins,WAS,G,29,652,24,120,278,0.432,45,126,0.357,75,152,0.493,42,51,0.824,28,69,60,39,10,39,73,327
5,2018,Seimone Augustus,MIN,G-F,33,864,33,156,334,0.467,21,66,0.318,135,268,0.504,24,34,0.706,5,60,85,14,8,40,32,357
6,2018,Rachel Banham,CON,G,33,424,5,55,133,0.414,30,81,0.37,25,52,0.481,33,38,0.868,6,29,48,15,3,18,55,173
7,2018,Alana Beard,LAS,G-F,30,766,30,51,130,0.392,2,5,0.4,49,125,0.392,17,21,0.81,36,98,50,44,6,20,73,121
8,2018,Hind Ben Abdelkader,IND,G,14,142,0,8,43,0.186,6,29,0.207,2,14,0.143,7,8,0.875,1,14,11,4,1,13,10,29
9,2018,Monique Billings,ATL,F,32,353,0,41,93,0.441,0,0,,41,93,0.441,24,32,0.75,37,88,12,14,1,14,37,106
10,2018,Sue Bird,SEA,G,31,824,31,115,247,0.466,60,134,0.448,55,113,0.487,24,29,0.828,5,54,221,35,2,59,38,314
11,2018,Kelsey Bone,LVA,C,32,344,10,40,80,0.5,0,0,,40,80,0.5,9,18,0.5,19,70,38,3,2,30,61,89
12,2018,DeWanna Bonner,PHO,F-G,34,1120,34,208,460,0.452,55,176,0.313,153,284,0.539,117,135,0.867,47,246,108,43,14,55,62,588
13,2018,Brittany Boyd,NYL,G,30,613,14,70,169,0.414,10,27,0.37,60,142,0.423,41,53,0.774,10,117,159,37,3,81,72,191
14,2018,Imani McGee-Stafford,ATL,C,29,305,2,39,86,0.453,0,0,,39,86,0.453,7,15,0.467,39,99,18,13,11,23,44,85
15,2018,Jessica Breland,ATL,F,34,899,34,124,290,0.428,0,0,,124,290,0.428,33,44,0.75,58,269,68,39,65,57,86,281
16,2018,Lexie Brown,CON,G,22,124,0,12,44,0.273,9,29,0.31,3,15,0.2,4,7,0.571,1,17,12,6,1,10,10,37
17,2018,Rebekkah Brunson,MIN,F,25,691,25,64,158,0.405,18,48,0.375,46,110,0.418,33,49,0.673,37,169,60,20,13,37,60,179
18,2018,Liz Cambage,DAL,C,32,945,32,278,472,0.589,12,37,0.324,266,435,0.611,169,229,0.738,75,309,73,15,54,89,89,737
19,2018,Jordin Canada,SEA,G,33,543,2,65,182,0.357,10,55,0.182,55,127,0.433,48,65,0.738,9,49,108,30,1,56,38,188
20,2018,Essence Carson,LAS,G,34,786,15,101,232,0.435,39,108,0.361,62,124,0.5,15,16,0.938,10,90,31,29,12,21,51,256
21,2018,Tina Charles,NYL,C,33,1088,33,263,556,0.473,31,95,0.326,232,461,0.503,94,122,0.77,63,231,90,24,20,93,84,651
22,2018,Saniya Chong,DAL,G,5,43,0,1,6,0.167,0,1,0.0,1,5,0.2,2,3,0.667,1,4,5,3,0,1,3,4
23,2018,Karima Christmas-Kelly,DAL,F-G,6,167,6,13,29,0.448,4,9,0.444,9,20,0.45,26,32,0.813,11,33,9,2,2,10,14,56
24,2018,Alysha Clark,SEA,F,31,813,30,83,173,0.48,29,74,0.392,54,99,0.545,33,39,0.846,31,108,58,31,4,36,70,228
25,2018,Natasha Cloud,WAS,G,27,715,22,89,204,0.436,32,83,0.386,57,121,0.471,21,27,0.778,6,86,125,20,4,45,54,231
26,2018,Alaina Coates,CHI,C,32,364,0,42,74,0.568,0,0,,42,74,0.568,25,40,0.625,39,102,13,6,7,17,58,109
27,2018,Nia Coffey,LVA,F,28,386,10,52,137,0.38,2,5,0.4,50,132,0.379,42,68,0.618,21,66,17,9,6,38,47,148
28,2018,Marissa Coleman,NYL,G-F,21,384,18,40,115,0.348,12,43,0.279,28,72,0.389,6,6,1.0,13,50,22,10,5,13,22,98
29,2018,Sydney Colson,MIN,G,2,17,0,3,7,0.429,0,2,0.0,3,5,0.6,1,2,0.5,1,2,4,0,1,4,2,7
30,2018,Kahleah Copper,CHI,G-F,33,524,2,81,204,0.397,24,64,0.375,57,140,0.407,49,56,0.875,17,73,20,10,6,32,45,235
31,2018,Monique Currie,WAS,F,32,508,9,68,172,0.395,17,58,0.293,51,114,0.447,59,71,0.831,18,96,27,13,6,38,72,212
32,2018,Damiris Dantas,ATL,C-F,19,255,0,42,97,0.433,5,21,0.238,37,76,0.487,13,18,0.722,17,45,16,8,0,10,32,102
33,2018,Kaela Davis,DAL,F,27,453,6,50,144,0.347,10,41,0.244,40,103,0.388,25,39,0.641,13,55,37,9,1,35,57,135
34,2018,Elena Delle Donne,WAS,F-G,29,933,29,220,451,0.488,49,121,0.405,171,330,0.518,110,124,0.887,43,210,67,26,40,27,49,599
35,2018,Diamond DeShields,CHI,G,34,967,33,166,391,0.425,40,122,0.328,126,269,0.468,117,140,0.836,37,167,74,37,10,70,74,489
36,2018,Blake Dietrick,ATL,G,26,186,0,12,35,0.343,9,23,0.391,3,12,0.25,4,6,0.667,2,14,11,7,0,12,21,37
37,2018,Skylar Diggins,DAL,G,32,1092,32,186,461,0.403,51,172,0.297,135,289,0.467,151,180,0.839,21,107,199,46,17,81,73,574
38,2018,Stefanie Dolson,CHI,C,27,745,25,107,229,0.467,18,52,0.346,89,177,0.503,30,32,0.938,20,124,81,15,24,48,81,262
39,2018,Candice Dupree,IND,F,32,1006,32,198,406,0.488,0,1,0.0,198,405,0.489,59,72,0.819,37,206,54,30,11,51,55,455
40,2018,Adaora Elonu,ATL,F,1,1,0,0,0,,0,0,,0,0,,0,0,,0,0,0,0,0,0,0,0
41,2018,Temi Fagbenle,MIN,C,30,283,2,39,77,0.506,0,0,,39,77,0.506,16,23,0.696,28,60,17,8,9,22,35,94
42,2018,Jamierra Faulkner,CHI,G,17,360,0,46,134,0.343,19,63,0.302,27,71,0.38,18,24,0.75,5,24,67,8,2,35,27,129
43,2018,Sylvia Fowles,MIN,C,34,1087,34,237,383,0.619,0,0,,237,383,0.619,128,169,0.757,122,404,74,49,42,103,103,602
44,2018,Cayla George,DAL,C-F,23,245,1,34,78,0.436,12,39,0.308,22,39,0.564,3,6,0.5,15,64,16,2,5,14,31,83
45,2018,Allisha Gray,DAL,G,34,907,34,100,248,0.403,30,111,0.27,70,137,0.511,82,95,0.863,40,115,82,44,8,47,76,312
46,2018,Chelsea Gray,LAS,G,34,1111,34,193,399,0.484,38,97,0.392,155,302,0.513,81,97,0.835,17,116,175,48,6,80,65,505
47,2018,Brittney Griner,PHO,C,34,1108,34,266,489,0.544,1,4,0.25,265,485,0.546,164,205,0.8,63,262,70,17,87,80,110,697
48,2018,Marie Gulich,PHO,C,23,115,0,14,29,0.483,0,0,,14,29,0.483,6,8,0.75,9,22,2,1,6,13,18,34
49,2018,Jazmon Gwathmey,IND,G,10,116,3,9,39,0.231,1,11,0.091,8,28,0.286,5,10,0.5,2,17,9,3,2,7,14,24
50,2018,Dearica Hamby,LVA,F,33,474,0,92,175,0.526,13,45,0.289,79,130,0.608,46,62,0.742,37,119,41,24,9,37,67,243
51,2018,Linnae Harper,CHI,G,24,146,0,19,47,0.404,4,13,0.308,15,34,0.441,6,10,0.6,4,18,24,5,1,10,15,48
52,2018,Amber Harris,CHI,F,1,2,0,0,0,,0,0,,0,0,,0,0,,0,0,0,0,0,0,1,0
53,2018,Bria Hartley,NYL,G,34,806,20,103,265,0.389,36,117,0.308,67,148,0.453,46,65,0.708,25,100,121,29,2,68,75,288
54,2018,Tianna Hawkins,WAS,F,32,532,4,81,183,0.443,25,70,0.357,56,113,0.496,14,17,0.824,36,113,24,17,12,36,79,201
55,2018,Tiffany Hayes,ATL,G,31,897,29,177,401,0.441,42,131,0.321,135,270,0.5,138,169,0.817,28,112,83,36,7,50,65,534
56,2018,Myisha Hines-Allen,WAS,F,24,252,1,36,80,0.45,1,3,0.333,35,77,0.455,17,26,0.654,29,69,10,9,4,9,37,90
57,2018,Sequoia Holmes,LVA,G,3,20,0,2,3,0.667,0,0,,2,3,0.667,0,1,0.0,1,2,2,1,2,2,1,4
58,2018,Chelsea Hopkins,CHI,G,4,58,4,3,6,0.5,0,0,,3,6,0.5,1,1,1.0,0,13,8,2,0,7,2,7
59,2018,Natasha Howard,SEA,F,34,869,33,175,320,0.547,17,52,0.327,158,268,0.59,83,104,0.798,80,219,33,44,67,64,126,450
60,2018,Briann January,PHO,G,33,895,33,77,182,0.423,47,100,0.47,30,82,0.366,29,36,0.806,14,68,109,19,4,46,76,230
61,2018,Moriah Jefferson,LVA,G,16,251,0,33,87,0.379,3,15,0.2,30,72,0.417,17,21,0.81,5,21,34,10,0,16,21,86
62,2018,Glory Johnson,DAL,F,29,652,17,85,204,0.417,17,54,0.315,68,150,0.453,46,59,0.78,47,173,39,29,14,39,61,233
63,2018,Alexis Jones,MIN,G,26,229,0,32,91,0.352,16,50,0.32,16,41,0.39,6,8,0.75,5,23,18,3,2,17,26,86
64,2018,Brionna Jones,CON,F,27,242,0,30,64,0.469,0,0,,30,64,0.469,24,33,0.727,24,53,6,6,6,16,37,84
65,2018,Jonquel Jones,CON,C,34,697,16,149,271,0.55,50,107,0.467,99,164,0.604,53,79,0.671,71,188,57,15,42,55,99,401
66,2018,Lynetta Kizer,MIN,F,14,78,0,8,33,0.242,0,3,0.0,8,30,0.267,6,10,0.6,6,21,8,2,0,5,15,22
67,2018,Betnijah Laney-Hamilton,CON,G-F,29,271,0,33,70,0.471,1,9,0.111,32,61,0.525,10,11,0.909,20,50,21,11,0,16,20,77
68,2018,Crystal Langhorne,SEA,F-C,26,362,1,52,104,0.5,0,4,0.0,52,100,0.52,16,18,0.889,17,77,9,8,4,24,22,120
69,2018,Erlana Larkins,MIN,F,13,168,0,12,27,0.444,0,0,,12,27,0.444,3,3,1.0,13,35,17,9,2,9,21,27
70,2018,Jantel Lavender,LAS,F,30,511,7,68,159,0.428,3,16,0.188,65,143,0.455,18,20,0.9,34,111,22,13,7,30,41,157
71,2018,Breanna Lewis,DAL,C,6,26,0,3,10,0.3,0,0,,3,10,0.3,1,1,1.0,3,7,0,0,1,3,6,7
72,2018,Camille Smith,PHO,F,33,536,7,33,100,0.33,8,31,0.258,25,69,0.362,24,31,0.774,16,60,40,18,10,29,71,98
73,2018,Raigyne Louis,LVA,G,2,21,0,2,5,0.4,0,1,0.0,2,4,0.5,2,3,0.667,1,4,1,1,0,4,2,6
74,2018,Jewell Loyd,SEA,G,34,1010,34,182,430,0.423,67,181,0.37,115,249,0.462,97,114,0.851,42,155,126,43,5,65,61,528
75,2018,Sancho Lyttle,PHO,F,18,419,18,61,113,0.54,0,1,0.0,61,112,0.545,21,24,0.875,25,96,26,16,7,17,41,143
76,2018,Stephanie Mavunga,IND,F,25,194,0,21,44,0.477,0,1,0.0,21,43,0.488,12,15,0.8,25,56,4,8,6,11,35,54
77,2018,Kayla McBride,LVA,G,31,1000,31,197,439,0.449,48,122,0.393,149,317,0.47,121,132,0.917,25,121,109,33,4,63,33,563
78,2018,Erica McCall,IND,F,34,418,2,42,109,0.385,1,8,0.125,41,101,0.406,13,19,0.684,47,93,13,12,16,12,55,98
79,2018,Angel McCoughtry,ATL,F-G,29,799,28,170,405,0.42,21,76,0.276,149,329,0.453,117,140,0.836,46,174,86,38,16,76,74,478
80,2018,Kelsey Mitchell,IND,G,34,829,17,142,410,0.346,70,209,0.335,72,201,0.358,78,97,0.804,9,60,92,23,4,66,82,432
81,2018,Leilani Mitchell,PHO,G,31,461,0,46,131,0.351,31,91,0.341,15,40,0.375,12,14,0.857,10,43,70,14,6,36,40,135
82,2018,Tiffany Mitchell,IND,G,34,871,20,108,291,0.371,16,60,0.267,92,231,0.398,76,91,0.835,25,105,78,30,8,49,59,308
83,2018,Endy Miyem,MIN,F,20,101,1,12,37,0.324,2,10,0.2,10,27,0.37,1,1,1.0,5,12,6,2,2,3,13,27
84,2018,Alex Montgomery,CHI,G-F,19,122,0,5,19,0.263,1,3,0.333,4,16,0.25,4,4,1.0,6,18,9,2,1,5,14,15
85,2018,Renee Montgomery,ATL,G,34,935,34,107,275,0.389,78,210,0.371,29,65,0.446,59,67,0.881,4,58,125,45,2,54,57,351
86,2018,Maya Moore,MIN,F,34,1081,34,223,527,0.423,66,181,0.365,157,346,0.454,100,120,0.833,47,174,88,57,12,60,62,612
87,2018,Kaleena Mosqueda-Lewis,SEA,F,33,442,4,61,148,0.412,34,81,0.42,27,67,0.403,11,12,0.917,8,48,27,4,0,23,39,167
88,2018,Jaime Nared,LVA,G-F,31,283,0,24,80,0.3,7,31,0.226,17,49,0.347,24,28,0.857,10,46,14,13,2,17,26,79
89,2018,Astou Ndour-Fall,CHI,C-F,22,255,9,37,78,0.474,7,22,0.318,30,56,0.536,20,26,0.769,23,54,7,5,10,11,32,101
90,2018,Kia Nurse,NYL,G,34,774,7,103,256,0.402,37,126,0.294,66,130,0.508,67,77,0.87,24,82,54,23,5,30,72,310
91,2018,Chiney Ogwumike,CON,F-C,31,790,31,176,292,0.603,1,2,0.5,175,290,0.603,94,118,0.797,85,227,32,35,19,51,106,447
92,2018,Nneka Ogwumike,LAS,F,27,831,27,169,322,0.525,9,26,0.346,160,296,0.541,71,87,0.816,49,184,53,42,12,40,77,418
93,2018,Courtney Paris,SEA,C,34,360,0,32,60,0.533,0,1,0.0,32,59,0.542,9,17,0.529,39,133,22,8,9,14,55,73
94,2018,Candace Parker,LAS,F-C,31,949,30,198,420,0.471,41,119,0.345,157,301,0.522,118,146,0.808,51,253,146,38,33,92,65,555
95,2018,Cheyenne Parker-Tyus,CHI,F,34,670,5,128,241,0.531,6,19,0.316,122,222,0.55,77,108,0.713,60,196,23,19,36,48,94,339
96,2018,JiSu Park,LVA,C,32,417,11,38,98,0.388,0,2,0.0,38,96,0.396,13,21,0.619,27,107,30,10,20,23,54,89
97,2018,Devereaux Peters,PHO,F,5,38,0,4,12,0.333,0,2,0.0,4,10,0.4,0,0,,2,8,2,0,0,2,5,8
98,2018,Theresa Plaisance,DAL,F,7,81,0,14,36,0.389,9,19,0.474,5,17,0.294,0,2,0.0,10,26,5,2,2,8,13,37
99,2018,Kelsey Plum,LVA,G,31,790,27,106,227,0.467,47,107,0.439,59,120,0.492,35,40,0.875,14,74,124,25,5,37,64,294
100,2018,Alexis Prince,ATL,F,2,6,0,3,5,0.6,1,1,1.0,2,4,0.5,0,0,,1,2,0,0,0,0,1,7
101,2018,Epiphanny Prince,NYL,G,16,305,12,48,122,0.393,18,43,0.419,30,79,0.38,21,24,0.875,7,25,27,14,0,17,31,135
102,2018,LaToya Sanders,WAS,F-C,28,686,25,116,191,0.607,0,1,0.0,116,190,0.611,53,61,0.869,65,179,44,35,31,30,66,285
103,2018,Allie Quigley,CHI,G,32,951,32,183,393,0.466,73,174,0.42,110,219,0.502,54,63,0.857,10,77,81,22,10,66,58,493
104,2018,Noelle Quinn,SEA,G,20,181,1,13,43,0.302,4,17,0.235,9,26,0.346,0,0,,2,17,13,1,2,10,7,30
105,2018,Angel Robinson,PHO,F-C,24,238,0,19,42,0.452,0,1,0.0,19,41,0.463,17,20,0.85,23,72,13,5,6,21,31,55
106,2018,Danielle Robinson,MIN,G,28,521,2,69,155,0.445,3,19,0.158,66,136,0.485,41,48,0.854,8,50,92,26,1,49,38,182
107,2018,Sugar Rodgers,NYL,G,31,608,13,67,185,0.362,43,133,0.323,24,52,0.462,19,23,0.826,19,100,61,21,3,36,66,196
108,2018,Leticia Romero,DAL,G,21,146,0,5,16,0.313,1,5,0.2,4,11,0.364,13,15,0.867,8,17,23,1,0,15,21,24
109,2018,Tierra Ruffin-Pratt,WAS,G,33,598,10,56,164,0.341,16,51,0.314,40,113,0.354,53,62,0.855,23,67,51,19,6,26,54,181
110,2018,Karlie Samuelson,LAS,G,20,84,0,7,18,0.389,5,16,0.313,2,2,1.0,0,0,,2,10,6,2,5,3,13,19
111,2018,Shoni Schimmel,LVA,G,2,13,0,0,5,0.0,0,4,0.0,0,1,0.0,0,0,,0,2,1,0,0,1,0,0
112,2018,Odyssey Sims,LAS,G,34,867,24,104,268,0.388,15,55,0.273,89,213,0.418,57,79,0.722,14,84,95,20,1,52,56,280
113,2018,Azura Stevens,DAL,F-C,34,700,9,111,258,0.43,28,88,0.318,83,170,0.488,52,66,0.788,59,155,44,31,39,51,70,302
114,2018,Breanna Stewart,SEA,F,34,1074,34,270,510,0.529,61,147,0.415,209,363,0.576,141,172,0.82,38,284,86,46,49,61,69,742
115,2018,Kiah Stokes,NYL,C,30,427,4,42,77,0.545,0,0,,42,77,0.545,8,15,0.533,43,134,12,11,19,21,56,92
116,2018,Shekinna Stricklen,CON,F,34,639,30,77,179,0.43,58,135,0.43,19,44,0.432,12,14,0.857,9,77,16,20,4,19,46,224
117,2018,Carolyn Swords,LVA,C,26,375,12,44,79,0.557,0,0,,44,79,0.557,14,16,0.875,45,122,23,5,17,21,55,102
118,2018,Brittney Sykes,ATL,G,29,600,7,97,236,0.411,22,82,0.268,75,154,0.487,65,98,0.663,18,102,68,10,18,32,52,281
119,2018,Stephanie Talbot,PHO,F,31,453,8,39,84,0.464,17,44,0.386,22,40,0.55,19,21,0.905,25,60,41,14,10,27,51,114
120,2018,Diana Taurasi,PHO,G,33,989,33,202,453,0.446,106,277,0.383,96,176,0.545,172,186,0.925,4,115,176,30,8,85,100,682
121,2018,Asia Taylor,IND,F,14,116,0,9,29,0.31,1,5,0.2,8,24,0.333,7,9,0.778,9,25,6,3,0,11,12,26
122,2018,Alyssa Thomas,CON,F,24,734,24,98,211,0.464,0,1,0.0,98,210,0.467,52,95,0.547,47,195,101,28,10,48,69,248
123,2018,Jasmine Thomas,CON,G,34,956,34,160,402,0.398,46,148,0.311,114,254,0.449,71,83,0.855,26,111,163,37,8,85,70,437
124,2018,Krystal Thomas,WAS,C,24,237,7,18,42,0.429,0,0,,18,42,0.429,7,11,0.636,22,59,4,4,2,19,45,43
125,2018,Kayla Thornton,DAL,F,34,971,32,114,255,0.447,43,121,0.355,71,134,0.53,43,50,0.86,44,137,62,35,12,37,93,314
126,2018,Kristi Toliver,WAS,G,33,1087,33,149,344,0.433,72,200,0.36,77,144,0.535,89,97,0.918,5,76,146,40,1,72,54,459
127,2018,Morgan Tuck,CON,F,34,462,1,80,169,0.473,22,63,0.349,58,106,0.547,19,23,0.826,23,78,18,14,4,24,41,201
128,2018,Yvonne Turner,PHO,G,32,426,3,47,125,0.376,23,71,0.324,24,54,0.444,15,22,0.682,7,57,43,21,2,20,36,132
129,2018,Maria Kliundikova,LAS,F,25,204,0,39,74,0.527,4,12,0.333,35,62,0.565,9,12,0.75,18,55,11,9,11,12,45,91
130,2018,Courtney Vandersloot,CHI,G,30,955,30,136,278,0.489,45,113,0.398,91,165,0.552,57,69,0.826,15,112,258,40,17,104,62,374
131,2018,Kia Vaughn,NYL,C,29,532,27,73,137,0.533,0,0,,73,137,0.533,18,28,0.643,34,115,20,20,7,29,50,164
132,2018,Victoria Vivians,IND,G-F,34,920,26,105,260,0.404,65,163,0.399,40,97,0.412,27,29,0.931,17,107,41,32,5,33,62,302
133,2018,Shatori Walker-Kimbrough,WAS,G,19,168,1,24,56,0.429,7,23,0.304,17,33,0.515,12,12,1.0,3,15,8,7,6,15,8,67
134,2018,Lindsay Whalen,MIN,G,32,617,29,65,179,0.363,15,42,0.357,50,137,0.365,37,42,0.881,10,82,99,21,3,41,42,182
135,2018,Erica Wheeler,IND,G,34,737,22,99,282,0.351,21,76,0.276,78,206,0.379,47,59,0.797,20,100,141,28,6,48,77,266
136,2018,Sami Whitcomb,SEA,G,31,265,0,30,86,0.349,25,69,0.362,5,17,0.294,6,6,1.0,5,29,16,16,4,15,20,91
137,2018,Sydney Wiese,LAS,G,11,36,0,0,4,0.0,0,4,0.0,0,0,,0,0,,0,3,2,0,0,1,5,0
138,2018,Courtney Williams,CON,G,30,812,29,171,375,0.456,20,53,0.377,151,322,0.469,17,25,0.68,46,178,90,23,2,54,47,379
139,2018,Elizabeth Williams,ATL,C-F,33,885,32,121,221,0.548,0,0,,121,221,0.548,58,103,0.563,71,190,46,26,59,41,88,300
140,2018,Gabby Williams,CHI,F,34,781,30,102,236,0.432,7,26,0.269,95,210,0.452,36,46,0.783,42,146,56,56,8,38,66,247
141,2018,Riquna Williams,LAS,G,33,546,3,81,199,0.407,48,128,0.375,33,71,0.465,24,30,0.8,12,46,22,22,3,16,52,234
142,2018,A'ja Wilson,LVA,C,33,1010,33,245,530,0.462,0,0,,245,530,0.462,192,248,0.774,66,264,74,27,55,47,68,682
143,2018,Imani Wright,PHO,G,1,1,0,0,1,0.0,0,1,0.0,0,0,,0,0,,0,0,0,0,0,0,0,0
144,2018,Tanisha Wright,MIN,G,33,586,4,51,133,0.383,19,48,0.396,32,85,0.376,20,27,0.741,11,53,65,16,4,42,63,141
145,2018,Tamera Young,LVA,F,33,881,25,129,316,0.408,4,13,0.308,125,303,0.413,65,92,0.707,36,168,91,32,6,55,68,327
146,2018,Amanda Zahui B.,NYL,C,29,460,0,90,180,0.5,21,61,0.344,69,119,0.58,23,38,0.605,37,87,21,11,12,45,80,224
147,2018,Cecilia Zandalasini,MIN,F,29,478,6,61,149,0.409,23,60,0.383,38,89,0.427,21,25,0.84,6,54,32,8,1,31,51,166
148,2018,Shavonte Zellous,NYL,G,22,531,22,63,149,0.423,8,30,0.267,55,119,0.462,46,61,0.754,6,69,65,13,5,27,57,180
149,2018,Alex Bentley,TOT,G,35,745,0,128,331,0.387,39,127,0.307,89,204,0.436,34,47,0.723,10,51,115,40,3,57,76,329
150,2018,Layshia Clarendon,TOT,G,33,549,4,57,142,0.401,2,20,0.1,55,122,0.451,43,53,0.811,17,61,72,15,0,38,48,159
151,2018,Tayler Hill,TOT,G,20,235,1,24,84,0.286,13,45,0.289,11,39,0.282,13,14,0.929,3,15,20,3,2,17,8,74
152,2018,Maggie Lucas,TOT,G,8,56,0,1,16,0.063,1,13,0.077,0,3,0.0,0,0,,1,3,0,3,0,6,0,3
153,2018,Teana Muldrow,TOT,F,4,9,0,0,1,0.0,0,1,0.0,0,0,,0,0,,0,1,0,0,0,0,1,0
154,2018,Cappie Pondexter,TOT,G,30,545,14,85,223,0.381,11,30,0.367,74,193,0.383,39,45,0.867,7,55,54,15,0,27,45,220
155,2018,Aerial Powers,TOT,G,24,345,0,48,122,0.393,12,44,0.273,36,78,0.462,40,46,0.87,16,66,21,13,6,31,30,148
156,2018,Mercedes Russell,TOT,C,24,133,0,16,34,0.471,0,0,,16,34,0.471,8,14,0.571,8,33,4,2,3,7,16,40
0,2019,Natalie Achonwa,IND,F,30,636,18,99,203,0.488,3,12,0.25,96,191,0.503,60,66,0.909,48,156,48,18,20,29,77,261
1,2019,Kayla Alexander,CHI,C,3,20,0,3,4,0.75,0,0,,3,4,0.75,3,4,0.75,2,7,1,0,0,1,3,9
2,2019,Rebecca Allen,NYL,F-G,24,412,2,65,156,0.417,29,68,0.426,36,88,0.409,13,16,0.813,12,61,17,12,18,17,51,172
3,2019,Jillian Alleyne,MIN,C-F,5,14,0,2,6,0.333,0,0,,2,6,0.333,0,0,,2,5,1,0,1,0,0,4
4,2019,Ariel Atkins,WAS,G,33,804,33,123,296,0.416,51,143,0.357,72,153,0.471,43,53,0.811,24,93,65,48,18,34,73,340
5,2019,Seimone Augustus,MIN,G-F,12,156,7,20,64,0.313,2,12,0.167,18,52,0.346,3,4,0.75,2,7,15,5,1,12,5,45
6,2019,Rachel Banham,CON,G,29,353,0,37,115,0.322,22,72,0.306,15,43,0.349,9,13,0.692,1,30,26,8,2,26,34,105
7,2019,Alana Beard,LAS,G-F,16,235,3,22,49,0.449,1,5,0.2,21,44,0.477,7,9,0.778,2,24,23,12,3,9,21,52
8,2019,Kenisha Bell,MIN,G,3,11,0,0,1,0.0,0,1,0.0,0,0,,0,0,,0,1,1,0,0,1,1,0
9,2019,Alex Bentley,ATL,G,29,634,4,99,323,0.307,32,136,0.235,67,187,0.358,30,35,0.857,10,54,86,21,9,44,56,260
10,2019,Tiffany Bias,NYL,G,12,105,0,7,28,0.25,3,19,0.158,4,9,0.444,6,7,0.857,0,6,11,3,0,8,7,23
11,2019,Monique Billings,ATL,F,29,553,2,56,144,0.389,1,1,1.0,55,143,0.385,47,60,0.783,61,201,16,17,12,46,66,160
12,2019,DeWanna Bonner,PHO,F-G,34,1120,34,190,504,0.377,52,191,0.272,138,313,0.441,153,167,0.916,34,260,92,44,21,53,55,585
13,2019,Brittany Boyd,NYL,G,33,649,17,71,180,0.394,7,23,0.304,64,157,0.408,26,34,0.765,27,121,151,47,4,81,68,175
14,2019,Imani McGee-Stafford,DAL,C,29,346,6,51,109,0.468,1,4,0.25,50,105,0.476,9,14,0.643,44,111,18,17,18,34,58,112
15,2019,Jessica Breland,ATL,F,33,767,33,104,275,0.378,9,38,0.237,95,237,0.401,29,33,0.879,42,240,55,42,35,38,65,246
16,2019,Kalani Brown,LAS,C,28,377,0,54,113,0.478,0,1,0.0,54,112,0.482,36,46,0.783,34,98,17,9,22,29,47,144
17,2019,Lexie Brown,MIN,G,33,605,0,84,209,0.402,52,135,0.385,32,74,0.432,30,38,0.789,7,45,47,31,1,41,42,250
18,2019,Kennedy Burke,IND,G-F,31,423,7,45,117,0.385,14,40,0.35,31,77,0.403,31,44,0.705,18,45,22,18,10,21,30,135
19,2019,Liz Cambage,LVA,C,32,807,30,196,389,0.504,2,12,0.167,194,377,0.515,116,155,0.748,63,261,68,19,51,72,88,510
20,2019,Jordin Canada,SEA,G,30,865,29,112,289,0.388,8,43,0.186,104,246,0.423,63,82,0.768,13,71,155,68,7,79,48,295
21,2019,Essence Carson,PHO,G,23,425,13,45,128,0.352,14,41,0.341,31,87,0.356,29,37,0.784,11,51,35,12,8,17,23,133
22,2019,Arica Carter,PHO,G,6,24,0,1,5,0.2,0,4,0.0,1,1,1.0,0,0,,0,0,1,1,0,2,5,2
23,2019,Maite Cazorla,ATL,G,31,477,1,29,93,0.312,13,55,0.236,16,38,0.421,21,24,0.875,2,21,49,18,1,29,22,92
24,2019,Tina Charles,NYL,C,33,1028,33,220,566,0.389,11,59,0.186,209,507,0.412,108,133,0.812,65,249,78,23,29,85,92,559
25,2019,Karima Christmas-Kelly,MIN,F-G,6,72,0,5,18,0.278,3,11,0.273,2,7,0.286,3,5,0.6,1,5,6,5,1,4,8,16
26,2019,Layshia Clarendon,CON,G,9,138,0,18,43,0.419,2,2,1.0,16,41,0.39,18,21,0.857,7,22,19,3,0,8,7,56
27,2019,Alysha Clark,SEA,F,31,881,30,114,237,0.481,51,106,0.481,63,131,0.481,18,22,0.818,37,145,79,33,17,48,60,297
28,2019,Natasha Cloud,WAS,G,34,1093,34,110,279,0.394,45,138,0.326,65,141,0.461,41,60,0.683,6,85,189,35,7,65,69,306
29,2019,Nia Coffey,ATL,F,28,389,6,47,139,0.338,22,58,0.379,25,81,0.309,23,42,0.548,23,78,12,14,13,21,52,139
30,2019,Napheesa Collier,MIN,F,34,1131,34,167,341,0.49,30,83,0.361,137,258,0.531,80,101,0.792,60,223,87,65,32,65,99,444
31,2019,Sydney Colson,LVA,G,33,379,0,37,84,0.44,9,20,0.45,28,64,0.438,27,33,0.818,2,23,59,31,4,28,40,110
32,2019,Kahleah Copper,CHI,G-F,34,502,0,79,204,0.387,15,49,0.306,64,155,0.413,54,70,0.771,12,64,30,14,3,43,51,227
33,2019,Sophie Cunningham,PHO,G,32,389,5,28,79,0.354,14,46,0.304,14,33,0.424,30,34,0.882,6,45,25,11,4,20,53,100
34,2019,Damiris Dantas,MIN,C-F,26,667,26,89,206,0.432,42,107,0.393,47,99,0.475,19,26,0.731,28,116,84,19,15,45,74,239
35,2019,Kaela Davis,DAL,F,33,634,16,76,231,0.329,16,51,0.314,60,180,0.333,29,33,0.879,16,73,69,18,6,73,79,197
36,2019,Elena Delle Donne,WAS,F-G,31,901,31,220,427,0.515,52,121,0.43,168,306,0.549,114,117,0.974,48,255,68,19,39,30,32,606
37,2019,Diamond DeShields,CHI,G,34,1027,34,192,481,0.399,50,158,0.316,142,323,0.44,117,140,0.836,29,187,82,43,14,74,92,551
38,2019,Blake Dietrick,SEA,G,17,106,1,1,10,0.1,0,6,0.0,1,4,0.25,4,6,0.667,1,10,16,3,2,10,14,6
39,2019,Stefanie Dolson,CHI,C,34,850,34,121,233,0.519,30,83,0.361,91,150,0.607,44,49,0.898,41,189,75,21,34,66,125,316
40,2019,Candice Dupree,IND,F,34,1043,34,174,369,0.472,0,3,0.0,174,366,0.475,47,56,0.839,24,169,86,15,19,52,34,395
41,2019,AD Durr,NYL,G,18,480,15,71,152,0.467,15,51,0.294,56,101,0.554,18,22,0.818,5,29,31,10,7,21,34,175
42,2019,Temi Fagbenle,MIN,C,18,271,0,42,81,0.519,1,6,0.167,41,75,0.547,13,18,0.722,22,52,15,6,6,32,41,98
43,2019,Jamierra Faulkner,CHI,G,13,72,0,6,18,0.333,1,9,0.111,5,9,0.556,4,8,0.5,2,4,11,2,0,5,8,17
44,2019,Sylvia Fowles,MIN,C,34,1003,34,197,335,0.588,0,0,,197,335,0.588,70,99,0.707,92,302,51,32,47,68,88,464
45,2019,Allisha Gray,DAL,G,34,1035,29,117,256,0.457,33,86,0.384,84,170,0.494,95,112,0.848,45,141,78,42,14,49,87,362
46,2019,Chelsea Gray,LAS,G,34,1108,34,188,452,0.416,50,131,0.382,138,321,0.43,66,72,0.917,14,128,202,33,3,108,49,492
47,2019,Reshanda Gray,NYL,F,34,519,10,71,150,0.473,1,2,0.5,70,148,0.473,35,62,0.565,62,176,18,16,7,42,113,178
48,2019,Brittney Griner,PHO,C,31,1018,31,270,479,0.564,1,3,0.333,269,476,0.565,101,125,0.808,51,222,75,22,62,76,85,642
49,2019,Marie Gulich,ATL,C,31,349,1,39,108,0.361,8,25,0.32,31,83,0.373,16,22,0.727,35,85,19,5,24,32,62,102
50,2019,Megan Gustafson,DAL,C,25,238,0,27,55,0.491,1,9,0.111,26,46,0.565,18,20,0.9,20,63,7,4,6,10,26,73
51,2019,Dearica Hamby,LVA,F,34,842,9,141,289,0.488,17,53,0.321,124,236,0.525,74,103,0.718,76,257,65,33,12,61,71,373
52,2019,Isabelle Harrison,DAL,F,31,794,29,110,241,0.456,0,6,0.0,110,235,0.468,48,67,0.716,72,181,42,35,25,48,80,268
53,2019,Bria Hartley,NYL,G,24,545,18,79,210,0.376,24,73,0.329,55,137,0.401,53,66,0.803,18,77,76,18,1,50,55,235
54,2019,Tianna Hawkins,WAS,F,31,477,1,113,220,0.514,33,91,0.363,80,129,0.62,37,40,0.925,47,129,23,14,4,35,77,296
55,2019,Tiffany Hayes,ATL,G,29,817,29,147,374,0.393,36,117,0.308,111,257,0.432,97,127,0.764,21,87,82,29,8,70,71,427
56,2019,Natisha Hiedeman,CON,G,20,205,0,24,58,0.414,13,28,0.464,11,30,0.367,12,24,0.5,7,30,38,8,2,13,25,73
57,2019,Tayler Hill,DAL,G,4,49,2,4,13,0.308,1,6,0.167,3,7,0.429,4,5,0.8,2,5,3,1,0,0,4,13
58,2019,Myisha Hines-Allen,WAS,F,27,211,0,25,69,0.362,6,16,0.375,19,53,0.358,7,12,0.583,25,58,24,9,11,21,32,63
59,2019,Bria Holmes,CON,G,34,529,0,77,193,0.399,20,63,0.317,57,130,0.438,39,58,0.672,10,49,31,16,7,30,36,213
60,2019,Anriel Howard,SEA,F,3,20,0,2,5,0.4,1,2,0.5,1,3,0.333,0,0,,2,3,0,1,0,2,4,5
61,2019,Natasha Howard,SEA,F,34,1066,34,227,517,0.439,32,104,0.308,195,413,0.472,128,158,0.81,92,279,72,74,59,99,100,614
62,2019,Chloe Jackson,CHI,G,8,32,0,2,9,0.222,0,0,,2,9,0.222,1,6,0.167,3,6,4,5,0,6,1,5
63,2019,Briann January,PHO,G,32,852,26,71,182,0.39,31,82,0.378,40,100,0.4,36,43,0.837,6,42,103,26,3,54,67,209
64,2019,Marine Johannes,NYL,G,19,345,0,48,110,0.436,25,66,0.379,23,44,0.523,15,19,0.789,9,34,46,8,3,22,30,136
65,2019,Glory Johnson,DAL,F,28,676,19,78,214,0.364,35,103,0.34,43,111,0.387,14,24,0.583,27,144,39,39,18,28,45,205
66,2019,Shenise Johnson,IND,G,17,219,0,30,90,0.333,8,33,0.242,22,57,0.386,15,16,0.938,11,35,18,12,2,12,17,83
67,2019,Alexis Jones,LAS,G,20,243,1,28,70,0.4,11,33,0.333,17,37,0.459,12,15,0.8,2,22,36,6,4,27,29,79
68,2019,Brionna Jones,CON,F,27,227,0,35,75,0.467,0,1,0.0,35,74,0.473,24,36,0.667,37,59,9,9,7,19,36,94
69,2019,Jonquel Jones,CON,C,34,980,34,173,386,0.448,43,139,0.309,130,247,0.526,108,132,0.818,113,330,52,43,68,66,96,497
70,2019,Paris Kea,IND,G,11,60,0,11,27,0.407,5,9,0.556,6,18,0.333,2,4,0.5,1,5,6,1,2,9,4,29
71,2019,Betnijah Laney-Hamilton,IND,G-F,34,877,27,77,213,0.362,20,66,0.303,57,147,0.388,18,31,0.581,32,143,59,48,4,49,55,192
72,2019,Crystal Langhorne,SEA,F-C,34,577,4,70,171,0.409,18,57,0.316,52,114,0.456,33,44,0.75,27,106,33,10,9,43,35,191
73,2019,Jantel Lavender,CHI,F,23,619,22,103,210,0.49,6,27,0.222,97,183,0.53,19,21,0.905,46,158,26,7,13,32,34,231
74,2019,Camille Smith,PHO,F,29,425,0,40,92,0.435,7,21,0.333,33,71,0.465,25,31,0.806,19,69,23,11,8,25,51,112
75,2019,Jewell Loyd,SEA,G,27,686,21,117,299,0.391,34,101,0.337,83,198,0.419,64,69,0.928,11,74,54,35,3,52,33,332
76,2019,Sancho Lyttle,PHO,F,20,250,2,26,62,0.419,1,4,0.25,25,58,0.431,5,8,0.625,14,58,6,12,5,12,27,58
77,2019,Marina Mabrey,LAS,G,31,355,0,45,131,0.344,21,77,0.273,24,54,0.444,14,16,0.875,6,38,30,19,7,24,23,125
78,2019,Victoria Macaulay,CHI,F,5,22,0,2,5,0.4,0,0,,2,5,0.4,2,2,1.0,1,4,0,2,1,0,3,6
79,2019,Stephanie Mavunga,IND,F,24,204,0,24,47,0.511,0,1,0.0,24,46,0.522,12,17,0.706,21,56,4,6,7,10,39,60
80,2019,Kayla McBride,LVA,G,34,990,34,152,358,0.425,62,145,0.428,90,213,0.423,87,96,0.906,22,141,88,41,3,59,46,453
81,2019,Erica McCall,IND,F,15,104,0,3,22,0.136,0,0,,3,22,0.136,8,8,1.0,11,27,6,1,6,3,13,14
82,2019,Brooke McCarty-Williams,DAL,G,34,447,3,26,90,0.289,18,50,0.36,8,40,0.2,11,12,0.917,10,45,64,16,1,29,42,81
83,2019,Angel McCoughtry,ATL,F-G,1,0,1,0,0,,0,0,,0,0,,0,0,,0,0,0,0,0,0,0,0
84,2019,Teaira McCowan,IND,C,34,752,16,119,230,0.517,0,0,,119,230,0.517,103,150,0.687,108,305,8,20,44,44,110,341
85,2019,Emma Meesseman,WAS,F,23,543,6,122,221,0.552,19,45,0.422,103,176,0.585,38,42,0.905,27,97,73,20,15,22,41,301
86,2019,Kim Mestdagh,WAS,G,15,71,0,7,18,0.389,6,15,0.4,1,3,0.333,2,2,1.0,1,4,6,2,0,6,5,22
87,2019,Kelsey Mitchell,IND,G,34,852,20,167,432,0.387,79,211,0.374,88,221,0.398,51,61,0.836,4,56,90,15,4,57,57,464
88,2019,Leilani Mitchell,PHO,G,32,971,27,134,304,0.441,74,172,0.43,60,132,0.455,68,82,0.829,16,96,128,30,10,58,78,410
89,2019,Tiffany Mitchell,IND,G,33,831,14,109,286,0.381,20,69,0.29,89,217,0.41,83,93,0.892,22,95,71,19,3,55,83,321
90,2019,Renee Montgomery,ATL,G,34,949,34,107,289,0.37,68,210,0.324,39,79,0.494,42,51,0.824,9,74,90,31,6,64,51,324
91,2019,Kaleena Mosqueda-Lewis,SEA,F,31,435,4,65,163,0.399,28,82,0.341,37,81,0.457,14,14,1.0,9,36,16,8,5,36,40,172
92,2019,Jaime Nared,LVA,G-F,1,1,0,0,0,,0,0,,0,0,,0,0,,0,0,0,0,0,0,1,0
93,2019,Astou Ndour-Fall,CHI,C-F,21,368,11,58,118,0.492,14,33,0.424,44,85,0.518,13,18,0.722,30,88,14,10,14,14,36,143
94,2019,Kia Nurse,NYL,G,34,1001,34,142,361,0.393,65,184,0.353,77,177,0.435,116,133,0.872,19,85,78,25,4,56,60,465
95,2019,Arike Ogunbowale,DAL,G,33,1059,28,214,551,0.388,57,162,0.352,157,389,0.404,145,178,0.815,20,80,106,35,1,68,85,630
96,2019,Chiney Ogwumike,LAS,F-C,32,697,14,125,253,0.494,1,4,0.25,124,249,0.498,55,68,0.809,81,184,25,33,23,42,110,306
97,2019,Nneka Ogwumike,LAS,F,32,892,32,207,406,0.51,23,68,0.338,184,338,0.544,77,93,0.828,73,282,58,60,15,58,92,514
98,2019,Courtney Paris,SEA,C,30,190,0,6,15,0.4,0,0,,6,15,0.4,3,7,0.429,13,52,13,8,3,9,18,15
99,2019,Candace Parker,LAS,F-C,22,571,22,89,211,0.422,16,60,0.267,73,151,0.483,53,67,0.791,24,140,76,23,17,54,39,247
100,2019,Cheyenne Parker-Tyus,CHI,F,34,670,0,107,233,0.459,5,18,0.278,102,215,0.474,80,95,0.842,62,197,30,25,42,45,81,299
101,2019,JiSu Park,LVA,C,25,163,0,8,37,0.216,0,1,0.0,8,36,0.222,4,9,0.444,10,27,10,5,4,7,23,20
102,2019,Shey Peddy,WAS,G,15,71,0,8,13,0.615,4,8,0.5,4,5,0.8,6,6,1.0,1,9,8,4,0,3,8,26
103,2019,Haley Peters,ATL,F-G,4,26,0,0,7,0.0,0,0,,0,7,0.0,2,2,1.0,1,2,1,1,1,4,3,2
104,2019,Kelsey Plum,LVA,G,34,868,30,107,293,0.365,45,125,0.36,62,168,0.369,34,39,0.872,15,96,102,27,4,53,76,293
105,2019,Aerial Powers,WAS,G,30,593,7,108,249,0.434,42,116,0.362,66,133,0.496,85,98,0.867,34,97,45,25,6,44,48,343
106,2019,Epiphanny Prince,LVA,G,3,28,0,5,10,0.5,3,7,0.429,2,3,0.667,0,0,,1,2,3,1,1,0,5,13
107,2019,LaToya Sanders,WAS,F-C,34,804,34,87,172,0.506,0,0,,87,172,0.506,33,37,0.892,44,186,66,30,47,30,71,207
108,2019,Allie Quigley,CHI,G,34,972,34,171,347,0.493,80,181,0.442,91,166,0.548,47,54,0.87,13,101,85,27,7,46,61,469
109,2019,Nayo Raincock-Ekunwe,NYL,F,28,367,1,43,79,0.544,1,3,0.333,42,76,0.553,16,25,0.64,39,77,12,8,4,22,43,103
110,2019,Danielle Robinson,MIN,G,34,919,25,138,316,0.437,9,41,0.22,129,275,0.469,58,66,0.879,22,118,125,42,7,70,61,343
111,2019,Sugar Rodgers,LVA,G,33,382,0,40,111,0.36,30,84,0.357,10,27,0.37,3,5,0.6,4,48,39,13,12,27,37,113
112,2019,Tierra Ruffin-Pratt,LAS,G,34,856,33,72,196,0.367,25,73,0.342,47,123,0.382,35,41,0.854,20,83,57,26,20,29,91,204
113,2019,Mercedes Russell,SEA,C,34,870,30,106,204,0.52,0,0,,106,204,0.52,42,65,0.646,81,207,35,37,17,33,85,254
114,2019,Katie Lou Samuelson,CHI,G,20,153,0,12,38,0.316,8,29,0.276,4,9,0.444,16,20,0.8,4,17,7,6,2,5,15,48
115,2019,Jessica Shepard,MIN,F,6,112,0,11,29,0.379,1,7,0.143,10,22,0.455,6,8,0.75,9,34,21,2,1,15,9,29
116,2019,Odyssey Sims,MIN,G,34,1083,34,189,455,0.415,25,93,0.269,164,362,0.453,89,112,0.795,24,114,185,46,4,112,68,492
117,2019,Alanna Smith,PHO,F,18,134,0,8,41,0.195,2,18,0.111,6,23,0.261,1,2,0.5,11,35,4,5,5,8,18,19
118,2019,Azura Stevens,DAL,F-C,9,144,1,19,53,0.358,1,9,0.111,18,44,0.409,4,5,0.8,15,32,5,5,10,9,12,43
119,2019,Shekinna Stricklen,CON,F,34,804,34,104,255,0.408,76,199,0.382,28,56,0.5,22,27,0.815,9,65,39,34,7,28,79,306
120,2019,Carolyn Swords,LVA,C,29,257,4,32,73,0.438,0,0,,32,73,0.438,11,13,0.846,19,63,10,7,3,17,27,75
121,2019,Brittney Sykes,ATL,G,34,880,27,128,351,0.365,28,108,0.259,100,243,0.412,64,91,0.703,25,151,85,20,16,68,59,348
122,2019,Stephanie Talbot,MIN,F,33,561,10,57,154,0.37,31,95,0.326,26,59,0.441,27,31,0.871,18,79,41,30,9,42,37,172
123,2019,Diana Taurasi,PHO,G,6,129,6,4,39,0.103,1,24,0.042,3,15,0.2,17,18,0.944,1,19,32,2,1,13,15,26
124,2019,Alyssa Thomas,CON,F,34,1026,34,168,333,0.505,0,1,0.0,168,332,0.506,60,121,0.496,83,264,104,66,13,69,96,396
125,2019,Jasmine Thomas,CON,G,34,1009,34,139,355,0.392,45,123,0.366,94,232,0.405,56,70,0.8,19,97,175,48,5,93,62,379
126,2019,Kayla Thornton,DAL,F,27,822,25,99,289,0.343,28,103,0.272,71,186,0.382,54,58,0.931,49,143,48,25,8,44,60,280
127,2019,Shao Ting,MIN,F,5,27,0,2,10,0.2,0,0,,2,10,0.2,2,3,0.667,2,6,2,0,1,2,6,6
128,2019,Kristi Toliver,WAS,G,23,678,23,116,235,0.494,36,100,0.36,80,135,0.593,30,35,0.857,11,67,137,27,2,47,31,298
129,2019,Morgan Tuck,CON,F,33,352,0,45,116,0.388,15,42,0.357,30,74,0.405,18,30,0.6,18,66,28,13,3,30,44,123
130,2019,Brianna Turner,PHO,F-C,29,462,12,49,91,0.538,0,0,,49,91,0.538,19,26,0.731,45,120,15,7,21,19,50,117
131,2019,Yvonne Turner,PHO,G,29,595,14,59,172,0.343,26,79,0.329,33,93,0.355,43,49,0.878,8,80,67,18,2,59,37,187
132,2019,Maria Kliundikova,LAS,F,15,180,1,51,104,0.49,5,16,0.313,46,88,0.523,10,13,0.769,18,58,10,15,3,18,23,117
133,2019,Courtney Vandersloot,CHI,G,33,991,33,135,299,0.452,31,107,0.29,104,192,0.542,68,80,0.85,20,143,300,45,15,96,50,369
134,2019,Ashley Walker,LAS,F-C,3,22,0,1,11,0.091,0,5,0.0,1,6,0.167,0,0,,2,3,3,1,0,0,4,2
135,2019,Shatori Walker-Kimbrough,WAS,G,34,580,1,76,176,0.432,22,71,0.31,54,105,0.514,53,57,0.93,17,53,42,28,8,34,41,227
136,2019,Avery Warley-Talbert,NYL,C,3,35,0,1,5,0.2,0,0,,1,5,0.2,1,2,0.5,3,7,0,0,2,4,7,3
137,2019,Erica Wheeler,IND,G,34,850,34,127,298,0.426,48,125,0.384,79,173,0.457,41,47,0.872,5,102,171,40,5,97,74,343
138,2019,Sami Whitcomb,SEA,G,33,674,13,82,224,0.366,63,184,0.342,19,40,0.475,11,11,1.0,17,57,78,36,4,52,49,238
139,2019,Sydney Wiese,LAS,G,32,659,16,55,143,0.385,34,93,0.366,21,50,0.42,9,9,1.0,5,42,57,15,8,32,27,153
140,2019,Courtney Williams,CON,G,34,988,34,187,430,0.435,16,35,0.457,171,395,0.433,60,75,0.8,48,189,129,46,13,56,47,450
141,2019,Elizabeth Williams,ATL,C-F,32,909,32,107,235,0.455,0,0,,107,235,0.455,82,112,0.732,99,208,37,24,53,41,71,296
142,2019,Gabby Williams,CHI,F,33,527,2,75,181,0.414,7,41,0.171,68,140,0.486,29,40,0.725,14,72,68,23,7,55,41,186
143,2019,Riquna Williams,LAS,G,23,593,14,93,242,0.384,54,138,0.391,39,104,0.375,44,50,0.88,13,60,37,26,4,28,58,284
144,2019,A'ja Wilson,LVA,C,26,740,25,158,330,0.479,0,1,0.0,158,329,0.48,114,144,0.792,42,167,47,13,45,56,52,430
145,2019,Tanisha Wright,NYL,G,31,613,17,54,130,0.415,14,38,0.368,40,92,0.435,25,31,0.806,21,86,126,32,9,57,67,147
146,2019,Han Xu,NYL,C,18,143,0,24,58,0.414,5,10,0.5,19,48,0.396,1,2,0.5,2,15,2,3,4,2,6,54
147,2019,Jackie Young,LVA,G,34,767,34,76,236,0.322,14,44,0.318,62,192,0.323,59,73,0.808,23,111,153,26,12,53,47,225
148,2019,Tamera Young,LVA,F,34,628,4,68,179,0.38,5,16,0.313,63,163,0.387,39,61,0.639,35,124,67,23,4,48,61,180
149,2019,Amanda Zahui B.,NYL,C,24,558,23,81,173,0.468,22,69,0.319,59,104,0.567,23,27,0.852,26,152,21,26,33,32,79,207
150,2019,Shavonte Zellous,SEA,G,31,432,4,44,116,0.379,6,32,0.188,38,84,0.452,30,40,0.75,6,48,45,10,6,35,44,124
151,2019,Kristine Anigwe,TOT,F-C,27,250,0,22,68,0.324,0,0,,22,68,0.324,22,32,0.688,28,66,6,9,8,17,39,66
152,2019,Bridget Carleton,TOT,F,8,40,0,1,8,0.125,1,4,0.25,0,4,0.0,0,0,,1,4,1,0,0,1,2,3
153,2019,Alaina Coates,TOT,C,23,167,0,24,45,0.533,0,0,,24,45,0.533,12,21,0.571,21,60,2,5,11,9,37,60
154,2019,Theresa Plaisance,TOT,F,31,442,12,54,146,0.37,25,73,0.342,29,73,0.397,21,26,0.808,24,113,34,9,19,31,65,154
155,2019,Karlie Samuelson,TOT,G,7,84,0,3,14,0.214,3,12,0.25,0,2,0.0,0,0,,1,4,5,3,1,0,8,9
156,2019,Asia Taylor,TOT,F,12,96,0,10,28,0.357,0,2,0.0,10,26,0.385,6,8,0.75,8,21,8,2,1,7,10,26
0,2020,Natalie Achonwa,IND,F,18,364,11,57,115,0.496,0,10,0.0,57,105,0.543,26,32,0.813,26,99,31,9,11,33,46,140
1,2020,Jaylyn Agnew,ATL,F,12,71,0,4,15,0.267,3,13,0.231,1,2,0.5,4,5,0.8,0,5,3,0,0,5,7,15
2,2020,Bella Alarie,DAL,C-F,22,309,3,24,66,0.364,1,13,0.077,23,53,0.434,10,12,0.833,23,63,11,14,18,11,35,59
3,2020,Kayla Alexander,MIN,C,16,89,0,16,30,0.533,0,0,,16,30,0.533,5,8,0.625,9,15,3,2,3,6,14,37
4,2020,Julie Allemand,IND,G,22,716,22,61,134,0.455,44,92,0.478,17,42,0.405,22,30,0.733,8,100,128,25,9,57,57,188
5,2020,Lindsay Allen,LVA,G,21,284,21,28,66,0.424,6,17,0.353,22,49,0.449,8,10,0.8,6,23,51,7,1,16,20,70
6,2020,Kristine Anigwe,LAS,F-C,17,197,1,32,53,0.604,0,0,,32,53,0.604,14,26,0.538,18,45,4,11,7,16,33,78
7,2020,Ariel Atkins,WAS,G,22,682,22,110,251,0.438,44,107,0.411,66,144,0.458,62,70,0.886,18,64,53,40,4,42,58,326
8,2020,Seimone Augustus,LAS,G-F,21,332,0,54,110,0.491,12,22,0.545,42,88,0.477,4,6,0.667,3,37,25,12,2,8,20,124
9,2020,Rachel Banham,MIN,G,20,339,1,48,104,0.462,25,53,0.472,23,51,0.451,16,20,0.8,2,25,47,9,2,20,40,137
10,2020,Monique Billings,ATL,F,22,596,16,68,170,0.4,0,0,,68,170,0.4,51,67,0.761,58,187,27,24,18,42,62,187
11,2020,Sue Bird,SEA,G,11,257,11,41,83,0.494,23,49,0.469,18,34,0.529,3,4,0.75,1,19,57,7,2,18,9,108
12,2020,DeWanna Bonner,CON,F-G,22,732,22,148,351,0.422,27,107,0.252,121,244,0.496,111,124,0.895,34,172,65,37,12,52,47,434
13,2020,Brittany Brewer,ATL,F,5,33,0,2,3,0.667,0,0,,2,3,0.667,0,0,,1,5,0,3,4,2,4,4
14,2020,Kalani Brown,ATL,C,10,61,0,12,23,0.522,0,0,,12,23,0.522,6,10,0.6,3,12,0,1,1,5,10,30
15,2020,Lexie Brown,MIN,G,17,374,13,38,111,0.342,14,52,0.269,24,59,0.407,19,24,0.792,3,33,41,31,0,24,26,109
16,2020,Cierra Burdick,LVA,F,13,28,0,2,7,0.286,0,0,,2,7,0.286,0,0,,1,5,2,0,0,1,2,4
17,2020,Kennedy Burke,IND,G-F,22,403,11,57,127,0.449,15,48,0.313,42,79,0.532,30,42,0.714,19,39,25,14,8,27,24,159
18,2020,Jordin Canada,SEA,G,20,483,11,56,132,0.424,1,11,0.091,55,121,0.455,44,57,0.772,10,46,109,30,0,40,35,157
19,2020,Emma Cannon,LVA,F,1,0,0,0,0,,0,0,,0,0,,0,0,,0,0,0,0,0,0,0,0
20,2020,Bridget Carleton,MIN,F,22,568,15,53,102,0.52,21,46,0.457,32,56,0.571,18,28,0.643,22,79,54,15,0,27,40,145
21,2020,Chennedy Carter,ATL,G,16,406,16,106,224,0.473,12,32,0.375,94,192,0.49,55,67,0.821,8,36,55,14,5,43,57,279
22,2020,Kaila Charles,CON,G-F,21,376,7,40,97,0.412,11,30,0.367,29,67,0.433,22,31,0.71,23,54,19,16,7,19,45,113
23,2020,Karima Christmas-Kelly,MIN,F-G,2,25,0,1,7,0.143,0,3,0.0,1,4,0.25,7,8,0.875,1,6,1,3,1,4,2,9
24,2020,Layshia Clarendon,NYL,G,19,496,19,74,159,0.465,15,44,0.341,59,115,0.513,55,63,0.873,6,48,74,18,0,64,55,218
25,2020,Alysha Clark,SEA,F,22,633,22,82,147,0.558,35,67,0.522,47,80,0.588,20,25,0.8,19,93,59,33,11,19,38,219
26,2020,Alaina Coates,WAS,C,20,197,0,18,34,0.529,0,0,,18,34,0.529,14,26,0.538,20,55,9,7,4,12,33,50
27,2020,Nia Coffey,PHO,F,15,230,1,16,38,0.421,7,21,0.333,9,17,0.529,1,6,0.167,5,37,12,5,5,7,30,40
28,2020,Napheesa Collier,MIN,F,22,752,22,136,260,0.523,20,49,0.408,116,211,0.55,63,76,0.829,61,199,73,40,28,60,60,355
29,2020,Sydney Colson,CHI,G,17,110,0,10,22,0.455,3,9,0.333,7,13,0.538,7,8,0.875,1,7,14,6,0,14,13,30
30,2020,Te'a Cooper,LAS,G,20,345,3,51,113,0.451,11,32,0.344,40,81,0.494,26,34,0.765,2,20,40,13,0,29,39,139
31,2020,Kahleah Copper,CHI,G-F,22,688,22,132,266,0.496,21,61,0.344,111,205,0.541,42,57,0.737,21,120,47,21,5,54,52,327
32,2020,Lauren Cox,IND,F,14,183,1,18,43,0.419,3,6,0.5,15,37,0.405,11,15,0.733,10,46,19,6,4,11,20,50
33,2020,Sophie Cunningham,PHO,G,21,396,11,35,91,0.385,12,51,0.235,23,40,0.575,22,25,0.88,9,22,16,11,3,15,46,104
34,2020,Crystal Dangerfield,MIN,G,21,629,19,124,263,0.471,34,102,0.333,90,161,0.559,59,64,0.922,5,41,75,18,1,54,31,341
35,2020,Damiris Dantas,MIN,C-F,22,586,22,102,220,0.464,39,90,0.433,63,130,0.485,40,55,0.727,37,134,58,25,5,40,56,283
36,2020,Kaela Davis,ATL,F,2,2,0,0,0,,0,0,,0,0,,0,0,,0,0,0,0,0,0,0,0
37,2020,Diamond DeShields,CHI,G,13,224,0,36,83,0.434,3,18,0.167,33,65,0.508,14,18,0.778,3,23,20,12,1,30,27,89
38,2020,Blake Dietrick,ATL,G,22,463,4,49,104,0.471,26,58,0.448,23,46,0.5,5,8,0.625,8,36,75,18,3,40,42,129
39,2020,Skylar Diggins,PHO,G,22,675,22,127,268,0.474,46,116,0.397,81,152,0.533,90,100,0.9,11,73,93,20,11,70,50,390
40,2020,Stefanie Dolson,CHI,C,15,273,8,34,70,0.486,12,32,0.375,22,38,0.579,14,19,0.737,11,52,25,6,13,15,48,94
41,2020,Kathleen Doyle,IND,G,18,155,0,10,41,0.244,5,21,0.238,5,20,0.25,2,4,0.5,3,15,19,7,0,18,26,27
42,2020,Candice Dupree,IND,F,22,665,22,116,251,0.462,3,18,0.167,113,233,0.485,41,48,0.854,27,125,55,16,9,28,27,276
43,2020,Sylvia Fowles,MIN,C,7,168,7,39,64,0.609,0,0,,39,64,0.609,24,29,0.828,21,68,6,6,8,8,18,102
44,2020,Allisha Gray,DAL,G,20,524,14,91,196,0.464,25,71,0.352,66,125,0.528,54,65,0.831,27,84,26,22,6,22,38,261
45,2020,Chelsea Gray,LAS,G,22,679,22,122,276,0.442,18,59,0.305,104,217,0.479,46,49,0.939,15,81,116,34,2,60,38,308
46,2020,Reshanda Gray,LAS,F,10,62,0,4,11,0.364,0,0,,4,11,0.364,6,7,0.857,6,28,3,1,4,10,10,14
47,2020,Brittney Griner,PHO,C,12,382,12,87,175,0.497,0,1,0.0,87,174,0.5,38,47,0.809,18,90,36,4,22,30,30,212
48,2020,Marie Gulich,LAS,C,12,119,1,13,26,0.5,0,3,0.0,13,23,0.565,3,3,1.0,5,18,7,4,3,5,23,29
49,2020,Megan Gustafson,DAL,C,10,48,0,4,14,0.286,0,1,0.0,4,13,0.308,6,9,0.667,6,11,1,0,1,2,9,14
50,2020,Dearica Hamby,LVA,F,22,622,0,110,204,0.539,18,38,0.474,92,166,0.554,48,67,0.716,28,157,60,37,4,45,50,286
51,2020,Isabelle Harrison,DAL,F,13,258,11,34,76,0.447,0,3,0.0,34,73,0.466,15,19,0.789,19,60,19,9,5,18,32,83
52,2020,Mikiah Herbert Harrigan,MIN,F,21,234,0,30,82,0.366,14,33,0.424,16,49,0.327,5,7,0.714,14,48,7,8,9,15,21,79
53,2020,Tyasha Harris,DAL,G,21,412,3,55,127,0.433,19,56,0.339,36,71,0.507,14,22,0.636,0,26,56,18,3,18,36,143
54,2020,Bria Hartley,PHO,G,13,322,3,66,157,0.42,25,65,0.385,41,92,0.446,33,41,0.805,5,38,58,15,0,27,33,190
55,2020,Tianna Hawkins,WAS,F,17,329,5,53,130,0.408,17,57,0.298,36,73,0.493,22,26,0.846,12,60,17,14,6,20,44,145
56,2020,Ruthy Hebard,CHI,F,22,320,6,58,85,0.682,0,0,,58,85,0.682,9,12,0.75,18,86,7,10,8,15,35,125
57,2020,Natisha Hiedeman,CON,G,22,408,4,45,127,0.354,23,64,0.359,22,63,0.349,21,30,0.7,8,42,41,8,0,24,43,134
58,2020,Myisha Hines-Allen,WAS,F,22,659,22,150,294,0.51,26,61,0.426,124,233,0.532,48,58,0.828,35,195,57,31,5,48,63,374
59,2020,Bria Holmes,CON,G,18,291,4,35,98,0.357,10,30,0.333,25,68,0.368,8,12,0.667,13,33,20,13,5,18,17,88
60,2020,Joyner Holmes,NYL,F,19,190,0,22,72,0.306,3,28,0.107,19,44,0.432,9,12,0.75,15,51,13,2,2,13,14,56
61,2020,Natasha Howard,SEA,F,22,463,22,87,164,0.53,7,20,0.35,80,144,0.556,28,36,0.778,52,156,22,38,14,46,67,209
62,2020,Sabrina Ionescu,NYL,G,3,80,3,19,42,0.452,7,20,0.35,12,22,0.545,10,10,1.0,2,14,12,2,0,13,4,55
63,2020,Briann January,CON,G,13,303,10,22,75,0.293,11,31,0.355,11,44,0.25,10,12,0.833,4,16,44,8,2,15,25,65
64,2020,Moriah Jefferson,DAL,G,9,148,6,18,43,0.419,2,6,0.333,16,37,0.432,7,12,0.583,8,28,18,7,2,15,17,45
65,2020,Glory Johnson,ATL,F,18,277,1,31,83,0.373,11,42,0.262,20,41,0.488,12,24,0.5,7,67,11,15,7,13,27,85
66,2020,Shenise Johnson,MIN,G,17,212,4,28,82,0.341,6,17,0.353,22,65,0.338,25,28,0.893,10,33,21,16,1,20,18,87
67,2020,Alexis Jones,ATL,G,6,53,0,8,21,0.381,7,19,0.368,1,2,0.5,1,2,0.5,0,0,5,3,0,6,3,24
68,2020,Brionna Jones,CON,F,21,549,21,98,162,0.605,1,1,1.0,97,161,0.602,38,55,0.691,59,118,21,35,14,34,65,235
69,2020,Jazmine Jones,NYL,G,20,428,2,69,171,0.404,15,45,0.333,54,126,0.429,63,80,0.788,18,81,45,28,9,57,59,216
70,2020,Paris Kea,NYL,G,11,165,5,28,73,0.384,13,33,0.394,15,40,0.375,7,8,0.875,5,22,16,7,3,19,12,76
71,2020,Betnijah Laney-Hamilton,ATL,G-F,22,738,22,143,297,0.481,30,74,0.405,113,223,0.507,62,75,0.827,24,107,87,35,2,66,56,378
72,2020,Crystal Langhorne,SEA,F-C,13,107,0,7,17,0.412,1,5,0.2,6,12,0.5,3,6,0.5,3,28,6,1,1,11,7,18
73,2020,Kiara Leslie,WAS,G,19,414,10,38,108,0.352,17,47,0.362,21,61,0.344,12,13,0.923,15,57,20,9,7,18,27,105
74,2020,Jewell Loyd,SEA,G,22,613,22,112,253,0.443,39,100,0.39,73,153,0.477,77,88,0.875,14,52,70,32,6,41,34,340
75,2020,Marina Mabrey,DAL,G,19,405,12,68,158,0.43,38,91,0.418,30,67,0.448,16,24,0.667,11,59,43,25,2,30,36,190
76,2020,Ezi Magbegor,SEA,F-C,22,292,0,62,109,0.569,1,3,0.333,61,106,0.575,19,27,0.704,25,54,7,12,16,9,43,144
77,2020,Kayla McBride,LVA,G,22,587,22,90,212,0.425,25,73,0.342,65,139,0.468,70,78,0.897,9,51,52,26,2,31,30,275
78,2020,Angel McCoughtry,LVA,F-G,22,440,22,117,226,0.518,16,34,0.471,101,192,0.526,67,76,0.882,37,112,54,29,6,38,49,317
79,2020,Teaira McCowan,IND,C,22,461,10,90,168,0.536,0,3,0.0,90,165,0.545,60,80,0.75,69,161,14,7,22,44,58,240
80,2020,Emma Meesseman,WAS,F,20,634,20,109,240,0.454,13,45,0.289,96,195,0.492,29,35,0.829,33,106,90,24,16,40,35,260
81,2020,Kelsey Mitchell,IND,G,22,706,22,138,308,0.448,56,144,0.389,82,164,0.5,62,73,0.849,6,48,62,14,2,54,62,394
82,2020,Leilani Mitchell,WAS,G,22,673,22,73,179,0.408,29,95,0.305,44,84,0.524,34,39,0.872,11,62,119,18,1,38,46,209
83,2020,Tiffany Mitchell,IND,G,19,502,11,74,214,0.346,17,73,0.233,57,141,0.404,77,81,0.951,15,65,49,12,2,45,49,242
84,2020,Beatrice Mompremier,CON,F,21,187,0,20,47,0.426,0,0,,20,47,0.426,8,18,0.444,32,70,3,5,13,14,28,48
85,2020,Kaleena Mosqueda-Lewis,CON,F,16,164,0,19,64,0.297,12,47,0.255,7,17,0.412,4,7,0.571,1,21,4,3,1,7,17,54
86,2020,Astou Ndour-Fall,DAL,C-F,13,151,7,20,57,0.351,6,25,0.24,14,32,0.438,0,0,,13,38,6,3,6,6,29,46
87,2020,Kia Nurse,NYL,G,21,578,18,68,249,0.273,31,130,0.238,37,119,0.311,89,103,0.864,11,60,48,11,4,46,38,256
88,2020,Leaonna Odom,NYL,F,22,453,16,48,98,0.49,5,20,0.25,43,78,0.551,20,23,0.87,34,50,16,15,8,15,37,121
89,2020,Arike Ogunbowale,DAL,G,22,748,22,173,419,0.413,48,143,0.336,125,276,0.453,107,125,0.856,10,61,76,35,0,47,54,501
90,2020,Nneka Ogwumike,LAS,F,18,476,18,95,167,0.569,9,18,0.5,86,149,0.577,41,49,0.837,21,87,31,19,3,28,41,240
91,2020,Candace Parker,LAS,F-C,22,665,22,124,243,0.51,19,48,0.396,105,195,0.538,57,78,0.731,37,214,101,26,27,64,51,324
92,2020,Cheyenne Parker-Tyus,CHI,F,20,497,13,97,175,0.554,15,32,0.469,82,143,0.573,58,68,0.853,47,128,30,26,18,55,63,267
93,2020,Theresa Plaisance,CON,F,13,90,0,11,29,0.379,5,17,0.294,6,12,0.5,5,6,0.833,2,13,1,5,3,2,20,32
94,2020,Aerial Powers,WAS,G,6,179,6,32,69,0.464,9,26,0.346,23,43,0.535,25,30,0.833,2,29,15,9,0,11,16,98
95,2020,Alexis Prince,CHI,F,2,16,0,3,5,0.6,2,3,0.667,1,2,0.5,0,0,,2,3,0,0,1,0,1,8
96,2020,Epiphanny Prince,SEA,G,15,190,0,22,57,0.386,9,27,0.333,13,30,0.433,11,13,0.846,1,18,21,6,2,12,22,64
97,2020,Allie Quigley,CHI,G,22,631,22,129,288,0.448,46,133,0.346,83,155,0.535,34,37,0.919,6,63,52,14,6,28,31,338
98,2020,Danielle Robinson,LVA,G,22,492,1,62,121,0.512,5,13,0.385,57,108,0.528,34,42,0.81,5,53,71,19,2,28,38,163
99,2020,Sugar Rodgers,LVA,G,22,263,1,26,81,0.321,20,64,0.313,6,17,0.353,3,4,0.75,3,28,31,7,3,16,25,75
100,2020,Tierra Ruffin-Pratt,LAS,G,17,251,10,12,45,0.267,6,13,0.462,6,32,0.188,19,26,0.731,9,36,15,11,3,9,28,49
101,2020,Mercedes Russell,SEA,C,22,304,2,32,78,0.41,0,0,,32,78,0.41,14,25,0.56,16,70,13,8,8,16,21,78
102,2020,Satou Sabally,DAL,F,16,450,14,67,182,0.368,13,66,0.197,54,116,0.466,75,86,0.872,41,124,40,14,14,35,50,222
103,2020,Katie Lou Samuelson,DAL,G,22,439,4,40,96,0.417,19,60,0.317,21,36,0.583,11,15,0.733,8,53,30,15,9,12,32,110
104,2020,Kylee Shook,NYL,C,20,290,0,32,79,0.405,3,17,0.176,29,62,0.468,14,17,0.824,15,56,11,7,10,20,26,81
105,2020,Odyssey Sims,MIN,G,13,240,7,42,104,0.404,8,24,0.333,34,80,0.425,30,33,0.909,8,26,45,7,1,25,22,122
106,2020,Kamiah Smalls,IND,G,7,100,0,9,20,0.45,7,12,0.583,2,8,0.25,2,2,1.0,5,8,14,1,1,2,3,27
107,2020,Alanna Smith,PHO,F,19,296,0,43,102,0.422,10,43,0.233,33,59,0.559,20,29,0.69,21,69,23,5,15,18,47,116
108,2020,Azura Stevens,CHI,F-C,13,355,13,59,118,0.5,15,39,0.385,44,79,0.557,17,20,0.85,18,77,20,12,24,20,39,150
109,2020,Breanna Stewart,SEA,F,20,607,20,133,295,0.451,35,95,0.368,98,200,0.49,93,104,0.894,20,165,72,33,26,51,45,394
110,2020,Kiah Stokes,NYL,C,22,601,22,51,137,0.372,20,85,0.235,31,52,0.596,4,7,0.571,28,147,26,11,26,29,45,126
111,2020,Shekinna Stricklen,ATL,F,22,482,15,47,138,0.341,33,99,0.333,14,39,0.359,8,8,1.0,4,42,14,7,1,15,43,135
112,2020,Sug Sutton,WAS,G,12,113,0,12,33,0.364,5,17,0.294,7,16,0.438,5,7,0.714,0,8,12,1,0,6,11,34
113,2020,Carolyn Swords,LVA,C,22,384,21,23,50,0.46,0,0,,23,50,0.46,17,22,0.773,33,102,20,5,1,18,21,63
114,2020,Brittney Sykes,LAS,G,21,517,14,73,150,0.487,16,49,0.327,57,101,0.564,50,62,0.806,16,54,45,31,6,36,62,212
115,2020,Diana Taurasi,PHO,G,19,533,19,96,235,0.409,61,167,0.365,35,68,0.515,103,113,0.912,2,79,86,19,8,44,52,356
116,2020,Alyssa Thomas,CON,F,21,689,21,122,244,0.5,0,1,0.0,122,243,0.502,81,118,0.686,39,190,101,42,6,52,59,325
117,2020,Jasmine Thomas,CON,G,19,485,19,76,188,0.404,21,63,0.333,55,125,0.44,21,23,0.913,4,33,76,24,5,46,30,194
118,2020,Kayla Thornton,DAL,F,22,557,14,54,126,0.429,25,72,0.347,29,54,0.537,28,32,0.875,32,113,17,19,4,25,65,161
119,2020,Morgan Tuck,SEA,F,10,88,0,5,16,0.313,2,9,0.222,3,7,0.429,5,8,0.625,2,6,2,5,0,6,12,17
120,2020,Brianna Turner,PHO,F-C,22,613,22,66,114,0.579,0,1,0.0,66,113,0.584,27,42,0.643,57,198,39,24,43,31,66,159
121,2020,Courtney Vandersloot,CHI,G,22,693,22,107,218,0.491,30,76,0.395,77,142,0.542,56,63,0.889,11,77,219,26,8,54,46,300
122,2020,Kia Vaughn,PHO,C,22,415,10,62,127,0.488,0,2,0.0,62,125,0.496,11,19,0.579,24,80,34,11,7,34,39,135
123,2020,Victoria Vivians,IND,G-F,6,85,0,10,29,0.345,2,11,0.182,8,18,0.444,7,8,0.875,2,14,3,1,0,6,15,29
124,2020,Megan Walker,NYL,F,18,205,0,25,78,0.321,6,43,0.14,19,35,0.543,3,5,0.6,11,27,6,4,0,7,15,59
125,2020,Shatori Walker-Kimbrough,PHO,G,21,400,10,54,126,0.429,22,51,0.431,32,75,0.427,23,25,0.92,6,34,32,23,8,21,24,153
126,2020,Avery Warley-Talbert,LVA,C,3,24,0,3,7,0.429,0,0,,3,7,0.429,2,3,0.667,5,8,3,0,0,2,6,8
127,2020,Sami Whitcomb,SEA,G,22,363,0,62,140,0.443,32,84,0.381,30,56,0.536,22,22,1.0,4,50,44,16,3,22,31,178
128,2020,Sydney Wiese,LAS,G,19,363,15,47,93,0.505,25,53,0.472,22,40,0.55,11,12,0.917,5,33,22,11,2,22,17,130
129,2020,Courtney Williams,ATL,G,20,615,14,134,307,0.436,8,34,0.235,126,273,0.462,16,23,0.696,37,143,63,13,2,54,39,292
130,2020,Elizabeth Williams,ATL,C-F,22,647,22,87,178,0.489,0,0,,87,178,0.489,49,66,0.742,49,125,31,17,30,25,57,223
131,2020,Gabby Williams,CHI,F,22,546,4,67,158,0.424,20,70,0.286,47,88,0.534,16,25,0.64,20,88,44,29,5,37,32,170
132,2020,Riquna Williams,LAS,G,21,444,4,81,186,0.435,43,102,0.422,38,84,0.452,16,18,0.889,3,38,31,24,7,19,41,221
133,2020,Jocelyn Willoughby,NYL,F-G,22,383,5,39,109,0.358,15,37,0.405,24,72,0.333,35,42,0.833,15,53,20,15,6,32,50,128
134,2020,A'ja Wilson,LVA,C,22,697,22,166,346,0.48,0,0,,166,346,0.48,118,151,0.781,34,188,45,27,44,35,49,450
135,2020,Jackie Young,LVA,G,22,568,0,93,189,0.492,3,13,0.231,90,176,0.511,52,61,0.852,18,95,67,15,2,35,39,241
136,2020,Amanda Zahui B.,NYL,C,21,531,20,65,184,0.353,34,100,0.34,31,84,0.369,25,36,0.694,15,178,40,19,26,54,65,189
137,2020,Essence Carson,TOT,G,21,291,2,30,99,0.303,12,44,0.273,18,55,0.327,6,10,0.6,7,35,12,9,2,16,21,78
138,2020,Jacki Gemelos,TOT,G,18,222,1,19,56,0.339,9,35,0.257,10,21,0.476,2,4,0.5,3,19,15,6,1,12,18,49
139,2020,Megan Huff,TOT,F,7,16,0,0,3,0.0,0,1,0.0,0,2,0.0,0,0,,2,4,1,0,0,3,3,0
140,2020,Alisia Jenkins,TOT,F,5,28,0,2,8,0.25,0,3,0.0,2,5,0.4,4,6,0.667,0,4,0,0,0,3,3,8
141,2020,Stella Johnson,TOT,G,9,100,2,16,34,0.471,9,14,0.643,7,20,0.35,5,5,1.0,4,12,12,6,2,4,11,46
142,2020,Stephanie Mavunga,TOT,F,10,95,0,13,29,0.448,0,5,0.0,13,24,0.542,9,11,0.818,10,33,5,1,2,11,11,35
143,2020,Erica McCall,TOT,F,20,183,0,16,45,0.356,1,4,0.25,15,41,0.366,18,22,0.818,23,49,3,7,7,9,24,51
144,2020,Shey Peddy,TOT,G,17,257,0,19,63,0.302,4,34,0.118,15,29,0.517,22,22,1.0,9,35,30,19,1,15,22,64
0,2021,Natalie Achonwa,MIN,F,21,253,1,26,61,0.426,0,1,0.0,26,60,0.433,25,28,0.893,12,45,25,12,5,13,33,77
1,2021,Bella Alarie,DAL,C-F,31,407,11,32,64,0.5,0,2,0.0,32,62,0.516,17,20,0.85,42,102,16,18,20,18,42,81
2,2021,Lindsay Allen,IND,G,32,571,8,65,152,0.428,14,47,0.298,51,105,0.486,30,37,0.811,9,48,96,17,3,31,34,174
3,2021,Rebecca Allen,NYL,F-G,25,615,13,74,216,0.343,48,126,0.381,26,90,0.289,33,37,0.892,19,92,28,40,31,21,54,229
4,2021,Jillian Alleyne,WAS,C-F,2,8,0,0,2,0.0,0,0,,0,2,0.0,0,0,,1,4,0,1,0,0,0,0
5,2021,Ariel Atkins,WAS,G,30,918,30,161,396,0.407,66,184,0.359,95,212,0.448,98,118,0.831,34,83,79,48,16,61,96,486
6,2021,Rachel Banham,MIN,G,27,341,0,51,129,0.395,28,75,0.373,23,54,0.426,5,8,0.625,3,33,44,8,4,25,47,135
7,2021,Monique Billings,ATL,F,31,740,9,100,202,0.495,0,2,0.0,100,200,0.5,52,77,0.675,88,200,32,37,32,43,79,252
8,2021,Sue Bird,SEA,G,30,832,30,106,246,0.431,67,160,0.419,39,86,0.453,20,24,0.833,8,77,160,28,3,47,31,299
9,2021,DeWanna Bonner,CON,F-G,32,1022,32,159,403,0.395,44,139,0.317,115,264,0.436,124,139,0.892,21,205,111,40,23,69,52,486
10,2021,Brittany Boyd,CHI,G,2,22,0,1,4,0.25,1,2,0.5,0,2,0.0,1,2,0.5,0,2,4,2,0,4,2,4
11,2021,Crystal Bradford,ATL,F,24,440,9,82,191,0.429,29,81,0.358,53,110,0.482,18,39,0.462,31,91,36,28,9,23,56,211
12,2021,Jessica Breland,IND,F,26,544,18,67,180,0.372,5,16,0.313,62,164,0.378,13,19,0.684,37,163,53,16,39,48,51,152
13,2021,Kalani Brown,ATL,C,1,5,0,1,3,0.333,0,0,,1,3,0.333,0,0,,0,1,0,0,0,0,0,2
14,2021,Lexie Brown,CHI,G,17,162,0,10,38,0.263,8,33,0.242,2,5,0.4,0,0,,0,12,19,7,0,8,11,28
15,2021,Kennedy Burke,SEA,G-F,23,176,0,25,56,0.446,6,18,0.333,19,38,0.5,10,16,0.625,7,19,7,6,3,11,13,66
16,2021,Liz Cambage,LVA,C,25,595,24,140,258,0.543,5,14,0.357,135,244,0.553,71,100,0.71,39,206,33,22,41,44,74,356
17,2021,Jordin Canada,SEA,G,29,542,3,56,144,0.389,3,14,0.214,53,130,0.408,53,63,0.841,16,66,88,21,4,31,29,168
18,2021,Bridget Carleton,MIN,F,32,618,10,55,137,0.401,27,74,0.365,28,63,0.444,16,20,0.8,23,74,47,25,6,27,47,153
19,2021,DiJonai Carrington,CON,G-F,24,220,1,27,82,0.329,3,21,0.143,24,61,0.393,11,15,0.733,15,47,12,13,3,22,37,68
20,2021,Chennedy Carter,ATL,G,11,280,11,60,132,0.455,1,9,0.111,59,123,0.48,35,40,0.875,5,14,36,8,4,23,33,156
21,2021,Kaila Charles,CON,G-F,30,488,4,49,133,0.368,10,33,0.303,39,100,0.39,21,24,0.875,33,84,33,14,11,26,59,129
22,2021,Tina Charles,WAS,C,27,900,27,238,530,0.449,50,137,0.365,188,393,0.478,105,128,0.82,73,258,57,25,23,59,63,631
23,2021,Natasha Cloud,WAS,G,27,852,27,81,208,0.389,26,95,0.274,55,113,0.487,46,55,0.836,11,98,174,37,4,59,62,234
24,2021,Nia Coffey,LAS,F,32,805,17,93,221,0.421,50,120,0.417,43,101,0.426,28,36,0.778,18,122,28,26,38,45,85,264
25,2021,Charli Collier,DAL,C,28,345,18,40,86,0.465,0,0,,40,86,0.465,16,23,0.696,31,102,6,4,5,13,51,96
26,2021,Napheesa Collier,MIN,F,29,1003,29,175,397,0.441,21,83,0.253,154,314,0.49,98,114,0.86,50,192,92,38,37,68,82,469
27,2021,Te'a Cooper,LAS,G,31,682,13,97,256,0.379,24,74,0.324,73,182,0.401,63,84,0.75,4,54,44,28,6,57,69,281
28,2021,Kahleah Copper,CHI,G-F,32,986,32,173,377,0.459,26,85,0.306,147,292,0.503,90,110,0.818,37,133,56,27,8,60,96,462
29,2021,Sophie Cunningham,PHO,G,30,524,4,59,135,0.437,32,78,0.41,27,57,0.474,19,27,0.704,9,60,32,14,7,16,56,169
30,2021,Crystal Dangerfield,MIN,G,31,623,10,87,224,0.388,28,78,0.359,59,146,0.404,36,42,0.857,8,61,88,21,2,43,58,238
31,2021,Damiris Dantas,MIN,C-F,24,572,20,66,175,0.377,34,102,0.333,32,73,0.438,18,24,0.75,15,97,55,10,7,44,48,184
32,2021,Elena Delle Donne,WAS,F-G,3,52,3,13,27,0.481,3,5,0.6,10,22,0.455,12,12,1.0,3,13,2,0,1,2,2,41
33,2021,Diamond DeShields,CHI,G,32,860,22,123,313,0.393,24,80,0.3,99,233,0.425,91,111,0.82,13,112,75,38,12,60,101,361
34,2021,Blake Dietrick,ATL,G,9,141,0,8,27,0.296,5,16,0.313,3,11,0.273,0,0,,3,14,11,5,1,5,20,21
35,2021,Skylar Diggins,PHO,G,32,1040,32,177,393,0.45,50,135,0.37,127,258,0.492,162,198,0.818,17,101,168,34,25,82,71,566
36,2021,Stefanie Dolson,CHI,C,24,480,15,71,146,0.486,19,47,0.404,52,99,0.525,18,19,0.947,16,84,30,6,19,30,64,179
37,2021,Chelsea Dungee,DAL,G,14,64,0,3,17,0.176,2,10,0.2,1,7,0.143,0,0,,1,3,1,0,1,2,7,8
38,2021,Sylvia Fowles,MIN,C,31,934,31,208,325,0.64,0,0,,208,325,0.64,80,106,0.755,65,312,44,56,56,72,79,496
39,2021,Kysre Gondrezick,IND,G,19,173,0,13,46,0.283,8,28,0.286,5,18,0.278,2,4,0.5,3,19,18,7,0,17,14,36
40,2021,Aleah Goodman,CON,G,1,3,0,0,0,,0,0,,0,0,,0,0,,0,0,1,0,0,0,1,0
41,2021,Haley Gorecki,PHO,G,3,6,0,0,1,0.0,0,1,0.0,0,0,,0,0,,0,2,0,0,0,1,0,0
42,2021,Allisha Gray,DAL,G,25,694,16,106,242,0.438,30,82,0.366,76,160,0.475,56,65,0.862,33,130,42,25,21,34,53,298
43,2021,Chelsea Gray,LVA,G,32,926,32,148,326,0.454,27,71,0.38,121,255,0.475,32,36,0.889,15,92,189,37,9,88,43,355
44,2021,Reshanda Gray,NYL,F,15,210,0,34,64,0.531,2,9,0.222,32,55,0.582,18,26,0.692,13,53,5,4,4,21,47,88
45,2021,Brittney Griner,PHO,C,30,983,30,248,431,0.575,4,9,0.444,244,422,0.578,115,136,0.846,71,284,80,12,58,66,72,615
46,2021,Arella Guirantes,LAS,G,25,291,2,26,95,0.274,6,27,0.222,20,68,0.294,21,26,0.808,6,33,15,8,4,12,26,79
47,2021,Megan Gustafson,WAS,C,11,109,1,19,32,0.594,0,2,0.0,19,30,0.633,6,9,0.667,11,40,0,2,1,9,10,44
48,2021,Dearica Hamby,LVA,F,29,710,0,127,233,0.545,9,36,0.25,118,197,0.599,74,113,0.655,33,193,49,31,4,43,57,337
49,2021,Linnae Harper,MIN,G,1,5,0,0,0,,0,0,,0,0,,0,0,,0,1,0,0,0,0,2,0
50,2021,Isabelle Harrison,DAL,F,28,665,5,129,240,0.538,0,1,0.0,129,239,0.54,47,60,0.783,44,165,31,31,19,42,69,305
51,2021,Mikiah Herbert Harrigan,SEA,F,1,1,0,0,0,,0,0,,0,0,,0,0,,0,0,0,0,0,0,0,0
52,2021,Tyasha Harris,DAL,G,32,522,3,48,143,0.336,20,59,0.339,28,84,0.333,25,30,0.833,9,51,85,13,10,32,40,141
53,2021,Bria Hartley,PHO,G,6,51,0,9,16,0.563,4,7,0.571,5,9,0.556,0,0,,2,4,5,1,0,5,1,22
54,2021,Bernadett Hatar,IND,C,7,106,2,14,29,0.483,0,0,,14,29,0.483,6,7,0.857,7,18,2,3,3,11,18,34
55,2021,Tianna Hawkins,ATL,F,28,433,8,50,126,0.397,16,66,0.242,34,60,0.567,21,23,0.913,14,87,17,11,14,32,62,137
56,2021,Tiffany Hayes,ATL,G,21,595,19,105,240,0.438,34,84,0.405,71,156,0.455,64,75,0.853,14,67,63,33,4,31,65,308
57,2021,Shyla Heal,CHI,G,4,31,0,1,8,0.125,0,3,0.0,1,5,0.2,6,6,1.0,1,3,3,0,0,10,6,8
58,2021,Ruthy Hebard,CHI,F,30,505,6,73,138,0.529,0,2,0.0,73,136,0.537,27,34,0.794,42,132,23,20,20,18,59,173
59,2021,Natisha Hiedeman,CON,G,32,644,5,78,195,0.4,51,128,0.398,27,67,0.403,35,50,0.7,7,60,60,27,6,30,61,242
60,2021,Myisha Hines-Allen,WAS,F,18,462,17,89,215,0.414,13,41,0.317,76,174,0.437,41,56,0.732,32,126,45,24,11,32,45,232
61,2021,Natasha Howard,NYL,F,13,357,13,87,176,0.494,12,36,0.333,75,140,0.536,24,31,0.774,28,94,22,17,7,49,38,210
62,2021,Sabrina Ionescu,NYL,G,30,899,26,113,298,0.379,54,166,0.325,59,132,0.447,72,79,0.911,21,170,183,18,16,96,54,352
63,2021,Briann January,CON,G,29,877,29,71,167,0.425,27,71,0.38,44,96,0.458,33,38,0.868,9,42,89,25,4,52,58,202
64,2021,Moriah Jefferson,DAL,G,29,500,28,66,147,0.449,23,50,0.46,43,97,0.443,3,5,0.6,12,58,72,24,5,40,40,158
65,2021,Stella Johnson,WAS,G,6,31,0,3,8,0.375,2,5,0.4,1,3,0.333,4,4,1.0,3,3,2,0,1,5,7,12
66,2021,Brionna Jones,CON,F,32,980,32,194,340,0.571,0,3,0.0,194,337,0.576,82,103,0.796,101,233,56,44,17,70,97,470
67,2021,Jazmine Jones,NYL,G,27,448,0,53,149,0.356,18,47,0.383,35,102,0.343,35,46,0.761,12,66,31,14,10,43,64,159
68,2021,Jonquel Jones,CON,C,27,856,27,192,373,0.515,42,116,0.362,150,257,0.584,97,121,0.802,67,303,75,34,34,78,84,523
69,2021,Stephanie Jones,CON,F,18,99,0,12,29,0.414,0,2,0.0,12,27,0.444,1,2,0.5,11,21,3,2,1,3,9,25
70,2021,Awak Kuier,DAL,F,16,142,0,12,39,0.308,3,18,0.167,9,21,0.429,11,14,0.786,9,39,9,5,12,16,10,38
71,2021,Betnijah Laney-Hamilton,NYL,G-F,32,1069,32,203,450,0.451,34,109,0.312,169,341,0.496,96,122,0.787,27,132,167,21,3,119,70,536
72,2021,Jantel Lavender,IND,F,27,539,14,76,188,0.404,4,20,0.2,72,168,0.429,18,20,0.9,46,105,41,0,4,37,48,174
73,2021,Kiara Leslie,WAS,G,9,86,0,8,24,0.333,2,7,0.286,6,17,0.353,7,8,0.875,2,20,2,4,0,4,11,25
74,2021,Jewell Loyd,SEA,G,31,962,31,193,459,0.42,65,173,0.376,128,286,0.448,104,117,0.889,24,125,117,46,6,71,64,555
75,2021,Marina Mabrey,DAL,G,32,773,8,158,390,0.405,63,184,0.342,95,206,0.461,45,51,0.882,23,124,93,32,10,68,79,424
76,2021,Ezi Magbegor,SEA,F-C,30,456,3,81,160,0.506,5,9,0.556,76,151,0.503,33,39,0.846,46,116,24,18,28,26,65,200
77,2021,Kayla McBride,MIN,G,32,1010,32,143,330,0.433,61,161,0.379,82,169,0.485,91,100,0.91,8,115,72,26,5,34,57,438
78,2021,Erica McCall,WAS,F,23,356,6,37,74,0.5,0,1,0.0,37,73,0.507,20,32,0.625,33,99,13,7,9,20,46,94
79,2021,Angel McCoughtry,LVA,F-G,1,0,0,0,1,0.0,0,0,,0,1,0.0,0,0,,0,0,0,0,0,0,0,0
80,2021,Teaira McCowan,IND,C,32,848,23,138,257,0.537,0,0,,138,257,0.537,85,132,0.644,109,308,34,18,51,53,107,361
81,2021,Aari McDonald,ATL,G,30,493,4,56,174,0.322,32,104,0.308,24,70,0.343,45,51,0.882,9,49,59,25,5,35,53,189
82,2021,Kelsey Mitchell,IND,G,32,1059,32,212,492,0.431,70,209,0.335,142,283,0.502,75,85,0.882,21,84,80,34,7,65,74,569
83,2021,Leilani Mitchell,WAS,G,31,725,12,64,178,0.36,50,140,0.357,14,38,0.368,19,23,0.826,11,61,77,15,2,35,46,197
84,2021,Tiffany Mitchell,IND,G,28,765,25,107,254,0.421,12,47,0.255,95,207,0.459,110,125,0.88,25,80,56,17,1,54,53,336
85,2021,Beatrice Mompremier,CON,F,32,275,0,26,53,0.491,0,0,,26,53,0.491,5,12,0.417,28,77,7,12,8,18,44,57
86,2021,Astou Ndour-Fall,CHI,C-F,20,342,8,46,116,0.397,8,34,0.235,38,82,0.463,32,34,0.941,32,95,8,7,16,17,43,132
87,2021,Kia Nurse,PHO,G,32,835,32,98,273,0.359,59,167,0.353,39,106,0.368,49,62,0.79,14,113,56,17,2,48,72,304
88,2021,Leaonna Odom,NYL,F,18,217,0,21,45,0.467,5,17,0.294,16,28,0.571,9,12,0.75,11,21,8,5,5,10,25,56
89,2021,Arike Ogunbowale,DAL,G,32,1003,32,199,520,0.383,80,213,0.376,119,307,0.388,121,140,0.864,23,103,104,36,0,68,72,599
90,2021,Chiney Ogwumike,LAS,F-C,7,134,3,20,49,0.408,3,4,0.75,17,45,0.378,6,8,0.75,11,29,9,6,3,6,23,49
91,2021,Nneka Ogwumike,LAS,F,18,570,18,109,205,0.532,11,30,0.367,98,175,0.56,32,40,0.8,26,117,48,26,5,39,32,261
92,2021,Michaela Onyenwere,NYL,F,32,711,29,91,227,0.401,37,113,0.327,54,114,0.474,56,67,0.836,21,94,18,14,9,34,80,275
93,2021,Candace Parker,CHI,F-C,23,615,23,116,253,0.458,24,73,0.329,92,180,0.511,50,63,0.794,32,193,91,19,27,56,37,306
94,2021,Cheyenne Parker-Tyus,ATL,F,13,270,11,50,110,0.455,10,30,0.333,40,80,0.5,22,28,0.786,13,58,16,15,12,17,28,132
95,2021,JiSu Park,LVA,C,25,223,0,17,52,0.327,0,4,0.0,17,48,0.354,15,18,0.833,16,46,21,3,16,19,28,49
96,2021,Shey Peddy,PHO,G,32,560,5,61,148,0.412,27,81,0.333,34,67,0.507,23,25,0.92,24,75,79,29,3,31,33,172
97,2021,Chelsey Perry,IND,F,6,40,0,5,18,0.278,2,9,0.222,3,9,0.333,1,2,0.5,0,6,2,3,0,2,7,13
98,2021,Theresa Plaisance,WAS,F,31,559,11,71,202,0.351,35,116,0.302,36,86,0.419,22,27,0.815,21,135,42,25,21,37,68,199
99,2021,Kelsey Plum,LVA,G,26,665,0,128,293,0.437,44,114,0.386,84,179,0.469,85,90,0.944,11,66,93,26,1,43,56,385
100,2021,Aerial Powers,MIN,G,14,309,7,61,143,0.427,11,35,0.314,50,108,0.463,55,60,0.917,13,51,29,5,5,41,29,188
101,2021,Epiphanny Prince,SEA,G,29,416,2,58,132,0.439,25,50,0.5,33,82,0.402,26,29,0.897,10,47,48,20,6,25,33,167
102,2021,Allie Quigley,CHI,G,26,635,11,121,270,0.448,54,119,0.454,67,151,0.444,47,49,0.959,17,69,60,13,7,30,37,343
103,2021,DiDi Richards,NYL,G-F,31,346,0,27,64,0.422,10,22,0.455,17,42,0.405,6,10,0.6,9,34,25,17,6,16,24,70
104,2021,Danielle Robinson,IND,G,24,659,24,88,211,0.417,5,25,0.2,83,186,0.446,56,63,0.889,8,85,89,38,2,42,50,237
105,2021,Mercedes Russell,SEA,C,30,740,28,92,149,0.617,0,0,,92,149,0.617,36,47,0.766,50,184,49,27,11,38,79,220
106,2021,Satou Sabally,DAL,F,17,423,14,69,165,0.418,18,55,0.327,51,110,0.464,47,61,0.77,27,100,48,4,14,39,54,203
107,2021,Katie Lou Samuelson,SEA,G,27,566,24,72,158,0.456,26,74,0.351,46,84,0.548,19,26,0.731,11,95,46,18,7,30,45,189
108,2021,Jessica Shepard,MIN,F,22,231,0,16,44,0.364,1,12,0.083,15,32,0.469,12,16,0.75,24,71,38,3,4,18,20,45
109,2021,Kylee Shook,NYL,C,30,567,19,71,152,0.467,24,61,0.393,47,91,0.516,4,5,0.8,20,121,41,10,15,38,47,170
110,2021,Odyssey Sims,ATL,G,30,753,21,105,284,0.37,16,69,0.232,89,215,0.414,35,48,0.729,15,75,108,37,2,49,45,261
111,2021,Destiny Slocum,LVA,G,21,133,0,7,22,0.318,5,15,0.333,2,7,0.286,3,5,0.6,3,19,12,3,1,7,19,22
112,2021,Alanna Smith,PHO,F,18,117,0,8,34,0.235,4,21,0.19,4,13,0.308,1,4,0.25,5,24,10,7,6,6,10,21
113,2021,Azura Stevens,CHI,F-C,30,587,11,90,180,0.5,15,45,0.333,75,135,0.556,26,32,0.813,49,137,23,24,20,28,54,221
114,2021,Breanna Stewart,SEA,F,28,934,28,194,442,0.439,48,143,0.336,146,299,0.488,133,157,0.847,34,268,76,33,48,46,51,569
115,2021,Shekinna Stricklen,ATL,F,24,236,0,22,85,0.259,14,66,0.212,8,19,0.421,2,5,0.4,2,22,8,10,4,3,26,60
116,2021,Brittney Sykes,LAS,G,32,939,20,115,284,0.405,11,42,0.262,104,242,0.43,61,79,0.772,37,146,70,58,15,45,79,302
117,2021,Stephanie Talbot,SEA,F,30,538,9,69,143,0.483,27,65,0.415,42,78,0.538,6,8,0.75,12,86,48,14,13,49,58,171
118,2021,Diana Taurasi,PHO,G,16,455,16,70,191,0.366,41,121,0.339,29,70,0.414,62,72,0.861,3,71,79,3,9,47,38,243
119,2021,Alyssa Thomas,CON,F,3,37,0,4,15,0.267,0,0,,4,15,0.267,3,4,0.75,1,10,4,1,0,3,4,11
120,2021,Jasmine Thomas,CON,G,30,887,30,113,293,0.386,42,105,0.4,71,188,0.378,49,56,0.875,13,73,122,39,6,67,53,317
121,2021,Kayla Thornton,DAL,F,31,857,25,83,197,0.421,22,63,0.349,61,134,0.455,45,53,0.849,65,173,45,26,7,30,62,233
122,2021,Kristi Toliver,LAS,G,19,525,19,67,162,0.414,28,83,0.337,39,79,0.494,16,19,0.842,9,28,54,14,0,32,36,178
123,2021,Brianna Turner,PHO,F-C,32,994,32,108,195,0.554,0,1,0.0,108,194,0.557,33,46,0.717,78,302,56,24,42,47,70,249
124,2021,Courtney Vandersloot,CHI,G,32,977,32,129,298,0.433,36,104,0.346,93,194,0.479,42,49,0.857,16,109,275,54,12,97,66,336
125,2021,Kia Vaughn,PHO,C,28,441,2,59,133,0.444,0,1,0.0,59,132,0.447,12,20,0.6,23,76,36,5,6,36,44,130
126,2021,Victoria Vivians,IND,G-F,31,661,8,77,231,0.333,32,127,0.252,45,104,0.433,25,30,0.833,14,95,40,35,4,41,57,211
127,2021,Jasmine Walker,LAS,F,2,20,0,0,5,0.0,0,4,0.0,0,1,0.0,0,2,0.0,0,1,2,2,1,1,1,0
128,2021,Megan Walker,PHO,F,29,426,7,46,148,0.311,20,75,0.267,26,73,0.356,19,30,0.633,6,39,25,5,8,23,52,131
129,2021,Stephanie Watts,CHI,G,6,84,0,4,19,0.211,1,10,0.1,3,9,0.333,6,8,0.75,8,22,3,3,2,8,13,15
130,2021,Erica Wheeler,LAS,G,32,967,32,160,384,0.417,33,92,0.359,127,292,0.435,81,98,0.827,16,98,152,43,8,87,86,434
131,2021,Sami Whitcomb,NYL,G,30,843,28,124,262,0.473,76,179,0.425,48,83,0.578,27,33,0.818,10,151,81,31,10,62,53,351
132,2021,Sydney Wiese,WAS,G,27,578,8,41,127,0.323,23,79,0.291,18,48,0.375,14,18,0.778,5,36,43,10,0,27,20,119
133,2021,Courtney Williams,ATL,G,32,1101,32,228,546,0.418,39,102,0.382,189,444,0.426,34,53,0.642,46,218,128,34,16,58,53,529
134,2021,Elizabeth Williams,ATL,C-F,32,761,32,80,155,0.516,0,0,,80,155,0.516,27,53,0.509,63,157,38,36,43,25,60,187
135,2021,Kiana Williams,SEA,G,10,35,0,1,7,0.143,1,6,0.167,0,1,0.0,1,1,1.0,0,4,2,1,0,2,3,4
136,2021,Riquna Williams,LVA,G,32,833,32,114,257,0.444,63,151,0.417,51,106,0.481,46,50,0.92,6,83,51,25,11,21,47,337
137,2021,A'ja Wilson,LVA,C,32,1021,32,207,466,0.444,1,1,1.0,206,465,0.443,169,193,0.876,63,298,98,28,40,46,49,584
138,2021,Aaliyah Wilson,IND,G,14,119,0,6,26,0.231,1,7,0.143,5,19,0.263,2,4,0.5,5,12,8,3,2,9,17,15
139,2021,Jackie Young,LVA,G,32,1016,32,155,306,0.507,5,20,0.25,150,286,0.524,75,90,0.833,20,130,103,36,11,47,58,390
140,2021,Amanda Zahui B.,LAS,C,30,714,27,106,247,0.429,30,107,0.28,76,140,0.543,33,43,0.767,24,154,29,18,35,54,99,275
141,2021,Shavonte Zellous,WAS,G,28,442,5,43,114,0.377,10,41,0.244,33,73,0.452,25,31,0.806,16,66,44,11,6,23,48,121
142,2021,Kristine Anigwe,TOT,F-C,10,136,1,12,29,0.414,0,0,,12,29,0.414,10,18,0.556,11,33,5,5,1,12,28,34
143,2021,Cierra Burdick,TOT,F,14,64,0,5,11,0.455,0,0,,5,11,0.455,3,5,0.6,7,20,6,3,3,3,6,13
144,2021,Emma Cannon,TOT,F,20,295,6,45,101,0.446,7,24,0.292,38,77,0.494,13,18,0.722,25,74,17,5,4,32,42,110
145,2021,Layshia Clarendon,TOT,G,22,543,20,92,178,0.517,5,14,0.357,87,164,0.53,29,37,0.784,12,65,119,13,0,66,60,218
146,2021,Lauren Cox,TOT,F,26,305,0,25,65,0.385,2,8,0.25,23,57,0.404,16,20,0.8,16,77,12,14,16,16,29,68
147,2021,Candice Dupree,TOT,F,26,463,6,74,170,0.435,1,7,0.143,73,163,0.448,18,22,0.818,15,78,17,12,5,22,29,167
148,2021,Dana Evans,TOT,G,29,221,0,27,79,0.342,18,45,0.4,9,34,0.265,23,26,0.885,1,11,30,5,1,17,21,95
149,2021,Bria Holmes,TOT,G,19,318,5,31,96,0.323,8,33,0.242,23,63,0.365,13,23,0.565,20,49,20,15,6,21,21,83
150,2021,Joyner Holmes,TOT,F,5,28,0,5,10,0.5,3,4,0.75,2,6,0.333,0,0,,0,4,3,0,1,2,3,13
151,2021,Natasha Mack,TOT,F-C,4,18,0,2,3,0.667,0,0,,2,3,0.667,2,2,1.0,1,4,0,0,0,2,2,6
152,2021,Karlie Samuelson,TOT,G,14,206,3,16,44,0.364,12,31,0.387,4,13,0.308,7,9,0.778,3,26,11,7,0,8,21,51
153,2021,Kiah Stokes,TOT,C,24,443,8,16,28,0.571,1,2,0.5,15,26,0.577,4,6,0.667,35,130,20,10,16,13,33,37
154,2021,Shatori Walker-Kimbrough,TOT,G,17,350,13,40,78,0.513,8,25,0.32,32,53,0.604,30,35,0.857,4,24,16,12,5,20,28,118
0,2022,Natalie Achonwa,MIN,F,22,332,0,47,91,0.516,0,2,0.0,47,89,0.528,22,27,0.815,25,90,37,9,7,22,36,116
1,2022,Julie Allemand,CHI,G,25,402,4,25,60,0.417,9,31,0.29,16,29,0.552,15,18,0.833,9,39,85,14,3,33,23,74
2,2022,Lindsay Allen,MIN,G,9,134,0,20,38,0.526,8,14,0.571,12,24,0.5,12,13,0.923,0,14,31,2,0,7,11,60
3,2022,Rebecca Allen,NYL,F-G,25,523,19,64,169,0.379,26,83,0.313,38,86,0.442,20,24,0.833,8,84,31,19,24,24,48,174
4,2022,Yvonne Anderson,CON,G,11,101,0,12,26,0.462,4,10,0.4,8,16,0.5,7,7,1.0,3,9,12,3,2,11,14,35
5,2022,Kristine Anigwe,PHO,F-C,10,65,1,5,10,0.5,0,0,,5,10,0.5,5,10,0.5,5,13,2,1,2,6,12,15
6,2022,Ariel Atkins,WAS,G,36,1081,36,185,440,0.42,70,192,0.365,115,248,0.464,87,103,0.845,34,117,83,47,9,51,99,527
7,2022,Amy Atwell,LAS,F,4,32,1,1,9,0.111,1,6,0.167,0,3,0.0,0,0,,1,2,2,0,0,2,1,3
8,2022,Shakira Austin,WAS,C,36,776,32,122,223,0.547,0,1,0.0,122,222,0.55,68,109,0.624,63,232,33,27,30,54,84,312
9,2022,Rachel Banham,MIN,G,36,630,5,101,235,0.43,57,149,0.383,44,86,0.512,24,30,0.8,3,48,81,9,4,48,62,283
10,2022,Kierstan Bell,LVA,F,21,121,1,10,33,0.303,3,22,0.136,7,11,0.636,4,4,1.0,4,19,7,2,3,5,10,27
11,2022,Katie Benzan,WAS,G,3,27,0,5,9,0.556,5,7,0.714,0,2,0.0,3,4,0.75,1,2,1,0,1,2,7,18
12,2022,Monique Billings,ATL,F,23,401,8,55,117,0.47,0,1,0.0,55,116,0.474,39,51,0.765,45,146,26,19,8,31,54,149
13,2022,Sue Bird,SEA,G,31,818,31,85,211,0.403,56,144,0.389,29,67,0.433,16,16,1.0,6,59,186,37,4,60,23,242
14,2022,DeWanna Bonner,CON,F-G,33,991,33,156,355,0.439,46,140,0.329,110,215,0.512,86,104,0.827,25,156,91,41,11,52,59,444
15,2022,Lexie Brown,LAS,G,34,850,16,93,211,0.441,53,133,0.398,40,78,0.513,4,6,0.667,8,78,70,34,7,28,44,243
16,2022,Kennedy Burke,WAS,G-F,16,222,4,33,74,0.446,11,32,0.344,22,42,0.524,10,17,0.588,8,35,7,16,4,8,17,87
17,2022,Rae Burrell,LAS,G-F,3,44,1,1,9,0.111,1,6,0.167,0,3,0.0,2,2,1.0,1,3,1,2,0,1,4,5
18,2022,Veronica Burton,DAL,G,36,548,6,25,76,0.329,12,43,0.279,13,33,0.394,32,32,1.0,17,53,68,34,11,35,51,94
19,2022,Maya Caldwell,ATL,G,9,214,7,38,74,0.514,18,32,0.563,20,42,0.476,4,5,0.8,5,22,20,7,2,14,15,98
20,2022,Liz Cambage,LAS,C,25,584,24,117,230,0.509,4,14,0.286,113,216,0.523,87,111,0.784,33,160,52,16,41,57,79,325
21,2022,Jordin Canada,LAS,G,32,865,25,104,271,0.384,7,50,0.14,97,221,0.439,79,98,0.806,7,73,176,44,5,75,58,294
22,2022,Bridget Carleton,MIN,F,36,606,2,54,135,0.4,29,83,0.349,25,52,0.481,19,26,0.731,12,77,40,16,5,23,56,156
23,2022,DiJonai Carrington,CON,G-F,36,631,2,84,203,0.414,19,62,0.306,65,141,0.461,57,76,0.75,38,112,38,29,4,59,70,244
24,2022,Chennedy Carter,LAS,G,24,393,2,85,189,0.45,2,10,0.2,83,179,0.464,41,55,0.745,9,45,46,15,9,43,52,213
25,2022,Kaila Charles,ATL,G-F,1,2,0,0,0,,0,0,,0,0,,0,0,,0,0,0,0,0,0,1,0
26,2022,Alysha Clark,WAS,F,29,766,29,91,196,0.464,30,99,0.303,61,97,0.629,21,23,0.913,23,131,59,28,8,38,55,233
27,2022,Natasha Cloud,WAS,G,34,1065,34,123,308,0.399,43,135,0.319,80,173,0.462,75,91,0.824,16,122,239,35,10,94,55,364
28,2022,Nia Clouden,CON,G,28,250,0,18,53,0.34,12,29,0.414,6,24,0.25,10,17,0.588,2,23,21,6,1,12,26,58
29,2022,Alaina Coates,IND,C,8,75,0,7,11,0.636,0,0,,7,11,0.636,14,15,0.933,6,16,2,2,3,5,18,28
30,2022,Nia Coffey,ATL,F,16,336,16,35,101,0.347,9,31,0.29,26,70,0.371,23,31,0.742,7,83,12,10,2,35,35,102
31,2022,Charli Collier,DAL,C,17,78,0,12,27,0.444,0,2,0.0,12,25,0.48,10,14,0.714,4,10,2,1,0,10,19,34
32,2022,Napheesa Collier,MIN,F,4,91,4,11,26,0.423,2,7,0.286,9,19,0.474,5,7,0.714,2,12,4,2,1,1,9,29
33,2022,Sydney Colson,LVA,G,18,123,0,10,32,0.313,3,11,0.273,7,21,0.333,5,5,1.0,3,8,18,2,0,7,14,28
34,2022,Kahleah Copper,CHI,G-F,31,891,31,176,366,0.481,36,101,0.356,140,265,0.528,100,129,0.775,32,176,70,14,1,63,75,488
35,2022,Lorela Cubaj,NYL,F-C,11,88,0,4,12,0.333,0,0,,4,12,0.333,0,0,,9,23,4,0,2,5,12,8
36,2022,Elissa Cunane,MIN,C,3,10,0,1,2,0.5,0,1,0.0,1,1,1.0,0,0,,2,5,0,0,0,1,1,2
37,2022,Sophie Cunningham,PHO,G,28,827,20,120,267,0.449,70,175,0.4,50,92,0.543,42,48,0.875,19,123,45,28,10,29,94,352
38,2022,Damiris Dantas,MIN,C-F,15,262,15,28,92,0.304,16,61,0.262,12,31,0.387,5,6,0.833,10,57,28,3,1,16,18,77
39,2022,Elena Delle Donne,WAS,F-G,25,694,25,155,323,0.48,35,95,0.368,120,228,0.526,84,92,0.913,30,158,57,12,27,27,36,429
40,2022,Diamond DeShields,PHO,G,30,760,19,142,366,0.388,21,89,0.236,121,277,0.437,88,115,0.765,18,115,67,30,15,70,99,393
41,2022,Jasmine Dickey,DAL,G,20,93,0,7,33,0.212,1,4,0.25,6,29,0.207,6,9,0.667,6,12,2,4,1,5,9,21
42,2022,Skylar Diggins,PHO,G,30,1019,30,208,485,0.429,40,135,0.296,168,350,0.48,135,160,0.844,28,121,166,46,30,80,81,591
43,2022,Stefanie Dolson,NYL,C,36,826,36,113,229,0.493,26,66,0.394,87,163,0.534,38,42,0.905,43,172,66,13,28,56,112,290
44,2022,Queen Egbo,IND,F-C,33,720,31,95,215,0.442,0,0,,95,215,0.442,49,76,0.645,61,209,31,30,40,64,98,239
45,2022,Emily Engstler,IND,F,35,638,6,72,182,0.396,16,45,0.356,56,137,0.409,21,38,0.553,72,181,51,27,40,48,110,181
46,2022,Dana Evans,CHI,G,33,378,1,49,130,0.377,22,67,0.328,27,63,0.429,22,25,0.88,5,27,41,10,3,27,29,142
47,2022,Sylvia Fowles,MIN,C,30,831,30,184,296,0.622,0,0,,184,296,0.622,64,97,0.66,74,294,36,31,36,64,73,432
48,2022,Rebekah Gardner,CHI,G,35,760,2,116,214,0.542,15,42,0.357,101,172,0.587,48,60,0.8,44,115,44,49,19,55,81,295
49,2022,Allisha Gray,DAL,G,33,1086,33,146,345,0.423,64,157,0.408,82,188,0.436,83,104,0.798,29,159,84,37,24,42,78,439
50,2022,Chelsea Gray,LVA,G,35,1039,35,183,373,0.491,34,100,0.34,149,273,0.546,81,89,0.91,10,112,212,57,10,80,54,481
51,2022,Megan Gustafson,PHO,C,33,318,0,50,91,0.549,12,26,0.462,38,65,0.585,13,17,0.765,17,64,17,6,5,24,62,125
52,2022,Dearica Hamby,LVA,F,34,901,32,116,249,0.466,16,73,0.219,100,176,0.568,67,93,0.72,48,240,38,36,5,50,68,315
53,2022,Isabelle Harrison,DAL,F,35,644,18,116,249,0.466,2,2,1.0,114,247,0.462,72,83,0.867,48,150,46,26,5,46,73,306
54,2022,Tyasha Harris,DAL,G,35,552,5,69,165,0.418,17,54,0.315,52,111,0.468,19,24,0.792,6,32,99,13,4,39,35,174
55,2022,Tianna Hawkins,WAS,F,25,320,0,44,114,0.386,14,53,0.264,30,61,0.492,20,21,0.952,15,59,20,9,2,30,43,122
56,2022,Tiffany Hayes,ATL,G,11,303,11,66,121,0.545,18,42,0.429,48,79,0.608,28,41,0.683,3,40,23,8,1,22,33,178
57,2022,Ruthy Hebard,CHI,F,24,232,0,25,49,0.51,0,0,,25,49,0.51,6,8,0.75,8,41,12,8,3,13,29,56
58,2022,Destanni Henderson,IND,G,36,589,5,71,177,0.401,26,71,0.366,45,106,0.425,23,32,0.719,27,57,89,27,3,60,32,191
59,2022,Natisha Hiedeman,CON,G,36,901,31,118,274,0.431,69,168,0.411,49,106,0.462,24,30,0.8,6,63,118,42,4,47,66,329
60,2022,Naz Hillmon,ATL,F,34,674,12,59,123,0.48,0,2,0.0,59,121,0.488,32,39,0.821,52,172,41,22,10,40,51,150
61,2022,Myisha Hines-Allen,WAS,F,34,656,15,114,275,0.415,29,79,0.367,85,196,0.434,45,64,0.703,37,179,66,26,10,58,56,302
62,2022,Joyner Holmes,CON,F,26,205,0,19,61,0.311,5,22,0.227,14,39,0.359,10,13,0.769,6,35,12,8,2,19,20,53
63,2022,Natasha Howard,NYL,F,35,1048,35,206,427,0.482,30,92,0.326,176,335,0.525,88,123,0.715,69,256,81,45,35,113,110,530
64,2022,Rhyne Howard,ATL,G,34,1066,34,184,509,0.361,85,248,0.343,99,261,0.379,99,125,0.792,27,154,96,54,26,53,87,552
65,2022,Lexie Hull,IND,G,26,334,4,28,105,0.267,8,43,0.186,20,62,0.323,36,40,0.9,11,40,18,15,2,18,47,100
66,2022,Sabrina Ionescu,NYL,G,36,1163,36,211,513,0.411,83,249,0.333,128,264,0.485,121,130,0.931,35,254,228,39,10,109,76,626
67,2022,Briann January,SEA,G,36,608,5,46,122,0.377,23,74,0.311,23,48,0.479,19,23,0.826,7,36,85,23,8,53,59,134
68,2022,Marine Johannes,NYL,G,24,612,10,83,179,0.464,55,126,0.437,28,53,0.528,20,23,0.87,5,40,82,14,3,44,38,241
69,2022,Brionna Jones,CON,F,36,905,7,186,327,0.569,0,6,0.0,186,321,0.579,124,147,0.844,95,185,44,44,13,54,94,496
70,2022,Jonquel Jones,CON,C,33,871,32,176,343,0.513,41,111,0.369,135,232,0.582,89,111,0.802,85,283,59,35,38,85,89,482
71,2022,Tina Krajisnik,CHI,C,2,5,0,0,1,0.0,0,0,,0,1,0.0,0,0,,0,0,2,1,0,0,2,0
72,2022,Awak Kuier,DAL,F,33,416,0,34,86,0.395,4,21,0.19,30,65,0.462,19,31,0.613,24,83,29,13,29,19,26,91
73,2022,Betnijah Laney-Hamilton,NYL,G-F,9,255,6,38,90,0.422,11,29,0.379,27,61,0.443,14,16,0.875,1,30,25,4,1,24,24,101
74,2022,Jantel Lavender,SEA,F,27,329,4,45,110,0.409,5,24,0.208,40,86,0.465,8,12,0.667,26,89,24,3,4,24,30,103
75,2022,Jewell Loyd,SEA,G,36,1090,36,201,508,0.396,84,218,0.385,117,290,0.403,100,112,0.893,20,95,121,39,7,78,64,586
76,2022,Marina Mabrey,DAL,G,34,951,32,178,424,0.42,61,174,0.351,117,250,0.468,47,69,0.681,20,124,125,28,13,83,86,464
77,2022,Rui Machida,WAS,G,36,463,2,26,84,0.31,7,34,0.206,19,50,0.38,6,9,0.667,6,40,93,16,2,38,25,65
78,2022,Ezi Magbegor,SEA,F-C,33,817,23,133,242,0.55,10,29,0.345,123,213,0.577,39,53,0.736,53,184,45,29,58,46,95,315
79,2022,Anneli Maley,CHI,F,4,44,0,3,6,0.5,2,3,0.667,1,3,0.333,0,0,,3,7,3,3,1,1,6,8
80,2022,Kayla McBride,MIN,G,31,923,31,137,338,0.405,47,132,0.356,90,206,0.437,90,99,0.909,16,87,64,32,2,45,43,411
81,2022,Angel McCoughtry,MIN,F-G,2,20,2,3,8,0.375,0,1,0.0,3,7,0.429,6,6,1.0,0,6,2,1,2,3,3,12
82,2022,Teaira McCowan,DAL,C,33,623,15,139,231,0.602,0,0,,139,231,0.602,84,140,0.6,98,232,25,11,22,56,102,362
83,2022,Aari McDonald,ATL,G,36,876,6,131,319,0.411,48,142,0.338,83,177,0.469,88,101,0.871,15,81,93,52,1,77,78,398
84,2022,Emma Meesseman,CHI,F,36,1030,36,194,340,0.571,13,38,0.342,181,302,0.599,47,53,0.887,62,200,137,50,30,51,90,448
85,2022,Nikolina Milic,MIN,C,31,364,4,74,135,0.548,6,22,0.273,68,113,0.602,31,42,0.738,46,93,23,10,8,42,57,185
86,2022,Kelsey Mitchell,IND,G,31,1010,31,196,447,0.438,72,176,0.409,124,271,0.458,105,122,0.861,14,60,129,28,7,73,72,569
87,2022,Tiffany Mitchell,IND,G,34,553,8,82,182,0.451,12,31,0.387,70,151,0.464,45,52,0.865,20,41,40,28,2,30,46,221
88,2022,Beatrice Mompremier,ATL,F,21,175,0,20,44,0.455,0,0,,20,44,0.455,5,13,0.385,20,59,8,2,12,15,28,45
89,2022,Olivia Nelson-Ododa,LAS,C,30,436,6,47,84,0.56,0,0,,47,84,0.56,26,37,0.703,34,89,11,9,24,30,77,120
90,2022,Arike Ogunbowale,DAL,G,30,941,30,204,510,0.4,83,236,0.352,121,274,0.442,99,124,0.798,18,98,108,45,3,54,65,590
91,2022,Chiney Ogwumike,LAS,F-C,26,478,7,69,148,0.466,8,18,0.444,61,130,0.469,36,51,0.706,52,142,28,19,9,37,71,182
92,2022,Nneka Ogwumike,LAS,F,34,1068,34,249,458,0.544,21,57,0.368,228,401,0.569,95,115,0.826,48,225,68,57,15,62,80,614
93,2022,Michaela Onyenwere,NYL,F,34,466,1,49,130,0.377,15,50,0.3,34,80,0.425,46,55,0.836,13,70,13,14,8,25,69,159
94,2022,Candace Parker,CHI,F-C,32,904,32,159,347,0.458,42,135,0.311,117,212,0.552,62,76,0.816,30,275,145,31,31,78,70,422
95,2022,Cheyenne Parker-Tyus,ATL,F,36,942,35,176,352,0.5,12,55,0.218,164,297,0.552,62,78,0.795,59,222,71,37,32,72,98,426
96,2022,Shey Peddy,PHO,G,34,974,24,117,280,0.418,48,146,0.329,69,134,0.515,56,63,0.889,45,128,117,54,7,48,62,338
97,2022,Raina Perez,SEA,G,1,2,0,0,0,,0,0,,0,0,,0,0,,0,0,1,0,0,0,0,0
98,2022,Theresa Plaisance,LVA,F,31,401,2,43,116,0.371,31,89,0.348,12,27,0.444,7,10,0.7,16,80,15,8,13,20,41,124
99,2022,Kelsey Plum,LVA,G,36,1182,36,244,531,0.46,113,269,0.42,131,262,0.5,125,149,0.839,9,96,184,36,2,94,90,726
100,2022,Khayla Pointer,IND,G,10,58,0,7,12,0.583,1,4,0.25,6,8,0.75,7,14,0.5,1,8,2,2,0,9,2,22
101,2022,Aerial Powers,MIN,G,35,943,31,170,441,0.385,33,107,0.308,137,334,0.41,132,162,0.815,46,164,100,42,11,90,63,505
102,2022,Epiphanny Prince,SEA,G,33,406,0,44,124,0.355,21,59,0.356,23,65,0.354,21,25,0.84,6,32,58,21,3,15,30,130
103,2022,Allie Quigley,CHI,G,34,895,34,130,304,0.428,50,141,0.355,80,163,0.491,76,80,0.95,18,86,97,24,7,45,50,386
104,2022,DiDi Richards,NYL,G-F,14,155,0,11,36,0.306,3,11,0.273,8,25,0.32,7,10,0.7,5,24,20,1,5,13,25,32
105,2022,Danielle Robinson,IND,G,31,732,30,85,203,0.419,9,40,0.225,76,163,0.466,51,60,0.85,12,89,119,22,5,51,44,230
106,2022,Iliana Rupert,LVA,C,17,223,0,25,54,0.463,14,38,0.368,11,16,0.688,1,3,0.333,11,39,15,7,0,9,35,65
107,2022,Mercedes Russell,SEA,C,5,54,0,4,8,0.5,0,0,,4,8,0.5,2,3,0.667,2,9,1,0,0,7,7,10
108,2022,Satou Sabally,DAL,F,11,239,6,41,103,0.398,10,43,0.233,31,60,0.517,32,35,0.914,9,53,23,5,2,25,35,124
109,2022,Karlie Samuelson,PHO,G,1,10,0,1,3,0.333,1,3,0.333,0,0,,0,0,,0,3,1,0,0,1,1,3
110,2022,Katie Lou Samuelson,LAS,G,32,943,29,107,287,0.373,56,159,0.352,51,128,0.398,41,49,0.837,17,95,62,33,7,34,52,311
111,2022,Jessica Shepard,MIN,F,36,941,22,108,215,0.502,6,23,0.261,102,192,0.531,69,94,0.734,72,266,107,14,12,62,75,291
112,2022,Aisha Sheppard,LVA,G,23,174,0,10,42,0.238,9,33,0.273,1,9,0.111,6,8,0.75,6,14,7,5,1,7,26,35
113,2022,Jennie Simms,PHO,G,23,303,4,30,63,0.476,4,19,0.211,26,44,0.591,15,19,0.789,13,51,20,12,1,24,38,79
114,2022,Hannah Sjerven,MIN,C,3,9,0,0,1,0.0,0,0,,0,1,0.0,0,0,,0,0,0,0,1,0,2,0
115,2022,Destiny Slocum,ATL,G,3,41,0,4,11,0.364,3,9,0.333,1,2,0.5,3,5,0.6,0,4,4,0,0,5,4,14
116,2022,Kamiah Smalls,MIN,G,3,34,0,2,8,0.25,0,4,0.0,2,4,0.5,0,0,,0,5,6,4,0,4,6,4
117,2022,Alanna Smith,IND,F,9,116,1,14,42,0.333,6,25,0.24,8,17,0.471,5,7,0.714,8,24,5,8,6,8,17,39
118,2022,Kianna Smith,LAS,G,11,113,0,11,35,0.314,5,18,0.278,6,17,0.353,2,2,1.0,5,9,6,4,0,4,11,29
119,2022,NaLyssa Smith,IND,F,32,983,32,160,382,0.419,37,97,0.381,123,285,0.432,76,123,0.618,70,253,45,15,8,76,93,433
120,2022,Azura Stevens,CHI,F-C,35,768,8,150,318,0.472,42,116,0.362,108,202,0.535,29,39,0.744,21,137,28,17,39,26,61,371
121,2022,Breanna Stewart,SEA,F,34,1052,34,255,540,0.472,67,177,0.379,188,363,0.518,164,196,0.837,46,257,97,54,31,43,72,741
122,2022,Kiah Stokes,LVA,C,31,475,4,26,61,0.426,5,24,0.208,21,37,0.568,13,16,0.813,28,135,20,14,25,18,39,70
123,2022,Brittney Sykes,LAS,G,32,921,24,152,351,0.433,14,52,0.269,138,299,0.462,87,113,0.77,23,117,118,65,22,84,84,405
124,2022,Stephanie Talbot,SEA,F,34,548,1,64,138,0.464,29,73,0.397,35,65,0.538,14,24,0.583,23,107,45,23,11,36,44,171
125,2022,Diana Taurasi,PHO,G,31,962,31,150,402,0.373,92,273,0.337,58,129,0.45,127,142,0.894,8,106,120,22,18,84,89,519
126,2022,Sparkle Taylor,CHI,G,2,25,0,5,6,0.833,0,1,0.0,5,5,1.0,1,1,1.0,0,2,0,0,0,1,3,11
127,2022,Alyssa Thomas,CON,F,36,1154,36,188,376,0.5,0,2,0.0,188,374,0.503,108,148,0.73,74,294,218,62,7,103,101,484
128,2022,Jasmine Thomas,CON,G,5,109,5,8,30,0.267,5,13,0.385,3,17,0.176,12,13,0.923,2,11,15,3,1,7,7,33
129,2022,Sam Thomas,PHO,G-F,24,118,0,4,19,0.211,1,15,0.067,3,4,0.75,1,1,1.0,2,5,6,6,2,4,12,10
130,2022,Kayla Thornton,DAL,F,36,1050,35,97,207,0.469,25,77,0.325,72,130,0.554,68,82,0.829,65,211,65,39,20,42,97,287
131,2022,Kristi Toliver,LAS,G,11,218,10,19,51,0.373,13,36,0.361,6,15,0.4,14,16,0.875,0,8,34,4,0,25,14,65
132,2022,Brianna Turner,PHO,F-C,35,1168,35,68,112,0.607,0,0,,68,112,0.607,15,30,0.5,69,238,80,44,56,50,80,151
133,2022,Courtney Vandersloot,CHI,G,32,849,32,136,283,0.481,29,79,0.367,107,204,0.525,75,98,0.765,23,124,207,38,16,87,53,376
134,2022,Kia Vaughn,ATL,C,29,401,1,32,80,0.4,0,1,0.0,32,79,0.405,9,13,0.692,30,93,25,10,8,34,50,73
135,2022,Victoria Vivians,IND,G-F,35,940,30,126,375,0.336,44,157,0.28,82,218,0.376,46,62,0.742,23,125,85,37,9,72,83,342
136,2022,Jasmine Walker,LAS,F,32,281,1,19,76,0.25,10,50,0.2,9,26,0.346,3,3,1.0,12,48,6,6,3,15,30,51
137,2022,Megan Walker,ATL,F,12,115,0,14,38,0.368,7,19,0.368,7,19,0.368,4,6,0.667,3,9,5,3,0,12,8,39
138,2022,Shatori Walker-Kimbrough,WAS,G,35,705,3,80,199,0.402,26,75,0.347,54,124,0.435,55,61,0.902,10,64,53,37,10,39,43,241
139,2022,Kristy Wallace,ATL,G,29,602,18,66,162,0.407,25,68,0.368,41,94,0.436,33,42,0.786,18,68,63,17,6,44,58,190
140,2022,Erica Wheeler,ATL,G,30,789,30,98,276,0.355,24,73,0.329,74,203,0.365,31,41,0.756,19,93,118,32,2,76,74,251
141,2022,Sami Whitcomb,NYL,G,35,746,6,74,201,0.368,59,168,0.351,15,33,0.455,20,23,0.87,10,82,82,25,5,49,57,227
142,2022,Courtney Williams,CON,G,34,950,34,165,387,0.426,22,65,0.338,143,322,0.444,27,36,0.75,30,156,111,33,14,57,54,379
143,2022,Elizabeth Williams,WAS,C-F,30,447,0,68,141,0.482,0,0,,68,141,0.482,25,43,0.581,45,115,14,18,19,19,44,161
144,2022,Gabby Williams,SEA,F,36,920,36,108,243,0.444,18,70,0.257,90,173,0.52,35,45,0.778,43,179,111,54,13,52,59,269
145,2022,Riquna Williams,LVA,G,21,377,0,45,118,0.381,34,93,0.366,11,25,0.44,16,21,0.762,5,42,25,9,3,6,35,140
146,2022,Jocelyn Willoughby,NYL,F-G,11,121,4,11,26,0.423,3,11,0.273,8,15,0.533,4,8,0.5,2,18,4,5,2,9,8,29
147,2022,A'ja Wilson,LVA,C,36,1080,36,260,519,0.501,31,83,0.373,229,436,0.525,152,187,0.813,66,339,75,52,70,61,76,703
148,2022,Han Xu,NYL,C,32,538,0,109,221,0.493,16,36,0.444,93,185,0.503,39,49,0.796,38,115,30,17,21,23,31,273
149,2022,Jackie Young,LVA,G,34,1129,34,191,401,0.476,50,116,0.431,141,285,0.495,110,128,0.859,43,148,132,48,8,43,81,542
150,2022,Li Yueru,CHI,C,16,82,0,8,18,0.444,0,0,,8,18,0.444,12,12,1.0,5,24,2,2,2,13,9,28
151,2022,Emma Cannon,TOT,F,24,334,2,60,114,0.526,9,18,0.5,51,96,0.531,35,48,0.729,22,75,13,14,2,16,48,164
152,2022,Tina Charles,TOT,C,34,983,26,198,433,0.457,39,110,0.355,159,323,0.492,67,81,0.827,51,249,67,25,23,73,96,502
153,2022,Crystal Dangerfield,TOT,G,33,711,27,66,166,0.398,23,71,0.324,43,95,0.453,25,34,0.735,14,66,85,18,4,31,43,180
154,2022,Kaela Davis,TOT,F,7,55,0,13,21,0.619,4,6,0.667,9,15,0.6,4,5,0.8,3,9,1,2,0,6,9,34
155,2022,Rennia Davis,TOT,G-F,8,43,0,5,13,0.385,0,2,0.0,5,11,0.455,0,0,,3,8,1,2,0,4,3,10
156,2022,AD Durr,TOT,G,25,368,2,60,152,0.395,23,57,0.404,37,95,0.389,31,39,0.795,7,30,30,10,4,22,32,174
157,2022,Reshanda Gray,TOT,F,27,237,0,25,57,0.439,3,14,0.214,22,43,0.512,6,9,0.667,16,53,11,7,5,27,56,59
158,2022,Bria Hartley,TOT,G,13,123,0,14,37,0.378,7,17,0.412,7,20,0.35,4,6,0.667,1,12,14,4,0,10,7,39
159,2022,Moriah Jefferson,TOT,G,31,809,30,117,259,0.452,36,76,0.474,81,183,0.443,53,65,0.815,11,75,147,36,4,68,67,323
160,2022,Jazmine Jones,TOT,G,8,47,0,2,8,0.25,0,3,0.0,2,5,0.4,2,5,0.4,0,2,1,2,0,3,5,6
161,2022,Stephanie Jones,TOT,F,5,27,0,3,8,0.375,1,2,0.5,2,6,0.333,2,2,1.0,1,2,2,1,0,0,5,9
162,2022,Odyssey Sims,TOT,G,7,145,0,17,53,0.321,4,15,0.267,13,38,0.342,10,15,0.667,2,13,20,8,2,12,11,48
163,2022,Yvonne Turner,TOT,G,9,139,2,12,37,0.324,3,7,0.429,9,30,0.3,9,11,0.818,3,14,18,3,0,13,12,36
164,2022,Evina Westbrook,TOT,G,20,205,2,20,53,0.377,5,20,0.25,15,33,0.455,11,15,0.733,1,20,23,8,7,15,18,56
165,2022,Kiana Williams,TOT,G,4,30,0,2,8,0.25,1,4,0.25,1,4,0.25,0,0,,0,2,5,0,0,2,1,5
0,2023,Lindsay Allen,MIN,G,29,698,20,65,163,0.399,7,34,0.206,58,129,0.45,42,53,0.792,17,71,130,17,3,37,61,179
1,2023,Rebecca Allen,CON,F-G,40,858,27,98,240,0.408,40,115,0.348,58,125,0.464,19,27,0.704,28,113,37,37,50,34,77,255
2,2023,Laeticia Amihere,ATL,F,21,147,0,17,42,0.405,0,1,0.0,17,41,0.415,22,41,0.537,5,20,4,5,9,11,21,56
3,2023,Ariel Atkins,WAS,G,27,679,27,104,251,0.414,42,124,0.339,62,127,0.488,61,68,0.897,18,83,61,32,9,35,71,311
4,2023,Shakira Austin,WAS,C,19,440,17,77,154,0.5,0,0,,77,154,0.5,36,59,0.61,29,133,17,16,17,35,44,190
5,2023,Rachel Banham,MIN,G,32,435,1,61,165,0.37,43,107,0.402,18,58,0.31,11,14,0.786,4,32,54,11,3,36,45,176
6,2023,Kierstan Bell,LVA,F,36,424,0,53,153,0.346,20,82,0.244,33,71,0.465,6,10,0.6,14,56,18,15,5,14,47,132
7,2023,Grace Berger,IND,G,36,524,0,57,127,0.449,16,34,0.471,41,93,0.441,21,25,0.84,7,56,67,17,6,37,38,151
8,2023,Morgan Bertsch,CHI,F,28,398,5,47,103,0.456,16,36,0.444,31,67,0.463,12,16,0.75,12,47,19,10,7,30,50,122
9,2023,Monique Billings,ATL,F,39,653,9,68,167,0.407,0,4,0.0,68,163,0.417,51,61,0.836,53,194,30,16,12,38,76,187
10,2023,DeWanna Bonner,CON,F-G,40,1203,40,233,548,0.425,75,228,0.329,158,320,0.494,156,181,0.862,35,224,87,42,25,58,64,697
11,2023,Aliyah Boston,IND,C-F,40,1249,40,233,403,0.578,4,10,0.4,229,393,0.583,108,145,0.745,125,335,89,53,50,75,125,578
12,2023,Kalani Brown,DAL,C,32,524,5,90,143,0.629,0,1,0.0,90,142,0.634,69,86,0.802,55,143,33,7,22,42,65,249
13,2023,Lexie Brown,LAS,G,12,364,11,54,111,0.486,27,65,0.415,27,46,0.587,14,16,0.875,2,25,29,11,3,16,14,149
14,2023,Leigha Brown,CON,G,25,130,0,8,26,0.308,1,10,0.1,7,16,0.438,4,6,0.667,6,21,10,5,2,11,19,21
15,2023,Rae Burrell,LAS,G-F,29,322,3,36,93,0.387,16,41,0.39,20,52,0.385,17,21,0.81,13,36,18,13,3,15,26,105
16,2023,Veronica Burton,DAL,G,40,555,13,25,85,0.294,13,48,0.271,12,37,0.324,31,34,0.912,22,70,88,29,10,17,57,94
17,2023,Maya Caldwell,IND,G,30,304,1,21,72,0.292,4,29,0.138,17,43,0.395,12,14,0.857,9,27,19,9,3,22,27,58
18,2023,Jordin Canada,LAS,G,38,1237,38,163,403,0.404,41,123,0.333,122,280,0.436,138,158,0.873,9,116,228,86,9,103,89,505
19,2023,Emma Cannon,IND,F,30,314,3,61,134,0.455,13,34,0.382,48,100,0.48,40,44,0.909,24,94,14,4,2,33,42,175
20,2023,Bridget Carleton,MIN,F,38,573,4,41,119,0.345,30,89,0.337,11,30,0.367,11,15,0.733,19,89,34,13,3,16,49,123
21,2023,DiJonai Carrington,CON,G-F,32,550,0,93,223,0.417,23,62,0.371,70,161,0.435,56,74,0.757,27,92,41,20,3,36,68,265
22,2023,Kaila Charles,SEA,G-F,4,41,0,3,12,0.25,0,2,0.0,3,10,0.3,0,0,,3,5,1,1,0,0,9,6
23,2023,Layshia Clarendon,LAS,G,24,687,24,96,193,0.497,21,46,0.457,75,147,0.51,54,59,0.915,23,73,82,27,0,54,63,267
24,2023,Alysha Clark,LVA,F,39,876,1,91,205,0.444,51,132,0.386,40,73,0.548,27,33,0.818,21,133,42,24,6,28,85,260
25,2023,Natasha Cloud,WAS,G,37,1199,37,149,395,0.377,45,151,0.298,104,244,0.426,126,140,0.9,8,138,229,39,10,95,95,469
26,2023,Nia Clouden,LAS,G,5,54,1,3,10,0.3,1,3,0.333,2,7,0.286,1,2,0.5,0,2,9,0,0,8,5,8
27,2023,Nia Coffey,ATL,F,31,680,31,83,192,0.432,33,82,0.402,50,110,0.455,15,24,0.625,15,150,48,17,37,44,68,214
28,2023,Napheesa Collier,MIN,F,37,1238,37,297,613,0.485,34,114,0.298,263,499,0.527,168,200,0.84,70,313,94,61,43,89,89,796
29,2023,Sydney Colson,LVA,G,28,135,0,12,27,0.444,6,16,0.375,6,11,0.545,5,6,0.833,4,12,22,9,1,6,24,35
30,2023,Zia Cooke,LAS,G,39,549,4,65,225,0.289,18,69,0.261,47,156,0.301,39,48,0.813,10,37,31,13,12,29,36,187
31,2023,Kahleah Copper,CHI,G-F,38,1184,38,262,585,0.448,69,171,0.404,193,414,0.466,117,152,0.77,25,167,77,35,10,94,93,710
32,2023,Lauren Cox,CON,F,1,0,0,0,0,,0,0,,0,0,,0,0,,0,0,0,0,0,0,0,0
33,2023,Lorela Cubaj,ATL,F-C,3,19,0,0,1,0.0,0,0,,0,1,0.0,0,0,,0,7,0,0,1,1,4,0
34,2023,Sophie Cunningham,PHO,G,31,898,31,111,269,0.413,58,172,0.337,53,97,0.546,70,80,0.875,17,88,65,20,11,46,99,350
35,2023,Crystal Dangerfield,DAL,G,35,973,32,119,280,0.425,27,93,0.29,92,187,0.492,22,27,0.815,27,101,108,33,7,41,44,287
36,2023,Elena Delle Donne,WAS,F-G,23,633,23,142,293,0.485,24,61,0.393,118,232,0.509,75,80,0.938,20,125,49,19,20,30,43,383
37,2023,Jasmine Dickey,DAL,G,14,87,0,13,34,0.382,0,1,0.0,13,33,0.394,3,6,0.5,7,11,1,4,1,5,15,29
38,2023,Ivana Dojkić,SEA,G,23,461,15,48,119,0.403,23,55,0.418,25,64,0.391,31,43,0.721,4,40,65,18,4,35,44,150
39,2023,Stefanie Dolson,NYL,C,23,273,0,35,68,0.515,12,26,0.462,23,42,0.548,11,14,0.786,13,45,27,1,6,21,41,93
40,2023,AD Durr,ATL,G,36,392,0,62,163,0.38,19,59,0.322,43,104,0.413,30,39,0.769,3,38,25,10,3,28,28,173
41,2023,Emily Engstler,MIN,F,12,93,0,8,21,0.381,2,7,0.286,6,14,0.429,3,8,0.375,11,29,7,5,1,10,8,21
42,2023,Dana Evans,CHI,G,39,837,1,116,322,0.36,42,143,0.294,74,179,0.413,76,89,0.854,7,47,118,27,4,61,45,350
43,2023,Dulcy Fankam Mendjiadeu,SEA,F-C,34,470,21,56,107,0.523,0,1,0.0,56,106,0.528,22,40,0.55,58,149,12,13,11,29,71,134
44,2023,Cayla George,LVA,C-F,32,273,0,30,104,0.288,15,64,0.234,15,40,0.375,0,3,0.0,15,58,13,10,5,27,36,75
45,2023,Rebekah Gardner,CHI,G,3,59,0,6,14,0.429,3,5,0.6,3,9,0.333,6,6,1.0,1,11,7,6,1,5,8,21
46,2023,Cyesha Goree,WAS,F,10,116,0,15,32,0.469,3,14,0.214,12,18,0.667,6,7,0.857,7,12,1,3,1,4,12,39
47,2023,Allisha Gray,ATL,G,38,1244,38,219,471,0.465,42,118,0.356,177,353,0.501,169,205,0.824,47,186,119,40,14,71,100,649
48,2023,Chelsea Gray,LVA,G,40,1288,40,225,459,0.49,64,152,0.421,161,307,0.524,96,107,0.897,12,158,291,57,25,101,73,610
49,2023,Brittney Griner,PHO,C,31,856,31,219,391,0.56,1,9,0.111,218,382,0.571,105,136,0.772,38,195,68,16,50,66,64,544
50,2023,Arella Guirantes,SEA,G,9,47,0,4,16,0.25,1,6,0.167,3,10,0.3,3,5,0.6,1,6,3,1,4,3,3,12
51,2023,Megan Gustafson,PHO,C,34,514,4,102,194,0.526,15,43,0.349,87,151,0.576,50,62,0.806,46,131,25,13,14,37,65,269
52,2023,Dearica Hamby,LAS,F,40,990,19,132,306,0.431,9,41,0.22,123,265,0.464,83,128,0.648,51,236,71,34,12,58,86,356
53,2023,Linnae Harper,WAS,G,14,73,0,8,26,0.308,4,11,0.364,4,15,0.267,0,0,,3,9,4,2,0,4,11,20
54,2023,Tyasha Harris,CON,G,40,668,0,87,209,0.416,39,84,0.464,48,125,0.384,17,25,0.68,5,34,68,29,3,41,43,230
55,2023,Bernadett Hatar,CON,C,6,47,0,6,16,0.375,0,0,,6,16,0.375,0,0,,3,9,1,4,2,4,9,12
56,2023,Tianna Hawkins,WAS,F,40,923,21,130,265,0.491,29,87,0.333,101,178,0.567,39,52,0.75,61,199,56,32,14,47,99,328
57,2023,Tiffany Hayes,CON,G,40,1082,40,168,353,0.476,48,131,0.366,120,222,0.541,98,126,0.778,38,120,105,34,3,56,114,482
58,2023,Ruthy Hebard,CHI,F,19,175,0,31,53,0.585,0,0,,31,53,0.585,13,20,0.65,18,46,7,5,7,4,25,75
59,2023,Natisha Hiedeman,CON,G,40,1066,40,123,314,0.392,59,161,0.366,64,153,0.418,34,46,0.739,8,84,106,35,4,57,89,339
60,2023,Naz Hillmon,ATL,F,40,541,3,59,116,0.509,0,1,0.0,59,115,0.513,46,54,0.852,50,137,27,8,3,39,58,164
61,2023,Khaalia Hillsman,CHI,C,1,1,0,0,0,,0,0,,0,0,,0,0,,0,0,0,0,0,0,0,0
62,2023,Myisha Hines-Allen,WAS,F,35,617,18,73,215,0.34,18,66,0.273,55,149,0.369,33,46,0.717,37,154,77,23,6,52,78,197
63,2023,Jordan Horston,SEA,F,36,806,17,101,275,0.367,10,41,0.244,91,234,0.389,37,52,0.712,47,182,58,44,21,71,79,249
64,2023,Natasha Howard,DAL,F,39,1289,39,247,539,0.458,38,127,0.299,209,412,0.507,110,135,0.815,84,313,100,50,45,109,140,642
65,2023,Rhyne Howard,ATL,G,39,1283,39,226,587,0.385,99,281,0.352,127,306,0.415,130,165,0.788,26,193,138,51,25,75,110,681
66,2023,Lexie Hull,IND,G,30,619,25,54,145,0.372,13,60,0.217,41,85,0.482,17,22,0.773,35,82,32,30,9,30,84,138
67,2023,Sabrina Ionescu,NYL,G,36,1134,36,195,461,0.423,128,286,0.448,67,175,0.383,95,109,0.872,29,200,193,37,10,94,61,613
68,2023,Moriah Jefferson,PHO,G,39,972,36,165,381,0.433,38,107,0.355,127,274,0.464,41,50,0.82,9,77,140,43,7,63,84,409
69,2023,Marine Johannes,NYL,G,35,662,5,89,215,0.414,56,152,0.368,33,63,0.524,15,20,0.75,8,50,58,23,2,47,55,249
70,2023,Brionna Jones,CON,F,13,412,13,80,140,0.571,2,4,0.5,78,136,0.574,45,58,0.776,41,106,31,24,7,29,53,207
71,2023,Haley Jones,ATL,F-G,40,584,6,56,166,0.337,6,28,0.214,50,138,0.362,31,41,0.756,14,94,92,16,12,54,69,149
72,2023,Jonquel Jones,NYL,C,40,1001,40,176,334,0.527,32,91,0.352,144,243,0.593,69,80,0.863,103,336,73,23,51,83,113,453
73,2023,Dorka Juhász,MIN,F,38,919,27,94,199,0.472,13,48,0.271,81,151,0.536,27,50,0.54,64,246,99,36,23,47,70,228
74,2023,Sika Koné,CHI,F,20,186,0,25,47,0.532,2,6,0.333,23,41,0.561,20,26,0.769,22,59,10,3,1,21,34,72
75,2023,Awak Kuier,DAL,F,37,399,4,36,91,0.396,2,23,0.087,34,68,0.5,21,27,0.778,23,94,20,7,24,22,30,95
76,2023,Betnijah Laney-Hamilton,NYL,G-F,40,1201,40,200,401,0.499,60,153,0.392,140,248,0.565,53,67,0.791,30,130,97,34,4,75,86,513
77,2023,Jewell Loyd,SEA,G,38,1344,38,285,770,0.37,115,323,0.356,170,447,0.38,254,286,0.888,41,178,131,38,16,105,63,939
78,2023,Marina Mabrey,CHI,G,39,1169,39,202,491,0.411,89,228,0.39,113,263,0.43,92,110,0.836,34,146,140,29,18,86,93,585
79,2023,Ezi Magbegor,SEA,F-C,40,1304,40,217,423,0.513,30,78,0.385,187,345,0.542,86,123,0.699,64,322,102,45,74,94,129,550
80,2023,Kayla McBride,MIN,G,38,1208,38,187,441,0.424,83,243,0.342,104,198,0.525,85,98,0.867,14,122,85,47,6,65,63,542
81,2023,Teaira McCowan,DAL,C,30,783,29,150,272,0.551,0,4,0.0,150,268,0.56,58,99,0.586,104,272,45,16,35,46,100,358
82,2023,Aari McDonald,ATL,G,24,565,9,66,164,0.402,25,78,0.321,41,86,0.477,32,42,0.762,6,48,73,15,0,39,38,189
83,2023,Jade Melbourne,SEA,G,29,307,0,25,64,0.391,3,20,0.15,22,44,0.5,23,29,0.793,6,34,35,12,1,26,46,76
84,2023,Li Meng,WAS,G,34,539,1,62,164,0.378,44,121,0.364,18,43,0.419,22,26,0.846,6,36,35,10,1,28,38,190
85,2023,Abby Meyers,WAS,G,9,36,0,5,13,0.385,0,4,0.0,5,9,0.556,3,3,1.0,1,4,0,1,2,1,5,13
86,2023,Taylor Mikesell,ATL,G,6,29,0,5,10,0.5,3,7,0.429,2,3,0.667,4,4,1.0,0,2,2,0,0,1,0,17
87,2023,Nikolina Milic,MIN,C,39,494,3,89,192,0.464,8,22,0.364,81,170,0.476,45,56,0.804,28,93,33,4,5,42,68,231
88,2023,Diamond Miller,MIN,F,32,834,32,140,347,0.403,31,101,0.307,109,246,0.443,76,96,0.792,22,113,80,30,11,73,81,387
89,2023,Kelsey Mitchell,IND,G,40,1349,40,245,555,0.441,102,256,0.398,143,299,0.478,136,165,0.824,13,65,125,37,2,92,81,728
90,2023,Tiffany Mitchell,MIN,G,33,763,21,86,213,0.404,13,45,0.289,73,168,0.435,55,66,0.833,18,76,76,16,3,70,88,240
91,2023,Olivia Nelson-Ododa,CON,C,39,585,0,65,121,0.537,0,0,,65,121,0.537,46,65,0.708,50,144,23,20,33,30,87,176
92,2023,Kia Nurse,SEA,G,40,789,20,80,233,0.343,50,143,0.35,30,90,0.333,24,27,0.889,12,91,53,24,2,29,77,234
93,2023,Arike Ogunbowale,DAL,G,40,1489,40,299,752,0.398,117,341,0.343,182,411,0.443,134,153,0.876,19,135,181,68,4,105,109,849
94,2023,Chiney Ogwumike,LAS,F-C,10,212,4,34,79,0.43,1,13,0.077,33,66,0.5,15,21,0.714,14,43,13,13,3,12,37,84
95,2023,Nneka Ogwumike,LAS,F,36,1119,36,264,516,0.512,21,62,0.339,243,454,0.535,140,161,0.87,60,316,97,61,26,80,92,689
96,2023,Michaela Onyenwere,PHO,F,40,953,27,130,322,0.404,35,111,0.315,95,211,0.45,60,79,0.759,48,147,51,30,19,81,114,355
97,2023,Candace Parker,LVA,F-C,18,425,18,60,129,0.465,17,51,0.333,43,78,0.551,25,28,0.893,16,97,67,27,16,31,35,162
98,2023,Cheyenne Parker-Tyus,ATL,F,40,1066,38,232,481,0.482,15,54,0.278,217,427,0.508,121,146,0.829,87,267,71,43,59,90,114,600
99,2023,Robyn Parks,CHI,F,37,505,2,53,139,0.381,32,87,0.368,21,52,0.404,7,7,1.0,15,59,16,12,5,19,35,145
100,2023,Shey Peddy,PHO,G,18,285,0,31,84,0.369,16,46,0.348,15,38,0.395,16,20,0.8,7,33,33,15,1,10,30,94
101,2023,Kelsey Plum,LVA,G,39,1265,39,249,524,0.475,95,244,0.389,154,280,0.55,135,148,0.912,9,95,177,43,0,82,94,728
102,2023,Aerial Powers,MIN,G,20,195,0,38,92,0.413,6,19,0.316,32,73,0.438,22,24,0.917,6,36,15,3,2,18,6,104
103,2023,Epiphanny Prince,NYL,G,10,71,0,6,15,0.4,3,10,0.3,3,5,0.6,3,3,1.0,1,6,8,2,1,7,6,18
104,2023,Danielle Robinson,ATL,G,32,690,27,71,154,0.461,9,31,0.29,62,123,0.504,36,48,0.75,8,69,104,23,3,43,64,187
105,2023,Iliana Rupert,ATL,C,20,158,0,12,34,0.353,6,22,0.273,6,12,0.5,5,8,0.625,7,39,10,7,7,10,22,35
106,2023,Mercedes Russell,SEA,C,37,705,13,81,157,0.516,0,1,0.0,81,156,0.519,23,38,0.605,39,149,48,16,17,55,56,185
107,2023,Nyara Sabally,NYL,F,33,260,0,25,59,0.424,2,9,0.222,23,50,0.46,24,32,0.75,19,70,7,4,7,18,38,76
108,2023,Satou Sabally,DAL,F,38,1258,38,237,545,0.435,66,183,0.361,171,362,0.472,167,191,0.874,86,308,167,68,16,110,135,707
109,2023,Karlie Samuelson,LAS,G,34,888,23,82,177,0.463,49,115,0.426,33,62,0.532,48,51,0.941,11,101,68,22,3,30,81,261
110,2023,Victaria Saxton,IND,F,15,54,0,6,18,0.333,1,2,0.5,5,16,0.313,6,7,0.857,2,10,0,1,0,6,9,19
111,2023,Jessica Shepard,MIN,F,21,565,17,65,126,0.516,0,2,0.0,65,124,0.524,41,53,0.774,44,149,67,12,2,30,42,171
112,2023,Maddy Siegrist,DAL,F,39,319,0,57,112,0.509,5,15,0.333,52,97,0.536,27,29,0.931,36,61,8,8,7,9,28,146
113,2023,Jennie Simms,PHO,G,6,70,0,4,14,0.286,0,5,0.0,4,9,0.444,5,7,0.714,4,13,3,2,0,6,7,13
114,2023,Odyssey Sims,DAL,G,28,335,0,21,69,0.304,2,15,0.133,19,54,0.352,11,20,0.55,8,37,62,12,0,17,31,55
115,2023,Kadi Sissoko,PHO,F,40,336,0,23,62,0.371,3,18,0.167,20,44,0.455,10,16,0.625,17,62,8,3,5,26,43,59
116,2023,Alanna Smith,CHI,F,38,1007,35,132,265,0.498,30,102,0.294,102,163,0.626,55,81,0.679,70,249,68,49,50,56,116,349
117,2023,NaLyssa Smith,IND,F,31,885,28,188,394,0.477,19,67,0.284,169,327,0.517,84,124,0.677,64,285,44,10,10,84,93,479
118,2023,Taylor Soule,CHI,F,15,53,0,2,14,0.143,0,3,0.0,2,11,0.182,5,8,0.625,3,8,3,0,1,4,6,9
119,2023,Azura Stevens,LAS,F-C,35,910,29,149,369,0.404,35,109,0.321,114,260,0.438,46,61,0.754,54,207,40,41,32,52,90,379
120,2023,Breanna Stewart,NYL,F,40,1365,40,316,680,0.465,82,231,0.355,234,449,0.521,205,241,0.851,64,371,150,58,63,58,75,919
121,2023,Kiah Stokes,LVA,C,40,792,22,36,83,0.434,5,27,0.185,31,56,0.554,9,18,0.5,45,234,23,26,39,17,70,86
122,2023,Sug Sutton,PHO,G,40,1051,12,126,327,0.385,30,89,0.337,96,238,0.403,46,57,0.807,14,102,190,27,3,99,62,328
123,2023,Brittney Sykes,WAS,G,40,1252,40,229,522,0.439,56,160,0.35,173,362,0.478,122,153,0.797,38,198,153,84,13,96,115,636
124,2023,Diana Taurasi,PHO,G,26,709,26,128,318,0.403,64,187,0.342,64,131,0.489,95,112,0.848,2,93,120,13,12,78,67,415
125,2023,Alyssa Thomas,CON,F,40,1446,40,243,513,0.474,0,3,0.0,243,510,0.476,133,186,0.715,80,394,316,73,19,137,109,619
126,2023,Jasmine Thomas,LAS,G,32,410,7,30,110,0.273,15,62,0.242,15,48,0.313,10,11,0.909,10,34,42,9,6,21,28,85
127,2023,Sam Thomas,PHO,G-F,1,11,0,0,2,0.0,0,0,,0,2,0.0,0,0,,0,1,0,0,0,0,1,0
128,2023,Kayla Thornton,NYL,F,40,693,0,65,150,0.433,25,80,0.313,40,70,0.571,23,30,0.767,48,141,27,28,10,20,66,178
129,2023,Kristi Toliver,WAS,G,11,99,0,13,39,0.333,10,28,0.357,3,11,0.273,4,5,0.8,1,8,8,3,0,7,9,40
130,2023,Kayana Traylor,MIN,G,8,35,0,3,10,0.3,0,1,0.0,3,9,0.333,2,2,1.0,1,1,3,2,0,3,5,8
131,2023,Brianna Turner,PHO,F-C,40,1052,33,67,103,0.65,0,0,,67,103,0.65,6,12,0.5,50,253,50,39,44,60,89,140
132,2023,Yvonne Turner,SEA,G,21,193,7,19,41,0.463,1,3,0.333,18,38,0.474,14,18,0.778,2,23,18,8,2,14,14,53
133,2023,Courtney Vandersloot,NYL,G,39,1187,39,161,364,0.442,37,126,0.294,124,238,0.521,51,67,0.761,19,136,314,51,23,104,78,410
134,2023,Victoria Vivians,IND,G-F,38,674,14,73,192,0.38,27,94,0.287,46,98,0.469,23,30,0.767,19,119,49,27,6,31,72,196
135,2023,Shatori Walker-Kimbrough,WAS,G,40,993,15,87,203,0.429,32,82,0.39,55,121,0.455,44,47,0.936,8,82,66,29,14,26,48,250
136,2023,Kristy Wallace,IND,G,37,728,9,93,232,0.401,37,85,0.435,56,147,0.381,21,28,0.75,22,82,71,23,9,49,64,244
137,2023,Erica Wheeler,IND,G,40,1071,40,146,367,0.398,30,97,0.309,116,270,0.43,72,82,0.878,16,120,201,44,3,83,96,394
138,2023,Sami Whitcomb,SEA,G,40,978,19,128,320,0.4,89,231,0.385,39,89,0.438,44,53,0.83,19,114,115,35,14,80,74,389
139,2023,Courtney Williams,CHI,G,40,1204,40,176,403,0.437,47,106,0.443,129,297,0.434,15,25,0.6,38,241,251,38,12,98,65,414
140,2023,Elizabeth Williams,CHI,C-F,40,1188,40,167,325,0.514,0,0,,167,325,0.514,58,92,0.63,90,232,98,50,60,54,101,392
141,2023,Gabby Williams,SEA,F,10,285,8,34,94,0.362,5,23,0.217,29,71,0.408,11,13,0.846,14,36,38,15,4,22,19,84
142,2023,Madi Williams,PHO,G-F,5,46,0,5,15,0.333,0,3,0.0,5,12,0.417,0,0,,2,5,1,2,1,6,6,10
143,2023,Jocelyn Willoughby,NYL,F-G,29,192,0,12,30,0.4,7,16,0.438,5,14,0.357,4,4,1.0,10,23,11,3,0,8,19,35
144,2023,A'ja Wilson,LVA,C,40,1228,40,335,601,0.557,9,29,0.31,326,572,0.57,233,287,0.812,82,380,64,56,89,62,85,912
145,2023,Han Xu,NYL,C,8,36,0,6,20,0.3,0,7,0.0,6,13,0.462,0,0,,3,7,0,2,1,5,2,12
146,2023,Jackie Young,LVA,G,40,1259,40,249,476,0.523,89,198,0.449,160,278,0.576,117,135,0.867,26,160,151,52,5,70,80,704
147,2023,Kristine Anigwe,TOT,F-C,13,89,0,10,24,0.417,0,1,0.0,10,23,0.435,5,8,0.625,8,22,4,3,5,7,23,25
148,2023,Alaina Coates,TOT,C,12,35,0,5,6,0.833,0,0,,5,6,0.833,1,4,0.25,2,10,0,3,0,7,10,11
149,2023,Liz Dixon,TOT,F,14,77,0,10,19,0.526,0,0,,10,19,0.526,7,8,0.875,9,15,3,0,3,4,4,27
150,2023,Queen Egbo,TOT,F-C,37,475,0,74,148,0.5,0,0,,74,148,0.5,30,47,0.638,40,158,11,15,24,35,86,178
151,2023,Destanni Henderson,TOT,G,15,200,1,19,57,0.333,3,24,0.125,16,33,0.485,16,21,0.762,3,12,27,7,1,14,18,57
152,2023,Joyner Holmes,TOT,F,34,355,2,41,110,0.373,15,48,0.313,26,62,0.419,16,21,0.762,24,84,28,9,10,19,39,113
153,2023,Ashley Joens,TOT,G,19,127,0,13,36,0.361,10,23,0.435,3,13,0.231,3,6,0.5,0,11,1,3,0,5,7,39
154,2023,Evina Westbrook,TOT,G,18,128,0,5,30,0.167,2,16,0.125,3,14,0.214,8,8,1.0,3,17,10,3,3,10,16,20
155,2023,Amanda Zahui B.,TOT,C,34,253,1,18,70,0.257,6,37,0.162,12,33,0.364,15,20,0.75,7,38,10,6,18,15,45,57
0,2024,Lindsay Allen,CHI,G,40,950,28,104,223,0.466,14,48,0.292,90,175,0.514,42,52,0.808,13,80,157,32,7,64,67,264
1,2024,Rebecca Allen,PHO,F-G,18,447,18,53,126,0.421,25,70,0.357,28,56,0.5,2,3,0.667,13,71,20,17,12,18,35,133
2,2024,Laeticia Amihere,ATL,F,16,83,0,7,26,0.269,0,0,,7,26,0.269,5,17,0.294,12,27,3,2,3,8,7,19
3,2024,Ariel Atkins,WAS,G,40,1196,40,217,497,0.437,79,221,0.357,138,276,0.5,84,99,0.848,36,135,124,59,17,92,112,597
4,2024,Amy Atwell,PHO,F,6,59,0,4,15,0.267,3,13,0.231,1,2,0.5,4,5,0.8,3,6,6,0,1,2,3,15
5,2024,Shakira Austin,WAS,C,12,238,11,52,121,0.43,1,4,0.25,51,117,0.436,36,54,0.667,21,82,11,15,11,29,30,141
6,2024,Kierstan Bell,LVA,F,6,43,0,6,16,0.375,4,8,0.5,2,8,0.25,1,2,0.5,1,6,5,0,0,1,5,17
7,2024,Grace Berger,IND,G,11,102,0,10,25,0.4,2,5,0.4,8,20,0.4,9,14,0.643,4,15,7,5,0,10,12,31
8,2024,Caitlin Bickle,CON,F,8,15,0,0,3,0.0,0,3,0.0,0,0,,0,0,,0,0,0,0,0,0,1,0
9,2024,DeWanna Bonner,CON,F-G,40,1271,39,212,511,0.415,58,197,0.294,154,314,0.49,119,143,0.832,22,238,80,47,27,56,70,601
10,2024,Aliyah Boston,IND,C-F,40,1236,40,236,446,0.529,7,26,0.269,229,420,0.545,81,110,0.736,111,355,126,35,49,79,130,560
11,2024,Cameron Brink,LAS,F,15,329,15,41,103,0.398,10,31,0.323,31,72,0.431,21,25,0.84,18,80,25,16,35,34,60,113
12,2024,Jaelyn Brown,DAL,G-F,14,141,1,15,31,0.484,6,12,0.5,9,19,0.474,1,3,0.333,7,21,6,4,4,12,16,37
13,2024,Jakia Brown-Turner,WAS,G,2,8,0,0,1,0.0,0,0,,0,1,0.0,2,2,1.0,0,1,0,1,0,0,0,2
14,2024,Kalani Brown,DAL,C,39,516,2,92,158,0.582,0,3,0.0,92,155,0.594,39,59,0.661,43,119,41,7,22,48,63,223
15,2024,Lexie Brown,LAS,G,16,379,8,42,131,0.321,21,69,0.304,21,62,0.339,24,27,0.889,1,37,53,17,2,31,22,129
16,2024,Kennedy Burke,NYL,G-F,38,459,3,54,132,0.409,15,58,0.259,39,74,0.527,8,12,0.667,14,58,33,24,11,27,37,131
17,2024,Rae Burrell,LAS,G-F,37,579,7,59,163,0.362,24,72,0.333,35,91,0.385,78,100,0.78,21,68,42,29,11,37,59,220
18,2024,Veronica Burton,CON,G,31,393,1,26,72,0.361,13,37,0.351,13,35,0.371,31,37,0.838,13,44,58,14,7,15,32,96
19,2024,Maya Caldwell,ATL,G,25,405,6,52,125,0.416,15,50,0.3,37,75,0.493,12,15,0.8,20,45,27,15,5,23,30,131
20,2024,Jordin Canada,ATL,G,20,624,18,69,177,0.39,16,57,0.281,53,120,0.442,57,73,0.781,12,69,116,32,5,42,52,211
21,2024,Emma Cannon,LVA,F,5,9,0,2,3,0.667,0,1,0.0,2,2,1.0,0,0,,0,2,1,0,0,1,0,4
22,2024,Kamilla Cardoso,CHI,C,32,876,29,126,242,0.521,0,0,,126,242,0.521,61,84,0.726,96,254,54,17,46,49,101,313
23,2024,Bridget Carleton,MIN,F,39,1164,36,126,284,0.444,91,205,0.444,35,79,0.443,30,38,0.789,37,147,87,39,12,40,80,373
24,2024,DiJonai Carrington,CON,G-F,39,1155,39,173,429,0.403,26,104,0.25,147,325,0.452,124,157,0.79,53,196,61,61,17,74,100,496
25,2024,Chennedy Carter,CHI,G,33,858,20,238,489,0.487,9,31,0.29,229,458,0.5,92,126,0.73,22,117,102,36,6,55,105,577
26,2024,Jessika Carter,LVA,C,2,4,0,0,1,0.0,0,0,,0,1,0.0,0,2,0.0,0,0,0,0,0,0,0,0
27,2024,Tina Charles,ATL,C,39,1160,39,243,533,0.456,11,42,0.262,232,491,0.473,84,107,0.785,97,374,89,36,20,61,96,581
28,2024,Layshia Clarendon,LAS,G,21,335,12,32,75,0.427,7,20,0.35,25,55,0.455,20,23,0.87,6,38,54,15,1,25,44,91
29,2024,Alysha Clark,LVA,F,40,972,18,85,192,0.443,47,126,0.373,38,66,0.576,23,28,0.821,21,145,70,33,11,55,107,240
30,2024,Caitlin Clark,IND,G,40,1416,40,242,580,0.417,122,355,0.344,120,225,0.533,163,180,0.906,14,227,337,53,27,223,111,769
31,2024,Natasha Cloud,PHO,G,38,1265,38,152,383,0.397,44,143,0.308,108,240,0.45,90,109,0.826,18,154,263,54,23,115,102,438
32,2024,Nia Coffey,ATL,F,40,534,11,48,148,0.324,18,66,0.273,30,82,0.366,16,21,0.762,19,95,46,12,26,40,48,130
33,2024,Napheesa Collier,MIN,F,34,1181,34,268,545,0.492,31,100,0.31,237,445,0.533,127,158,0.804,76,330,115,65,48,70,87,694
34,2024,Sydney Colson,LVA,G,31,248,1,27,64,0.422,14,37,0.378,13,27,0.481,8,9,0.889,1,14,30,15,5,14,23,76
35,2024,Zia Cooke,LAS,G,29,257,0,36,112,0.321,11,37,0.297,25,75,0.333,20,29,0.69,3,18,17,9,3,21,22,103
36,2024,Kahleah Copper,PHO,G-F,37,1197,37,273,628,0.435,69,220,0.314,204,408,0.5,167,207,0.807,24,168,84,29,3,110,121,782
37,2024,Lorela Cubaj,ATL,F-C,28,221,1,15,35,0.429,0,0,,15,35,0.429,3,5,0.6,19,41,15,9,2,12,33,33
38,2024,Sophie Cunningham,PHO,G,40,1109,21,103,240,0.429,68,180,0.378,35,60,0.583,60,69,0.87,16,157,79,41,10,38,91,334
39,2024,Damiris Dantas,IND,C-F,20,210,0,34,74,0.459,13,33,0.394,21,41,0.512,8,12,0.667,4,43,12,5,5,12,20,89
40,2024,Kaela Davis,CHI,F,4,52,0,4,12,0.333,2,2,1.0,2,10,0.2,2,4,0.5,1,4,1,1,2,4,5,12
41,2024,Marquesha Davis,NYL,G,20,80,0,9,22,0.409,1,1,1.0,8,21,0.381,5,7,0.714,2,10,4,1,4,3,11,24
42,2024,Diamond DeShields,CHI,G,32,441,10,56,161,0.348,9,52,0.173,47,109,0.431,22,36,0.611,7,46,43,20,8,29,52,143
43,2024,Skylar Diggins,SEA,G,40,1262,40,218,510,0.427,39,134,0.291,179,376,0.476,130,150,0.867,28,105,257,68,36,110,112,605
44,2024,Liz Dixon,PHO,F,17,160,0,11,29,0.379,0,0,,11,29,0.379,8,10,0.8,14,41,9,1,9,8,13,30
45,2024,Ivana Dojkić,NYL,G,26,257,0,25,74,0.338,16,42,0.381,9,32,0.281,21,27,0.778,9,22,20,9,1,14,26,87
46,2024,Stefanie Dolson,WAS,C,39,1013,39,133,280,0.475,72,155,0.465,61,125,0.488,33,42,0.786,33,193,102,21,18,68,114,371
47,2024,Aaliyah Edwards,WAS,F,34,741,17,103,210,0.49,0,7,0.0,103,203,0.507,52,80,0.65,48,191,48,25,27,50,91,258
48,2024,Emily Engstler,WAS,F,32,464,3,76,154,0.494,27,57,0.474,49,97,0.505,18,22,0.818,44,128,47,19,24,22,49,197
49,2024,Olivia Époupa,MIN,G,17,114,0,6,16,0.375,0,0,,6,16,0.375,2,2,1.0,6,19,26,14,0,15,13,14
50,2024,Dana Evans,CHI,G,39,743,12,95,252,0.377,41,109,0.376,54,143,0.378,48,50,0.96,5,43,94,26,5,53,48,279
51,2024,Temi Fagbenle,IND,C,22,415,2,58,114,0.509,2,12,0.167,56,102,0.549,22,28,0.786,31,104,20,11,15,27,66,140
52,2024,Dyaisha Fair,LVA,G,1,4,0,0,2,0.0,0,1,0.0,0,1,0.0,0,0,,0,0,2,0,0,0,0,0
53,2024,Dulcy Fankam Mendjiadeu,SEA,F-C,7,36,0,2,3,0.667,0,0,,2,3,0.667,2,6,0.333,4,9,1,0,0,3,5,6
54,2024,Leonie Fiebich,NYL,F,40,837,15,97,203,0.478,55,127,0.433,42,76,0.553,18,25,0.72,39,121,70,38,7,41,88,267
55,2024,Kysre Gondrezick,CHI,G,5,16,0,2,7,0.286,1,6,0.167,1,1,1.0,0,0,,1,2,2,4,0,3,2,5
56,2024,Allisha Gray,ATL,G,40,1327,40,205,509,0.403,69,202,0.342,136,307,0.443,143,186,0.769,44,175,107,42,29,67,94,622
57,2024,Chelsea Gray,LVA,G,27,702,25,84,206,0.408,26,77,0.338,58,129,0.45,39,48,0.813,5,79,132,34,19,64,37,233
58,2024,Brittney Griner,PHO,C,30,861,30,219,378,0.579,9,18,0.5,210,360,0.583,87,112,0.777,54,197,69,16,46,53,57,534
59,2024,Megan Gustafson,LVA,C,38,405,7,53,106,0.5,22,57,0.386,31,49,0.633,13,17,0.765,23,73,9,13,5,14,59,141
60,2024,Dearica Hamby,LAS,F,40,1346,40,268,523,0.512,30,88,0.341,238,435,0.547,125,198,0.631,61,368,139,68,8,118,110,691
61,2024,Isabelle Harrison,CHI,F,36,587,5,95,238,0.399,3,18,0.167,92,220,0.418,41,50,0.82,38,141,27,20,12,39,47,234
62,2024,Mikiah Herbert Harrigan,PHO,F,31,336,3,35,86,0.407,17,53,0.321,18,33,0.545,11,20,0.55,15,45,9,16,11,15,28,98
63,2024,Tyasha Harris,CON,G,39,1125,38,145,341,0.425,60,152,0.395,85,189,0.45,59,77,0.766,10,69,118,40,13,54,66,409
64,2024,Tiffany Hayes,LVA,G,33,708,5,110,220,0.5,33,82,0.402,77,138,0.558,60,84,0.714,27,92,69,25,9,28,68,313
65,2024,Destanni Henderson,ATL,G,6,105,0,10,29,0.345,1,10,0.1,9,19,0.474,3,7,0.429,0,12,15,2,1,10,5,24
66,2024,Natisha Hiedeman,MIN,G,40,607,0,73,192,0.38,23,82,0.28,50,110,0.455,25,34,0.735,15,62,95,32,6,44,49,194
67,2024,Naz Hillmon,ATL,F,40,868,19,90,163,0.552,1,3,0.333,89,160,0.556,48,63,0.762,64,193,52,28,11,38,54,229
68,2024,Joyner Holmes,SEA,F,27,231,0,33,78,0.423,6,31,0.194,27,47,0.574,7,11,0.636,14,49,25,6,6,21,28,79
69,2024,Jordan Horston,SEA,F,39,871,14,111,225,0.493,13,52,0.25,98,173,0.566,31,43,0.721,47,168,69,50,26,66,73,266
70,2024,Natasha Howard,DAL,F,27,825,26,187,410,0.456,11,55,0.2,176,355,0.496,89,124,0.718,53,182,78,34,21,76,85,474
71,2024,Rhyne Howard,ATL,G,30,1018,29,167,450,0.371,80,243,0.329,87,207,0.42,105,134,0.784,25,131,94,54,19,51,63,519
72,2024,Lexie Hull,IND,G,34,671,11,60,136,0.441,33,70,0.471,27,66,0.409,33,41,0.805,33,84,36,22,11,29,85,186
73,2024,Sabrina Ionescu,NYL,G,38,1221,38,239,606,0.394,107,321,0.333,132,285,0.463,106,118,0.898,28,169,235,38,13,104,46,691
74,2024,Rickea Jackson,LAS,F,40,1152,35,200,439,0.456,43,124,0.347,157,315,0.498,92,114,0.807,51,155,59,27,14,76,70,535
75,2024,Brionna Jones,CON,F,40,1087,40,220,409,0.538,2,14,0.143,218,395,0.552,107,145,0.738,86,221,60,46,23,51,106,549
76,2024,Haley Jones,ATL,F-G,40,712,24,58,146,0.397,6,28,0.214,52,118,0.441,33,47,0.702,10,88,84,14,11,68,80,155
77,2024,Jonquel Jones,NYL,C,39,1164,39,206,383,0.538,59,152,0.388,147,231,0.636,82,104,0.788,67,350,126,30,50,92,113,553
78,2024,Dorka Juhász,MIN,F,34,547,7,69,144,0.479,11,34,0.324,58,110,0.527,13,20,0.65,32,129,36,15,13,21,39,162
79,2024,Ezinne Kalu,ATL,G,1,13,0,1,3,0.333,0,1,0.0,1,2,0.5,1,1,1.0,0,1,0,1,0,0,4,3
80,2024,Betnijah Laney-Hamilton,NYL,G-F,28,848,25,120,263,0.456,41,102,0.402,79,161,0.491,48,53,0.906,30,118,93,32,1,66,60,329
81,2024,Lou Lopez Sénéchal,DAL,G,27,125,0,10,34,0.294,3,15,0.2,7,19,0.368,2,4,0.5,3,11,10,3,0,6,13,25
82,2024,Jewell Loyd,SEA,G,37,1246,37,224,622,0.36,59,215,0.274,165,407,0.405,222,252,0.881,26,166,135,52,8,85,67,729
83,2024,Natasha Mack,PHO,F-C,40,619,11,71,124,0.573,0,3,0.0,71,121,0.587,11,19,0.579,60,199,44,27,47,28,56,153
84,2024,Ezi Magbegor,SEA,F-C,37,1135,37,172,336,0.512,13,53,0.245,159,283,0.562,76,87,0.874,83,296,74,40,82,53,117,433
85,2024,Kate Martin,LVA,G,34,392,2,27,88,0.307,22,62,0.355,5,26,0.192,11,12,0.917,6,54,30,7,8,21,29,87
86,2024,Kayla McBride,MIN,G,39,1237,39,174,414,0.42,105,258,0.407,69,156,0.442,133,149,0.893,14,100,126,49,2,79,48,586
87,2024,Teaira McCowan,DAL,C,39,983,38,184,323,0.57,1,4,0.25,183,319,0.574,89,124,0.718,112,314,61,34,34,77,117,458
88,2024,Aari McDonald,LAS,G,26,568,10,77,191,0.403,29,91,0.319,48,100,0.48,43,51,0.843,12,52,96,23,6,48,52,226
89,2024,Jade Melbourne,WAS,G,37,525,0,72,166,0.434,20,56,0.357,52,110,0.473,35,49,0.714,13,55,59,24,5,62,54,199
90,2024,Diamond Miller,MIN,F,21,213,4,21,69,0.304,5,26,0.192,16,43,0.372,14,24,0.583,9,37,13,7,1,19,23,61
91,2024,Kelsey Mitchell,IND,G,40,1280,38,282,602,0.468,109,271,0.402,173,331,0.523,94,113,0.832,27,99,71,27,7,64,63,767
92,2024,Tiffany Mitchell,CON,G,24,392,0,38,109,0.349,6,24,0.25,32,85,0.376,36,46,0.783,11,37,19,11,1,15,29,118
93,2024,Nika Mühl,SEA,G,16,57,0,1,14,0.071,0,11,0.0,1,3,0.333,0,0,,6,10,7,2,0,4,9,2
94,2024,Astou Ndour-Fall,CON,C-F,22,92,0,9,26,0.346,2,10,0.2,7,16,0.438,5,6,0.833,2,18,1,1,4,3,10,25
95,2024,Olivia Nelson-Ododa,CON,C,37,437,0,49,99,0.495,0,0,,49,99,0.495,27,41,0.659,30,93,8,14,21,29,63,125
96,2024,Kia Nurse,LAS,G,40,810,27,102,263,0.388,53,160,0.331,49,103,0.476,46,58,0.793,17,64,53,19,1,49,72,303
97,2024,Arike Ogunbowale,DAL,G,38,1465,38,279,729,0.383,112,324,0.346,167,405,0.412,175,190,0.921,29,173,195,81,11,103,107,845
98,2024,Nneka Ogwumike,SEA,F,37,1177,37,252,493,0.511,30,74,0.405,222,419,0.53,85,97,0.876,69,280,86,69,20,49,84,619
99,2024,Michaela Onyenwere,CHI,F,34,636,18,88,212,0.415,25,68,0.368,63,144,0.438,25,41,0.61,19,62,33,19,12,43,68,226
100,2024,Charisma Osborne,PHO,G,2,10,0,1,2,0.5,0,0,,1,2,0.5,0,0,,0,1,1,0,0,2,1,2
101,2024,Cheyenne Parker-Tyus,ATL,F,25,492,11,83,187,0.444,3,14,0.214,80,173,0.462,62,70,0.886,31,121,37,21,9,52,60,231
102,2024,Alissa Pili,MIN,F,22,138,0,19,45,0.422,9,27,0.333,10,18,0.556,6,11,0.545,6,27,5,5,2,19,29,53
103,2024,Kelsey Plum,LVA,G,38,1291,38,232,549,0.423,110,299,0.368,122,250,0.488,103,119,0.866,10,98,159,27,1,93,104,677
104,2024,Aerial Powers,ATL,G,17,304,2,49,138,0.355,14,36,0.389,35,102,0.343,34,43,0.791,15,56,24,16,4,18,35,146
105,2024,Angel Reese,CHI,F,34,1104,34,164,419,0.391,3,16,0.188,161,403,0.4,131,178,0.736,172,446,63,44,16,75,119,462
106,2024,DiDi Richards,WAS,G-F,19,198,7,20,50,0.4,0,4,0.0,20,46,0.435,6,14,0.429,10,29,13,2,4,7,15,46
107,2024,Mercedes Russell,SEA,C,37,583,6,62,120,0.517,0,0,,62,120,0.517,21,33,0.636,26,110,30,22,9,26,43,145
108,2024,Nyara Sabally,NYL,F,26,352,0,50,87,0.575,0,2,0.0,50,85,0.588,28,40,0.7,34,105,15,23,19,13,41,128
109,2024,Satou Sabally,DAL,F,15,512,15,89,209,0.426,38,84,0.452,51,125,0.408,53,68,0.779,18,96,75,19,8,37,48,269
110,2024,Karlie Samuelson,WAS,G,29,711,19,79,193,0.409,49,123,0.398,30,70,0.429,36,39,0.923,15,74,62,27,1,25,48,243
111,2024,Katie Lou Samuelson,IND,G,37,674,15,51,146,0.349,33,100,0.33,18,46,0.391,24,25,0.96,17,85,51,12,9,18,53,159
112,2024,Victaria Saxton,IND,F,9,23,0,3,9,0.333,1,4,0.25,2,5,0.4,1,2,0.5,0,3,0,0,0,1,4,8
113,2024,Jacy Sheldon,DAL,G,40,931,26,81,210,0.386,30,97,0.309,51,113,0.451,25,27,0.926,27,82,99,23,12,63,101,217
114,2024,Jaylyn Sherrod,NYL,G,10,37,0,7,14,0.5,2,6,0.333,5,8,0.625,3,6,0.5,2,3,5,3,1,2,4,19
115,2024,Maddy Siegrist,DAL,F,27,644,13,106,210,0.505,10,37,0.27,96,173,0.555,33,43,0.767,43,90,27,10,10,15,33,255
116,2024,Alanna Smith,MIN,F,39,1035,39,147,312,0.471,47,118,0.398,100,194,0.515,54,72,0.75,61,219,124,53,57,76,119,395
117,2024,NaLyssa Smith,IND,F,40,990,37,168,350,0.48,14,48,0.292,154,302,0.51,72,127,0.567,72,285,41,30,39,52,107,422
118,2024,Stephanie Soares,DAL,C,22,175,3,10,34,0.294,2,12,0.167,8,22,0.364,2,2,1.0,18,47,10,2,8,12,18,24
119,2024,Taylor Soule,MIN,F,2,3,0,0,0,,0,0,,0,0,,0,0,,0,1,0,0,0,1,0,0
120,2024,Azura Stevens,LAS,F-C,20,493,19,71,178,0.399,28,80,0.35,43,98,0.439,22,27,0.815,20,140,38,17,18,36,39,192
121,2024,Breanna Stewart,NYL,F,38,1243,38,265,578,0.458,46,156,0.295,219,422,0.519,201,238,0.845,61,323,134,64,48,65,80,777
122,2024,Kiah Stokes,LVA,C,39,716,29,20,62,0.323,9,40,0.225,11,22,0.5,6,9,0.667,23,184,28,21,33,15,68,55
123,2024,Brittney Sykes,WAS,G,18,419,18,81,200,0.405,16,59,0.271,65,141,0.461,42,56,0.75,11,73,55,16,7,40,26,220
124,2024,Stephanie Talbot,LAS,F,37,600,10,49,124,0.395,13,50,0.26,36,74,0.486,20,29,0.69,21,101,76,19,17,37,51,131
125,2024,Diana Taurasi,PHO,G,36,1044,36,172,430,0.4,86,258,0.333,86,172,0.5,108,126,0.857,13,137,122,22,10,68,92,538
126,2024,Alyssa Thomas,CON,F,40,1296,40,166,326,0.509,0,4,0.0,166,322,0.516,91,145,0.628,98,337,317,62,18,145,84,423
127,2024,Kayla Thornton,NYL,F,40,809,11,77,203,0.379,45,126,0.357,32,77,0.416,22,26,0.846,39,103,27,29,9,23,56,221
128,2024,Brianna Turner,CHI,F-C,27,253,2,16,26,0.615,0,0,,16,26,0.615,1,2,0.5,11,53,10,9,13,12,28,33
129,2024,Sevgi Uzun,DAL,G,40,820,19,68,199,0.342,20,84,0.238,48,115,0.417,19,23,0.826,9,65,119,37,11,73,60,175
130,2024,Courtney Vandersloot,NYL,G,31,691,31,81,182,0.445,18,67,0.269,63,115,0.548,17,31,0.548,13,81,149,25,15,56,53,197
131,2024,Julie Vanloo,WAS,G,40,926,34,106,306,0.346,72,222,0.324,34,84,0.405,10,15,0.667,5,65,173,19,1,102,86,294
132,2024,Victoria Vivians,SEA,G-F,35,445,15,41,123,0.333,22,69,0.319,19,54,0.352,6,9,0.667,19,69,29,13,7,20,42,110
133,2024,Shatori Walker-Kimbrough,WAS,G,40,883,2,105,253,0.415,35,106,0.33,70,147,0.476,54,67,0.806,13,69,75,42,18,54,40,299
134,2024,Kristy Wallace,IND,G,26,447,15,47,117,0.402,17,58,0.293,30,59,0.508,12,18,0.667,11,48,45,18,6,17,29,123
135,2024,Erica Wheeler,IND,G,39,546,2,58,141,0.411,15,52,0.288,43,89,0.483,11,13,0.846,7,53,69,17,4,35,45,142
136,2024,Sami Whitcomb,SEA,G,40,611,3,72,208,0.346,47,161,0.292,25,47,0.532,9,11,0.818,15,74,64,30,9,40,56,200
137,2024,Courtney Williams,MIN,G,40,1061,40,194,438,0.443,23,69,0.333,171,369,0.463,34,42,0.81,14,186,221,36,16,98,77,445
138,2024,Elizabeth Williams,CHI,C-F,9,249,9,37,76,0.487,0,0,,37,76,0.487,16,24,0.667,25,63,14,15,15,15,19,90
139,2024,Gabby Williams,SEA,F,12,351,11,50,104,0.481,10,31,0.323,40,73,0.548,14,19,0.737,9,48,44,20,3,17,21,124
140,2024,Kiana Williams,SEA,G,13,45,0,4,16,0.25,3,9,0.333,1,7,0.143,0,0,,0,2,5,0,0,2,3,11
141,2024,A'ja Wilson,LVA,C,38,1308,38,385,743,0.518,19,60,0.317,366,683,0.536,232,275,0.844,79,451,88,68,98,48,67,1021
142,2024,Jackie Young,LVA,G,37,1205,37,201,467,0.43,70,208,0.337,131,259,0.506,111,128,0.867,26,161,197,37,8,78,92,583
143,2024,Li Yueru,LAS,C,38,546,2,68,147,0.463,4,15,0.267,64,132,0.485,53,59,0.898,55,140,22,12,9,33,80,193
144,2024,Cecilia Zandalasini,MIN,F,40,487,0,67,148,0.453,31,70,0.443,36,78,0.462,18,29,0.621,5,46,43,15,9,31,55,183
145,2024,Rachel Banham,TOT,G,37,586,9,71,202,0.351,52,142,0.366,19,60,0.317,16,20,0.8,7,53,40,14,7,20,58,210
146,2024,Morgan Bertsch,TOT,F,11,100,0,6,30,0.2,2,15,0.133,4,15,0.267,8,10,0.8,8,17,2,1,1,13,14,22
147,2024,Monique Billings,TOT,F,37,843,14,107,230,0.465,3,14,0.214,104,216,0.481,57,71,0.803,65,213,53,27,19,65,84,274
148,2024,Crystal Dangerfield,TOT,G,33,441,5,37,131,0.282,17,62,0.274,20,69,0.29,15,17,0.882,2,34,62,11,6,26,25,106
149,2024,Queen Egbo,TOT,F-C,8,29,0,5,12,0.417,0,0,,5,12,0.417,2,2,1.0,3,10,0,3,1,0,4,12
150,2024,Myisha Hines-Allen,TOT,F,40,746,11,120,244,0.492,18,50,0.36,102,194,0.526,55,66,0.833,42,187,102,26,4,56,81,313
151,2024,Moriah Jefferson,TOT,G,23,185,0,9,42,0.214,4,19,0.211,5,23,0.217,9,10,0.9,3,9,30,8,0,8,17,31
152,2024,Sika Koné,TOT,F,27,217,0,36,84,0.429,4,7,0.571,32,77,0.416,31,36,0.861,14,55,12,6,2,14,25,107
153,2024,Marina Mabrey,TOT,G,40,1235,27,214,518,0.413,98,260,0.377,116,258,0.45,49,69,0.71,22,174,163,45,17,94,104,575
154,2024,Odyssey Sims,TOT,G,24,700,17,117,242,0.483,20,58,0.345,97,184,0.527,48,63,0.762,17,51,127,28,5,52,36,302
155,2024,Sug Sutton,TOT,G,29,379,0,24,79,0.304,10,41,0.244,14,38,0.368,9,13,0.692,6,28,62,16,1,34,26,67
156,2024,Celeste Taylor,TOT,G,22,328,4,21,62,0.339,6,30,0.2,15,32,0.469,10,18,0.556,6,28,28,15,10,22,22,58
0,2025,Monique Akoa Makani,PHO,G,41,881,40,114,265,0.43,49,123,0.398,65,142,0.458,38,41,0.927,25,91,111,32,3,55,101,315
1,2025,Julie Allemand,LAS,G,34,963,27,70,159,0.44,28,101,0.277,42,58,0.724,15,19,0.789,13,127,170,45,1,53,55,183
2,2025,Lindsay Allen,CON,G,31,450,9,26,65,0.4,3,18,0.167,23,47,0.489,19,23,0.826,9,32,61,10,6,31,37,74
3,2025,Rebecca Allen,CHI,F-G,44,821,17,82,240,0.342,42,132,0.318,40,108,0.37,19,31,0.613,16,113,57,23,23,39,62,225
4,2025,Laeticia Amihere,GSV,F,29,385,0,52,114,0.456,3,21,0.143,49,93,0.527,49,63,0.778,35,125,27,17,13,32,36,156
5,2025,Yvonne Anderson,MIN,G,1,12,0,0,3,0.0,0,1,0.0,0,2,0.0,0,0,,0,1,2,2,0,0,3,0
6,2025,Ariel Atkins,CHI,G,34,970,34,162,365,0.444,43,119,0.361,119,246,0.484,80,93,0.86,23,114,122,53,24,84,102,447
7,2025,Shakira Austin,WAS,C,38,874,30,191,411,0.465,2,15,0.133,189,396,0.477,97,146,0.664,57,242,68,41,43,92,81,481
8,2025,Marième Badiane,MIN,C,3,11,0,0,3,0.0,0,1,0.0,0,2,0.0,0,0,,1,1,0,2,0,2,6,0
9,2025,Rachel Banham,CHI,G,44,1081,33,129,338,0.382,86,241,0.357,43,97,0.443,52,59,0.881,6,74,119,26,11,71,84,396
10,2025,Sarah Ashlee Barker,LAS,G,34,481,8,35,104,0.337,18,61,0.295,17,43,0.395,17,24,0.708,10,66,31,11,4,37,45,105
11,2025,Kierstan Bell,LVA,F,35,427,16,52,154,0.338,30,103,0.291,22,51,0.431,12,15,0.8,20,62,23,14,11,17,30,146
12,2025,Monique Billings,GSV,F,26,474,8,72,151,0.477,10,36,0.278,62,115,0.539,36,53,0.679,37,116,14,16,21,21,44,190
13,2025,Aliyah Boston,IND,C-F,44,1327,44,271,504,0.538,6,29,0.207,265,475,0.558,112,147,0.762,107,361,163,52,41,81,136,660
14,2025,Crystal Bradford,LVA,F,4,24,0,2,6,0.333,0,2,0.0,2,4,0.5,0,0,,2,5,1,2,0,1,3,4
15,2025,Cameron Brink,LAS,F,19,244,0,35,82,0.427,10,34,0.294,25,48,0.521,16,21,0.762,26,82,9,10,26,25,48,96
16,2025,Jaelyn Brown,CON,G-F,10,131,0,14,37,0.378,8,18,0.444,6,19,0.316,1,2,0.5,4,12,1,5,2,5,17,37
17,2025,Kalani Brown,PHO,C,29,370,1,59,96,0.615,3,8,0.375,56,88,0.636,27,35,0.771,36,117,16,7,18,23,46,148
18,2025,Lexie Brown,SEA,G,24,227,0,17,48,0.354,10,37,0.27,7,11,0.636,7,10,0.7,2,17,23,9,1,6,20,51
19,2025,Paige Bueckers,DAL,G,36,1199,36,259,543,0.477,39,118,0.331,220,425,0.518,135,152,0.888,25,142,194,57,18,72,82,692
20,2025,Kennedy Burke,NYL,G-F,36,779,9,102,218,0.468,46,111,0.414,56,107,0.523,41,54,0.759,21,85,45,28,16,34,47,291
21,2025,Rae Burrell,LAS,G-F,28,515,1,77,178,0.433,22,67,0.328,55,111,0.495,35,47,0.745,18,65,34,16,6,25,36,211
22,2025,Veronica Burton,GSV,G,44,1292,44,149,385,0.387,61,177,0.345,88,208,0.423,166,189,0.878,50,192,265,50,27,94,103,525
23,2025,Maya Caldwell,ATL,G,41,760,16,83,195,0.426,39,110,0.355,44,85,0.518,16,20,0.8,33,127,74,37,7,40,65,221
24,2025,Jordin Canada,ATL,G,28,783,26,108,273,0.396,25,86,0.291,83,187,0.444,73,96,0.76,8,91,159,48,9,62,46,314
25,2025,Emma Cannon,LAS,F,21,213,0,32,63,0.508,14,36,0.389,18,27,0.667,15,23,0.652,11,38,8,10,1,16,36,93
26,2025,Kamilla Cardoso,CHI,C,40,1102,39,223,422,0.528,1,2,0.5,222,420,0.529,96,133,0.722,118,341,98,14,47,97,113,543
27,2025,Bridget Carleton,MIN,F,44,1227,44,102,254,0.402,63,169,0.373,39,85,0.459,18,25,0.72,39,158,89,37,12,33,83,285
28,2025,Tina Charles,CON,C,43,1222,42,260,593,0.438,12,46,0.261,248,547,0.453,168,196,0.857,62,248,74,33,19,82,89,700
29,2025,Kaitlyn Chen,GSV,G,24,247,0,19,50,0.38,5,15,0.333,14,35,0.4,5,7,0.714,5,22,24,5,0,18,16,48
30,2025,Sonia Citron,WAS,G,44,1415,44,223,474,0.47,81,182,0.445,142,292,0.486,130,149,0.872,29,174,104,55,17,91,94,657
31,2025,Caitlin Clark,IND,G,13,404,13,72,196,0.367,29,104,0.279,43,92,0.467,41,50,0.82,1,65,115,21,7,66,35,214
32,2025,Natasha Cloud,NYL,G,41,1191,41,151,349,0.433,52,154,0.338,99,195,0.508,60,69,0.87,14,151,211,49,14,77,119,414
33,2025,Nia Coffey,ATL,F,44,455,2,55,147,0.374,24,82,0.293,31,65,0.477,36,50,0.72,26,114,46,10,18,30,47,170
34,2025,Napheesa Collier,MIN,F,33,1065,33,275,518,0.531,50,124,0.403,225,394,0.571,155,171,0.906,62,241,105,54,50,70,78,755
35,2025,Sydney Colson,IND,G,30,404,6,26,76,0.342,13,47,0.277,13,29,0.448,6,7,0.857,7,25,60,15,6,35,34,71
36,2025,Zia Cooke,SEA,G,26,261,0,30,84,0.357,15,38,0.395,15,46,0.326,15,23,0.652,6,14,14,10,1,22,26,90
37,2025,Kahleah Copper,PHO,G-F,28,752,28,153,361,0.424,57,151,0.377,96,210,0.457,75,88,0.852,11,81,43,30,5,62,73,438
38,2025,Sophie Cunningham,IND,G,30,756,13,82,175,0.469,51,118,0.432,31,57,0.544,42,48,0.875,15,105,36,29,3,34,65,257
39,2025,Damiris Dantas,IND,C-F,38,439,0,63,181,0.348,25,95,0.263,38,86,0.442,24,28,0.857,28,91,25,6,3,29,57,175
40,2025,Kariata Diaby,CON,C,13,103,0,7,14,0.5,0,0,,7,14,0.5,11,14,0.786,3,13,5,6,1,12,19,25
41,2025,Skylar Diggins,SEA,G,43,1343,43,228,539,0.423,62,170,0.365,166,369,0.45,149,189,0.788,27,108,258,52,35,91,101,667
42,2025,Stefanie Dolson,WAS,C,43,653,14,60,142,0.423,27,75,0.36,33,67,0.493,14,20,0.7,16,97,59,12,14,29,97,161
43,2025,Emily Engstler,WAS,F,40,512,0,53,134,0.396,16,63,0.254,37,71,0.521,24,36,0.667,37,130,58,28,27,38,52,146
44,2025,Dana Evans,LVA,G,44,777,1,107,275,0.389,37,101,0.366,70,174,0.402,40,53,0.755,8,47,96,17,5,37,57,291
45,2025,Temi Fagbenle,GSV,C,39,925,38,125,249,0.502,12,62,0.194,113,187,0.604,26,36,0.722,70,190,61,35,23,58,119,288
46,2025,Sania Feagin,LAS,F,16,77,0,10,28,0.357,0,4,0.0,10,24,0.417,0,2,0.0,3,11,4,0,6,7,16,20
47,2025,Leonie Fiebich,NYL,F,37,1041,37,108,221,0.489,51,120,0.425,57,101,0.564,54,62,0.871,23,131,64,34,14,45,90,321
48,2025,Rebekah Gardner,NYL,G,41,502,5,55,110,0.5,20,42,0.476,35,68,0.515,22,27,0.815,27,74,25,25,7,23,63,152
49,2025,Luisa Geiselsöder,DAL,C,28,628,24,76,179,0.425,31,94,0.33,45,85,0.529,9,11,0.818,24,133,44,22,19,28,67,192
50,2025,Allisha Gray,ATL,G,42,1451,42,246,546,0.451,98,255,0.384,148,291,0.509,183,229,0.799,36,223,147,45,15,74,109,773
51,2025,Chelsea Gray,LVA,G,44,1368,44,169,385,0.439,63,171,0.368,106,214,0.495,92,104,0.885,25,173,239,62,28,125,89,493
52,2025,Brittney Griner,ATL,C,39,810,25,156,301,0.518,5,19,0.263,151,282,0.535,65,85,0.765,36,203,33,5,47,59,75,382
53,2025,Megan Gustafson,LVA,C,20,226,1,20,57,0.351,13,39,0.333,7,18,0.389,7,15,0.467,8,36,5,3,6,6,42,60
54,2025,Dearica Hamby,LAS,F,44,1374,44,324,566,0.572,15,54,0.278,309,512,0.604,148,236,0.627,113,349,144,69,21,117,119,811
55,2025,Isabelle Harrison,NYL,F,34,360,1,65,134,0.485,4,15,0.267,61,119,0.513,33,43,0.767,29,89,24,20,2,23,44,167
56,2025,Tyasha Harris,DAL,G,5,82,0,8,18,0.444,5,11,0.455,3,7,0.429,2,2,1.0,1,5,13,2,2,3,5,23
57,2025,Bria Hartley,CON,G,38,867,32,106,293,0.362,54,147,0.367,52,146,0.356,71,92,0.772,11,75,117,29,0,69,95,337
58,2025,Tiffany Hayes,GSV,G,26,700,24,99,237,0.418,41,101,0.406,58,136,0.426,64,80,0.8,18,100,77,14,4,49,58,303
59,2025,Lexi Held,PHO,G,32,471,0,62,164,0.378,28,91,0.308,34,73,0.466,18,22,0.818,11,34,35,23,5,28,38,170
60,2025,Natisha Hiedeman,MIN,G,44,833,0,151,307,0.492,46,124,0.371,105,183,0.574,51,67,0.761,11,82,123,32,9,54,71,399
61,2025,Naz Hillmon,ATL,F,44,1122,17,139,300,0.463,53,165,0.321,86,135,0.637,49,59,0.831,69,271,105,21,19,50,74,380
62,2025,Myisha Hines-Allen,DAL,F,40,882,20,112,249,0.45,16,60,0.267,96,189,0.508,62,83,0.747,58,240,116,32,18,87,101,302
63,2025,Joyner Holmes,LVA,F,6,29,0,3,12,0.25,1,5,0.2,2,7,0.286,0,0,,2,6,0,0,0,2,5,7
64,2025,Mackenzie Holmes,SEA,F,10,58,0,5,7,0.714,0,0,,5,7,0.714,0,0,,3,9,2,5,1,0,7,10
65,2025,Natasha Howard,IND,F,44,1060,44,200,362,0.552,6,33,0.182,194,329,0.59,94,132,0.712,86,290,66,52,25,85,119,500
66,2025,Rhyne Howard,ATL,G,33,1151,32,187,499,0.375,102,317,0.322,85,182,0.467,101,118,0.856,31,148,153,51,27,55,96,577
67,2025,Lexie Hull,IND,G,44,1189,30,118,299,0.395,55,150,0.367,63,149,0.423,26,36,0.722,62,190,79,51,7,41,121,317
68,2025,Sabrina Ionescu,NYL,G,38,1194,38,230,573,0.401,81,271,0.299,149,302,0.493,152,163,0.933,30,185,216,48,16,100,63,693
69,2025,Kiki Iriafen,WAS,F,44,1185,44,222,455,0.488,2,11,0.182,220,444,0.495,138,176,0.784,114,376,69,26,7,96,126,584
70,2025,Rickea Jackson,LAS,F,38,1173,37,205,483,0.424,65,187,0.348,140,296,0.473,83,98,0.847,38,122,64,23,14,78,71,558
71,2025,Aziaha James,DAL,G,38,673,8,106,284,0.373,32,112,0.286,74,172,0.43,41,55,0.745,36,111,59,24,7,38,46,285
72,2025,Moriah Jefferson,CHI,G,5,35,1,3,8,0.375,1,3,0.333,2,5,0.4,0,0,,0,5,9,0,0,2,3,7
73,2025,Marine Johannes,NYL,G,44,803,5,100,252,0.397,65,189,0.344,35,63,0.556,16,19,0.842,13,84,70,25,12,52,46,281
74,2025,Brionna Jones,ATL,F,44,1169,44,225,427,0.527,12,46,0.261,213,381,0.559,102,132,0.773,136,319,95,48,36,64,109,564
75,2025,Jonquel Jones,NYL,C,31,830,31,150,306,0.49,53,125,0.424,97,181,0.536,70,91,0.769,45,251,85,15,33,65,79,423
76,2025,Elizabeth Kitley,LVA,C,12,98,1,7,23,0.304,0,1,0.0,7,22,0.318,1,2,0.5,4,17,1,4,6,7,18,15
77,2025,Anastasiia Kosu,MIN,F,21,80,0,13,29,0.448,0,2,0.0,13,27,0.481,9,15,0.6,10,15,5,1,4,7,9,35
78,2025,Leïla Lacan,CON,G,25,665,15,104,218,0.477,15,67,0.224,89,151,0.589,36,42,0.857,17,59,92,55,4,47,83,259
79,2025,Kitija Laksa,PHO,G,33,626,5,66,180,0.367,38,120,0.317,28,60,0.467,26,32,0.813,11,40,21,12,6,19,48,196
80,2025,Kyra Lambert,IND,G,1,0,0,0,0,,0,0,,0,0,,0,0,,0,0,0,0,0,0,0,0
81,2025,Carla Leite,GSV,G,37,637,6,86,222,0.387,13,75,0.173,73,147,0.497,83,99,0.838,9,48,75,26,3,57,55,268
82,2025,Kyara Linskens,GSV,C,4,27,0,2,5,0.4,0,1,0.0,2,4,0.5,0,0,,1,6,1,1,3,2,7,4
83,2025,Jewell Loyd,LVA,G,44,1245,25,166,427,0.389,100,262,0.382,66,165,0.4,59,71,0.831,49,142,81,52,11,53,85,491
84,2025,Marina Mabrey,CON,G,35,1103,34,179,488,0.367,66,244,0.27,113,244,0.463,80,92,0.87,17,146,141,24,10,98,100,504
85,2025,Natasha Mack,PHO,F-C,34,623,23,71,124,0.573,0,4,0.0,71,120,0.592,17,36,0.472,78,197,30,30,52,15,55,159
86,2025,Ezi Magbegor,SEA,F-C,44,1203,44,141,286,0.493,14,48,0.292,127,238,0.534,57,83,0.687,85,272,92,30,96,43,126,353
87,2025,Dominique Malonga,SEA,C,42,600,0,145,263,0.551,4,18,0.222,141,245,0.576,29,51,0.569,54,195,36,17,28,48,87,323
88,2025,Rayah Marshall,CON,C-F,15,90,0,9,26,0.346,0,1,0.0,9,25,0.36,7,12,0.583,7,26,4,2,3,7,12,25
89,2025,Kate Martin,GSV,G,42,687,4,86,266,0.323,57,184,0.31,29,82,0.354,32,41,0.78,20,112,40,17,4,34,48,261
90,2025,Kayla McBride,MIN,G,39,1220,39,178,428,0.416,103,261,0.395,75,167,0.449,95,105,0.905,10,89,137,49,3,67,53,554
91,2025,Megan McConnell,PHO,G,1,13,0,1,4,0.25,1,2,0.5,0,2,0.0,0,0,,1,1,3,1,0,0,1,3
92,2025,Teaira McCowan,DAL,C,17,219,0,36,67,0.537,1,2,0.5,35,65,0.538,22,29,0.759,30,78,10,5,12,16,24,95
93,2025,Aari McDonald,IND,G,20,525,13,66,154,0.429,24,78,0.308,42,76,0.553,40,51,0.784,9,47,94,25,3,46,50,196
94,2025,Emma Meesseman,NYL,F,17,440,12,91,159,0.572,14,21,0.667,77,138,0.558,32,37,0.865,22,87,54,21,13,36,26,228
95,2025,Jade Melbourne,WAS,G,43,1008,12,90,225,0.4,26,95,0.274,64,130,0.492,49,73,0.671,17,80,124,26,8,72,101,255
96,2025,Kelsey Mitchell,IND,G,44,1381,44,315,691,0.456,111,282,0.394,204,409,0.499,149,190,0.784,18,77,150,39,7,78,88,890
97,2025,Aneesah Morrow,CON,F,41,775,23,112,299,0.375,18,75,0.24,94,224,0.42,72,95,0.758,84,282,21,32,18,45,81,314
98,2025,Murjanatu Musa,PHO,C,12,122,0,16,35,0.457,1,2,0.5,15,33,0.455,7,11,0.636,18,31,7,4,2,7,17,40
99,2025,Olivia Nelson-Ododa,CON,C,37,800,21,113,215,0.526,1,2,0.5,112,213,0.526,78,111,0.703,60,184,34,27,43,40,89,305
100,2025,Kia Nurse,CHI,G,44,962,18,103,291,0.354,61,182,0.335,42,109,0.385,49,62,0.79,18,103,55,14,2,55,72,316
101,2025,Aaliyah Nye,LVA,G-F,44,671,2,59,171,0.345,37,118,0.314,22,53,0.415,14,17,0.824,15,66,24,13,9,27,57,169
102,2025,Arike Ogunbowale,DAL,G,29,966,29,147,404,0.364,48,158,0.304,99,246,0.402,108,116,0.931,10,72,120,39,7,60,74,450
103,2025,Nneka Ogwumike,SEA,F,44,1359,44,320,617,0.519,66,180,0.367,254,437,0.581,97,118,0.822,59,309,99,50,18,85,83,803
104,2025,Amy Okonkwo,DAL,F,8,157,1,30,61,0.492,10,30,0.333,20,31,0.645,18,20,0.9,7,25,6,11,1,7,11,88
105,2025,Lucy Olsen,WAS,G,41,508,0,66,159,0.415,19,70,0.271,47,89,0.528,14,17,0.824,11,48,49,15,5,21,45,165
106,2025,Michaela Onyenwere,CHI,F,42,711,22,89,211,0.422,24,68,0.353,65,143,0.455,43,51,0.843,17,69,48,16,4,56,75,245
107,2025,Te-Hina PaoPao,ATL,G,43,720,15,96,218,0.44,51,132,0.386,45,86,0.523,7,13,0.538,10,69,105,20,9,44,48,250
108,2025,Cheyenne Parker-Tyus,LVA,F,2,14,0,5,8,0.625,1,2,0.5,4,6,0.667,5,6,0.833,0,2,0,0,0,1,2,16
109,2025,Robyn Parks,CON,F,6,63,0,1,5,0.2,0,4,0.0,1,1,1.0,0,0,,1,9,2,2,0,1,7,2
110,2025,Haley Peters,CON,F-G,33,380,2,25,82,0.305,8,39,0.205,17,43,0.395,10,13,0.769,25,74,25,11,3,22,50,68
111,2025,Ajae Petty,DAL,F,2,6,0,0,0,,0,0,,0,0,,0,0,,0,1,0,0,0,0,1,0
112,2025,Kelsey Plum,LAS,G,43,1508,43,261,618,0.422,99,279,0.355,162,339,0.478,218,244,0.893,10,132,247,53,4,131,117,839
113,2025,Alexis Prince,PHO,F,1,22,0,1,3,0.333,0,1,0.0,1,2,0.5,0,0,,0,8,1,0,0,3,1,2
114,2025,JJ Quinerly,DAL,G,34,539,13,80,188,0.426,21,54,0.389,59,134,0.44,39,45,0.867,18,63,78,29,7,52,70,220
115,2025,Angel Reese,CHI,F,30,947,30,153,334,0.458,4,22,0.182,149,312,0.478,130,172,0.756,123,377,110,44,20,118,103,440
116,2025,Saniya Rivers,CON,G,42,1097,25,142,349,0.407,43,126,0.341,99,223,0.444,44,59,0.746,29,118,113,62,38,62,70,371
117,2025,Iliana Rupert,GSV,C,21,486,11,67,153,0.438,46,104,0.442,21,49,0.429,15,16,0.938,21,81,33,13,12,20,48,195
118,2025,Mercedes Russell,LAS,C,20,163,0,12,27,0.444,0,0,,12,27,0.444,10,14,0.714,10,24,12,5,4,7,17,34
119,2025,Nyara Sabally,NYL,F,17,305,10,37,76,0.487,1,7,0.143,36,69,0.522,17,25,0.68,27,77,13,9,17,16,37,92
120,2025,Satou Sabally,PHO,F,39,1039,39,208,515,0.404,67,209,0.321,141,306,0.461,153,185,0.827,54,231,98,49,13,77,115,636
121,2025,Janelle Salaün,GSV,F,36,973,33,147,362,0.406,63,172,0.366,84,190,0.442,50,62,0.806,32,183,43,22,3,53,70,407
122,2025,Karlie Samuelson,MIN,G,16,228,4,14,42,0.333,12,34,0.353,2,8,0.25,13,14,0.929,3,20,17,6,1,11,26,53
123,2025,Madison Scott,WAS,G-F,9,47,0,5,11,0.455,0,1,0.0,5,10,0.5,4,4,1.0,1,1,2,2,0,1,8,14
124,2025,Jessica Shepard,MIN,F,40,835,12,132,207,0.638,0,1,0.0,132,206,0.641,56,103,0.544,92,293,104,19,4,58,44,320
125,2025,Maddy Siegrist,DAL,F,26,702,15,132,269,0.491,26,81,0.321,106,188,0.564,40,58,0.69,52,111,21,19,15,14,50,330
126,2025,Kamiah Smalls,ATL,G,3,3,0,0,0,,0,0,,0,0,,0,0,,0,0,0,0,0,0,0,0
127,2025,Alanna Smith,MIN,F,42,1114,42,160,330,0.485,53,161,0.329,107,169,0.633,31,65,0.477,65,214,121,55,80,65,116,404
128,2025,Azura Stevens,LAS,F-C,44,1249,44,204,427,0.478,74,194,0.381,130,233,0.558,79,100,0.79,74,352,94,54,47,64,98,561
129,2025,Breanna Stewart,NYL,F,31,948,31,188,408,0.461,21,87,0.241,167,321,0.52,169,202,0.837,31,203,108,42,42,60,59,566
130,2025,Kiah Stokes,LVA,C,40,514,18,18,51,0.353,3,23,0.13,15,28,0.536,5,8,0.625,29,144,17,17,14,16,47,44
131,2025,Serena Sundell,DAL,G,3,22,0,0,1,0.0,0,1,0.0,0,0,,0,0,,0,1,0,0,0,2,4,0
132,2025,Sug Sutton,WAS,G,43,1122,43,119,282,0.422,42,119,0.353,77,163,0.472,37,48,0.771,8,77,166,33,3,83,58,317
133,2025,Camryn Taylor,MIN,F,6,23,0,1,7,0.143,1,3,0.333,0,4,0.0,0,2,0.0,2,6,1,0,0,3,4,3
134,2025,Taylor Thierry,ATL,G-F,17,36,0,2,11,0.182,1,3,0.333,1,8,0.125,1,4,0.25,2,6,2,4,0,1,1,6
135,2025,Alyssa Thomas,PHO,F,39,1221,39,241,453,0.532,0,6,0.0,241,447,0.539,117,169,0.692,64,344,357,62,17,135,82,599
136,2025,Kayla Thornton,GSV,F,22,662,22,100,276,0.362,40,142,0.282,60,134,0.448,68,82,0.829,40,154,33,29,5,36,52,308
137,2025,Makayla Timpson,IND,F-C,31,219,0,32,57,0.561,0,0,,32,57,0.561,18,27,0.667,18,57,1,13,8,8,24,82
138,2025,Mamignan Touré,CON,G,18,147,0,14,39,0.359,8,22,0.364,6,17,0.353,0,0,,4,7,9,7,0,8,19,36
139,2025,Brianna Turner,IND,F-C,27,233,0,13,32,0.406,0,1,0.0,13,31,0.419,4,8,0.5,18,50,17,2,8,9,23,30
140,2025,Maria Kliundikova,MIN,F,34,373,1,64,128,0.5,8,25,0.32,56,103,0.544,12,21,0.571,43,102,19,25,26,23,48,148
141,2025,Courtney Vandersloot,CHI,G,7,191,7,29,66,0.439,5,23,0.217,24,43,0.558,11,13,0.846,2,22,37,11,2,17,13,74
142,2025,Hailey Van Lith,CHI,G,29,361,0,37,109,0.339,5,31,0.161,32,78,0.41,23,31,0.742,4,31,45,12,4,36,22,102
143,2025,Shatori Walker-Kimbrough,ATL,G,41,354,1,26,63,0.413,11,31,0.355,15,32,0.469,8,11,0.727,3,37,22,10,11,15,24,71
144,2025,Kathryn Westbeld,PHO,F,43,792,24,77,215,0.358,42,131,0.321,35,84,0.417,25,32,0.781,30,109,39,36,24,24,66,221
145,2025,Maddy Westbeld,CHI,F,26,354,1,38,105,0.362,17,43,0.395,21,62,0.339,14,16,0.875,21,62,23,13,7,16,42,107
146,2025,Erica Wheeler,SEA,G,44,1126,24,168,420,0.4,76,204,0.373,92,216,0.426,43,50,0.86,17,119,144,56,9,68,112,455
147,2025,Sami Whitcomb,PHO,G,43,1027,20,129,335,0.385,86,238,0.361,43,97,0.443,46,54,0.852,16,113,108,33,7,67,90,390
148,2025,Christyn Williams,DAL,G,4,45,0,6,16,0.375,1,4,0.25,5,12,0.417,4,6,0.667,2,4,3,0,0,1,4,17
149,2025,Courtney Williams,MIN,G,44,1260,44,248,580,0.428,58,149,0.389,190,431,0.441,45,53,0.849,23,216,271,55,14,101,86,599
150,2025,Elizabeth Williams,CHI,C-F,43,906,15,157,327,0.48,0,0,,157,327,0.48,50,81,0.617,79,223,78,31,39,56,62,364
151,2025,Gabby Williams,SEA,F,44,1391,44,198,469,0.422,50,164,0.305,148,305,0.485,64,75,0.853,24,189,185,99,21,84,64,510
152,2025,Kiana Williams,PHO,G,11,107,0,17,40,0.425,9,26,0.346,8,14,0.571,2,4,0.5,0,11,10,3,0,6,6,45
153,2025,A'ja Wilson,LVA,C,40,1247,40,332,658,0.505,25,59,0.424,307,599,0.513,248,290,0.855,91,407,122,64,92,87,75,937
154,2025,Jackie Young,LVA,G,44,1336,44,260,547,0.475,80,223,0.359,180,324,0.556,127,142,0.894,52,196,226,57,18,98,106,727
155,2025,Cecilia Zandalasini,GSV,F,19,450,10,67,150,0.447,37,91,0.407,30,59,0.508,28,32,0.875,5,56,32,18,4,25,33,199
156,2025,Grace Berger,TOT,G,19,418,13,26,89,0.292,2,23,0.087,24,66,0.364,10,15,0.667,12,63,58,14,7,21,37,64
157,2025,Chloe Bibby,TOT,F,14,154,0,21,55,0.382,17,42,0.405,4,13,0.308,8,9,0.889,5,25,7,8,1,7,13,67
158,2025,DeWanna Bonner,TOT,F-G,33,778,4,105,257,0.409,40,120,0.333,65,137,0.474,75,86,0.872,29,137,38,28,9,28,43,325
159,2025,DiJonai Carrington,TOT,G-F,31,680,14,107,277,0.386,23,72,0.319,84,205,0.41,66,82,0.805,48,124,48,34,13,59,78,303
160,2025,Kaila Charles,TOT,G-F,35,616,12,79,188,0.42,25,72,0.347,54,116,0.466,40,49,0.816,46,149,35,28,7,38,69,223
161,2025,Alysha Clark,TOT,F,42,828,15,59,159,0.371,26,96,0.271,33,63,0.524,19,26,0.731,16,117,51,26,4,22,81,163
162,2025,Marquesha Davis,TOT,G,11,52,0,2,10,0.2,0,4,0.0,2,6,0.333,6,7,0.857,3,7,1,0,2,6,3,10
163,2025,Aaliyah Edwards,TOT,F,36,534,0,69,154,0.448,0,9,0.0,69,145,0.476,56,87,0.644,47,132,20,23,14,41,56,194
164,2025,Bree Hall,TOT,G,4,17,0,1,5,0.2,0,2,0.0,1,3,0.333,1,3,0.333,0,3,0,0,0,3,4,3
165,2025,Haley Jones,TOT,F-G,28,594,16,85,188,0.452,12,39,0.308,73,149,0.49,22,35,0.629,18,98,64,21,22,48,64,204
166,2025,Liatu King,TOT,F,14,136,0,13,27,0.481,1,6,0.167,12,21,0.571,11,15,0.733,12,29,4,2,0,11,14,38
167,2025,Sika Koné,TOT,F,19,85,0,7,22,0.318,1,5,0.2,6,17,0.353,12,13,0.923,3,19,6,0,0,6,12,27
168,2025,Diamond Miller,TOT,F,40,434,1,54,134,0.403,17,51,0.333,37,83,0.446,35,46,0.761,11,52,31,12,7,34,65,160
169,2025,Tiffany Mitchell,TOT,G,39,510,3,40,102,0.392,11,30,0.367,29,72,0.403,35,47,0.745,11,42,12,14,8,24,52,126
170,2025,Shey Peddy,TOT,G,15,265,5,27,55,0.491,16,35,0.457,11,20,0.55,7,9,0.778,7,25,31,6,0,13,20,77
171,2025,Alissa Pili,TOT,F,19,99,0,13,28,0.464,4,12,0.333,9,16,0.563,13,15,0.867,4,19,3,2,1,8,13,43
172,2025,Aerial Powers,TOT,G,10,167,0,27,65,0.415,7,19,0.368,20,46,0.435,13,19,0.684,10,39,20,8,1,11,19,74
173,2025,Jacy Sheldon,TOT,G,30,708,17,83,178,0.466,36,91,0.396,47,87,0.54,22,25,0.88,22,57,56,27,6,31,72,224
174,2025,Jaylyn Sherrod,TOT,G,26,142,0,9,28,0.321,3,13,0.231,6,15,0.4,9,13,0.692,2,15,12,11,0,12,19,30
175,2025,Odyssey Sims,TOT,G,24,671,21,89,215,0.414,21,64,0.328,68,151,0.45,43,55,0.782,10,57,90,17,1,33,48,242
176,2025,NaLyssa Smith,TOT,F,45,956,41,134,267,0.502,8,27,0.296,126,240,0.525,66,108,0.611,74,231,33,25,29,51,131,342
177,2025,Brittney Sykes,TOT,G,39,1194,38,174,457,0.381,31,102,0.304,143,355,0.403,171,219,0.781,20,123,155,48,14,98,99,550
178,2025,Stephanie Talbot,TOT,F,38,541,10,39,104,0.375,16,56,0.286,23,48,0.479,18,28,0.643,26,101,66,19,6,40,43,112
179,2025,Sevgi Uzun,TOT,G,25,439,3,31,95,0.326,5,30,0.167,26,65,0.4,11,16,0.688,1,31,63,13,3,43,37,78
180,2025,Julie Vanloo,TOT,G,35,449,2,33,111,0.297,25,92,0.272,8,19,0.421,8,10,0.8,4,32,68,15,0,49,45,99
181,2025,Li Yueru,TOT,C,31,519,12,62,153,0.405,20,55,0.364,42,98,0.429,43,50,0.86,52,141,29,9,9,30,57,187
